0.0,14.64175,0.5,1.5707963267948966,4.178775273662521e-26,-7.047479433793831e-27,2.508210476562274e-23,6.0,2.0,1.0
0.02,14.64175,0.5,1.5707963267948966,-0.03806824727415139,0.012280410962574784,1.0308729071277031e-16,0.0,-1.0,-1.0
0.04,14.64175,0.5,1.5707963267948966,-0.07613649454830278,0.024560821925149568,2.0617455634343586e-16,0.0,-1.0,-1.0
0.06,14.64175,0.5,1.5707963267948966,-0.11420474182245416,0.03684123288772435,3.0926182197410143e-16,0.0,-1.0,-1.0
0.08,14.64175,0.5,1.5707963267948966,-0.15227298909660555,0.049121643850299136,4.12349087604767e-16,0.0,-1.0,-1.0
0.1,14.64175,0.5,1.5707963267948966,-0.19034123637075695,0.06140205481287392,5.154363532354325e-16,0.0,-1.0,-1.0
0.12,14.640063890916792,0.5005439208251541,1.5707963267948966,-0.2285512563704409,0.0732187529717219,4.890510010517921e-16,0.0,-1.0,-1.0
0.14,14.63579652986733,0.5019205260319995,1.5707963267948966,-0.2669783151905587,0.08432555661762457,2.644569726695363e-16,0.0,-1.0,-1.0
0.16,14.631529168817867,0.503297131238845,1.5707963267948966,-0.3054053740106764,0.09543236026352725,3.986294428728082e-17,0.0,-1.0,-1.0
0.18,14.627261807768406,0.5046737364456905,1.5707963267948966,-0.3438324328307941,0.10653916390942991,-1.8473108409497474e-16,0.0,-1.0,-1.0
0.2,14.622994446718943,0.5060503416525358,1.5707963267948966,-0.3822594916509119,0.1176459675553326,-4.093251124772305e-16,0.0,-1.0,-1.0
0.22,14.618727085669482,0.5074269468593813,1.5707963267948966,-0.42068655047102965,0.1287527712012353,-6.339191408594861e-16,0.0,-1.0,-1.0
0.24,14.611055721674942,0.5097874314856232,1.5707963267948966,-0.45942046535963965,0.13871836533116993,-6.212022422954297e-16,0.0,-1.0,-1.0
0.26,14.602480777645013,0.512409083277388,1.5707963267948966,-0.4982358340606292,0.14838102960132987,-5.454920328476342e-16,0.0,-1.0,-1.0
0.28,14.593905833615084,0.5150307350691528,1.5707963267948966,-0.5370512027616188,0.1580436938714898,-4.697818233998386e-16,0.0,-1.0,-1.0
0.3,14.585330889585155,0.5176523868609175,1.5707963267948966,-0.5758665714626083,0.16770635814164972,-3.9407161395204327e-16,0.0,-1.0,-1.0
0.32,14.576755945555226,0.5202740386526823,1.5707963267948966,-0.6146819401635979,0.17736902241180968,-3.183614045042477e-16,0.0,-1.0,-1.0
0.34,14.567374511947035,0.5230964572616367,1.5707963267948966,-0.653572657669684,0.18669595460122,-2.5757691010542204e-16,0.0,-1.0,-1.0
0.36,14.554448456311619,0.5268012710083912,1.5707963267948966,-0.692794542547883,0.19454730252922714,-2.6239279016968763e-16,0.0,-1.0,-1.0
0.38,14.541522400676202,0.5305060847551458,1.5707963267948966,-0.7320164274260822,0.20239865045723432,-2.672086702339532e-16,0.0,-1.0,-1.0
0.4,14.528596345040787,0.5342108985019004,1.5707963267948966,-0.7712383123042814,0.21024999838524147,-2.720245502982188e-16,0.0,-1.0,-1.0
0.42,14.51567028940537,0.5379157122486551,1.5707963267948966,-0.8104601971824805,0.21810134631324862,-2.768404303624844e-16,0.0,-1.0,-1.0
0.44,14.502744233769954,0.5416205259954097,1.5707963267948966,-0.8496820820606796,0.2259526942412558,-2.8165631042675e-16,0.0,-1.0,-1.0
0.46,14.487266036427059,0.545836221678849,1.5707963267948966,-0.8891326371377614,0.23245685511138361,-2.343533675496985e-16,0.0,-1.0,-1.0
0.48,14.469943299678107,0.5504211530756878,1.5707963267948966,-0.9287484617183321,0.23798734762747564,-1.493819745114377e-16,0.0,-1.0,-1.0
0.5,14.452620562929155,0.5550060844725266,1.5707963267948966,-0.968364286298903,0.2435178401435677,-6.441058147317668e-17,0.0,-1.0,-1.0
0.52,14.435297826180202,0.5595910158693654,1.5707963267948966,-1.007980110879474,0.24904833265965973,2.0560811565084392e-17,0.0,-1.0,-1.0
0.54,14.41797508943125,0.5641759472662042,1.5707963267948966,-1.0475959354600448,0.25457882517575176,1.0553220460334541e-16,0.0,-1.0,-1.0
0.56,14.400652352682297,0.568760878663043,1.5707963267948966,-1.087211760040616,0.2601093176918438,1.9050359764160643e-16,0.0,-1.0,-1.0
0.58,14.378997186852088,0.5739506306552896,1.5707963267948966,-1.127126794802142,0.26267198092135796,3.023607786330791e-16,0.0,-1.0,-1.0
0.6,14.357233609274822,0.5791555172651318,1.5707963267948966,-1.1670493167949296,0.265160379217299,4.1489073122413043e-16,0.0,-1.0,-1.0
0.62,14.335470031697554,0.584360403874974,1.5707963267948966,-1.2069718387877173,0.2676487775132401,5.274206838151819e-16,0.0,-1.0,-1.0
0.64,14.313706454120286,0.5895652904848162,1.5707963267948966,-1.246894360780505,0.2701371758091812,6.399506364062332e-16,0.0,-1.0,-1.0
0.66,14.291942876543018,0.5947701770946584,1.5707963267948966,-1.2868168827732926,0.2726255741051222,7.524805889972846e-16,0.0,-1.0,-1.0
0.68,14.26852031186849,0.6000784695130453,1.5707963267948966,-1.3267564849067675,0.273604069543092,8.222615337401158e-16,0.0,-1.0,-1.0
0.7000000000000001,14.242281513403816,0.6055622997234997,1.5707963267948966,-1.3667250816414807,0.2720194109604648,8.1947337858077165e-16,0.0,-1.0,-1.0
0.72,14.216042714939139,0.611046129933954,1.5707963267948966,-1.4066936783761934,0.2704347523778375,8.166852234214274e-16,0.0,-1.0,-1.0
0.74,14.189803916474464,0.6165299601444084,1.5707963267948966,-1.4466622751109066,0.26885009379521024,8.138970682620833e-16,0.0,-1.0,-1.0
0.76,14.163565118009789,0.6220137903548628,1.5707963267948966,-1.4866308718456196,0.267265435212583,8.111089131027391e-16,0.0,-1.0,-1.0
0.78,14.137326319545112,0.6274976205653171,1.5707963267948966,-1.5265994685803326,0.2656807766299557,8.08320757943395e-16,0.0,-1.0,-1.0
0.8,14.107656340463503,0.6328454127294709,1.5707963267948966,-1.5661053140631975,0.2598702770363785,6.677902768064711e-16,0.0,-1.0,-1.0
0.8200000000000001,14.076937156241137,0.6381516064371595,1.5707963267948966,-1.6054696569419924,0.2527675767085026,4.851401952607706e-16,0.0,-1.0,-1.0
0.84,14.04621797201877,0.6434578001448482,1.5707963267948966,-1.644833999820787,0.24566487638062676,3.024901137150712e-16,0.0,-1.0,-1.0
0.86,14.015498787796403,0.6487639938525369,1.5707963267948966,-1.684198342699582,0.23856217605275087,1.1984003216937073e-16,0.0,-1.0,-1.0
0.88,13.984779603574037,0.6540701875602256,1.5707963267948966,-1.7235626855783766,0.23145947572487502,-6.281004937632974e-17,0.0,-1.0,-1.0
0.9,13.953350246964453,0.6592482414012574,1.5707963267948966,-1.76259463605103,0.22317441152570064,-1.889428332666666e-16,0.0,-1.0,-1.0
0.92,13.918218412421496,0.6637582390953262,1.5707963267948966,-1.7998936614323757,0.2087251029521897,-2.0423147996071675e-17,0.0,-1.0,-1.0
0.9400000000000001,13.883086577878538,0.6682682367893948,1.5707963267948966,-1.8371926868137212,0.19427579437867878,1.4809653727452323e-16,0.0,-1.0,-1.0
0.96,13.84795474333558,0.6727782344834635,1.5707963267948966,-1.8744917121950666,0.17982648580516794,3.166162225451172e-16,0.0,-1.0,-1.0
0.98,13.812822908792622,0.6772882321775323,1.5707963267948966,-1.9117907375764123,0.165377177231657,4.851359078157122e-16,0.0,-1.0,-1.0
1.0,13.777691074249665,0.681798229871601,1.5707963267948966,-1.9490897629577577,0.1509278686581461,6.53655593086307e-16,0.0,-1.0,-1.0
1.02,13.740234288823373,0.6854075624038304,1.5707963267948966,-1.983685990371734,0.13149918862186935,-0.007516361591262987,0.0,-1.0,-1.0
1.04,13.70092132119727,0.6882978265663234,1.5707963267948966,-2.0161243719952138,0.1080951038827734,-0.021033596875408837,0.0,-1.0,-1.0
1.06,13.66160835357117,0.6911880907288166,1.5707963267948966,-2.048562753618693,0.08469101914367744,-0.034550832159554686,0.0,-1.0,-1.0
1.08,13.622295385945067,0.6940783548913096,1.5707963267948966,-2.0810011352421727,0.06128693440458148,-0.04806806744370054,0.0,-1.0,-1.0
1.1,13.582982418318966,0.6969686190538028,1.5707963267948966,-2.113439516865652,0.037882849665485524,-0.06158530272784639,0.0,-1.0,-1.0
1.12,13.543669450692866,0.6998588832162959,1.5707963267948966,-2.1458778984891316,0.014478764926389553,-0.07510253801199225,0.0,-1.0,-1.0
1.1400000000000001,13.50089775697128,0.7002536986363826,1.5693550583938176,-2.1820288802545393,-0.0025599802696532736,-0.08481803298343678,2.0,-1.0,-1.0
1.16,13.457948523003555,0.7005204199051178,1.567839808087373,-2.2183704339024333,-0.019271985527913517,-0.09433838040857434,0.0,-1.0,-1.0
1.18,13.41499928903583,0.7007871411738529,1.5663245577809282,-2.2547119875503276,-0.035983990786173946,-0.103858727833712,0.0,-1.0,-1.0
1.2,13.372050055068105,0.701053862442588,1.5648093074744833,-2.291053541198222,-0.05269599604443438,-0.11337907525884966,0.0,-1.0,-1.0
1.22,13.32910082110038,0.7013205837113231,1.5632940571680385,-2.3273950948461164,-0.06940800130269481,-0.12289942268398732,0.0,-1.0,-1.0
1.24,13.28416158999093,0.7006721860773659,1.5612574900145544,-2.363504821599184,-0.07626627299594413,-0.1286405194293635,0.0,-1.0,-1.0
1.26,13.237252082211663,0.699117738185204,1.5587047721592577,-2.3993850188153814,-0.07336845964429653,-0.13063981711000147,0.0,-1.0,-1.0
1.28,13.190342574432396,0.6975632902930421,1.556152054303961,-2.435265216031579,-0.07047064629264892,-0.13263911479063947,0.0,-1.0,-1.0
1.3,13.14343306665313,0.6960088424008801,1.5535993364486644,-2.4711454132477764,-0.06757283294100132,-0.13463841247127745,0.0,-1.0,-1.0
1.32,13.096523558873862,0.6944543945087183,1.5510466185933678,-2.507025610463974,-0.06467501958935372,-0.13663771015191545,0.0,-1.0,-1.0
1.34,13.049403675809975,0.6929169372787023,1.5484821783159208,-2.5421517105476976,-0.06103884186679934,-0.13842168032576005,0.0,-1.0,-1.0
1.36,12.998584169939681,0.6916782748490568,1.545711589581387,-2.56401639090442,-0.04441791799896387,-0.13641893878385003,0.0,-1.0,-1.0
1.3800000000000001,12.947764664069386,0.6904396124194112,1.5429410008468536,-2.5858810712611424,-0.0277969941311284,-0.13441619724194,0.0,-1.0,-1.0
1.4000000000000001,12.896945158199092,0.6892009499897657,1.5401704121123199,-2.6077457516178653,-0.011176070263292925,-0.13241345570003,0.0,-1.0,-1.0
1.42,12.846125652328798,0.6879622875601201,1.5373998233777864,-2.629610431974587,0.00544485360454236,-0.13041071415812,0.0,-1.0,-1.0
1.44,12.795306146458504,0.6867236251304747,1.5346292346432526,-2.65147511233131,0.022065777472377826,-0.12840797261620998,0.0,-1.0,-1.0
1.46,12.743044838257966,0.6865809808621955,1.5319907108360307,-2.664008606354804,0.04602261671888783,-0.12581793926368479,0.0,-1.0,-1.0
1.48,12.689842657121407,0.6871535621167127,1.5294383682710626,-2.6704528740691527,0.07476663385792608,-0.12284465852796153,0.0,-1.0,-1.0
1.5,12.636640475984848,0.6877261433712301,1.5268860257060943,-2.676897141783501,0.10351065099696433,-0.11987137779223825,0.0,-1.0,-1.0
1.52,12.583438294848289,0.6882987246257473,1.5243336831411263,-2.683341409497849,0.1322546681360026,-0.11689809705651498,0.0,-1.0,-1.0
1.54,12.53023611371173,0.6888713058802646,1.5217813405761582,-2.6897856772121975,0.16099868527504083,-0.11392481632079171,0.0,-1.0,-1.0
1.56,12.476924076063726,0.6899338912109305,1.5192796840260567,-2.6935761986772446,0.1912832399295709,-0.11036670958762614,0.0,-1.0,-1.0
1.58,12.423019639186784,0.693638814561142,1.5170513508841894,-2.683056442024062,0.22987511496338028,-0.10365493935842181,0.0,-1.0,-1.0
1.6,12.36911520230984,0.6973437379113533,1.514823017742322,-2.672536685370879,0.2684669899971897,-0.09694316912921747,0.0,-1.0,-1.0
1.62,12.3152107654329,0.7010486612615647,1.512594684600455,-2.6620169287176965,0.3070588650309991,-0.09023139890001314,0.0,-1.0,-1.0
1.6400000000000001,12.261306328555957,0.7047535846117762,1.5103663514585877,-2.6514971720645137,0.3456507400648085,-0.0835196286708088,0.0,-1.0,-1.0
1.6600000000000001,12.207401891679014,0.7084585079619876,1.5081380183167203,-2.6409774154113306,0.3842426150986179,-0.07680785844160447,0.0,-1.0,-1.0
1.68,12.154308801235025,0.7151398670969737,1.5064273369622279,-2.6183677757664596,0.41601084153924656,-0.06303375974814567,0.0,-1.0,-1.0
1.7,12.101550741235116,0.7230502901216198,1.5049304103013639,-2.5907658434300047,0.44496136899758715,-0.04634340365154248,0.0,-1.0,-1.0
1.72,12.048792681235206,0.7309607131462659,1.5034334836405001,-2.56316391109355,0.4739118964559277,-0.029653047554939298,0.0,-1.0,-1.0
1.74,11.996034621235296,0.7388711361709119,1.5019365569796364,-2.535561978757095,0.5028624239142683,-0.01296269145833611,0.0,-1.0,-1.0
1.76,11.943276561235388,0.7467815591955581,1.5004396303187724,-2.50796004642064,0.5318129513726089,0.0037276646382670697,0.0,-1.0,-1.0
1.78,11.89129773318347,0.7555092864448416,1.4994138901869998,-2.4797894600379715,0.5601768116714068,0.022684341288273173,0.0,-1.0,-1.0
1.8,11.841547558064846,0.7665745557601668,1.4997357734976382,-2.449992486914627,0.5868627665797066,0.04812283886740096,0.0,-1.0,-1.0
1.82,11.791797382946225,0.777639825075492,1.5000576568082766,-2.4201955137912816,0.6135487214880063,0.07356133644652874,0.0,-1.0,-1.0
1.84,11.742047207827602,0.7887050943908173,1.500379540118915,-2.390398540667937,0.640234676396306,0.09899983402565653,0.0,-1.0,-1.0
1.86,11.692297032708979,0.7997703637061424,1.5007014234295535,-2.3606015675445917,0.6669206313046058,0.1244383316047843,0.0,-1.0,-1.0
1.8800000000000001,11.642546857590357,0.8108356330214677,1.501023306740192,-2.330804594421247,0.6936065862129055,0.14987682918391207,0.0,-1.0,-1.0
1.9000000000000001,11.595428049212247,0.8242575354717705,1.503591660394688,-2.294081959294036,0.7078994466258243,0.17053559680476493,0.0,-1.0,-1.0
1.92,11.548924960706017,0.8382308722127003,1.5066856710817083,-2.255738771753494,0.7192924168647887,0.19007594384508203,0.0,-1.0,-1.0
1.94,11.502421872199786,0.8522042089536304,1.5097796817687286,-2.217395584212951,0.7306853871037533,0.20961629088539932,0.0,-1.0,-1.0
1.96,11.455918783693557,0.8661775456945604,1.5128736924557489,-2.1790523966724087,0.7420783573427179,0.2291566379257166,0.0,-1.0,-1.0
1.98,11.409415695187326,0.8801508824354904,1.515967703142769,-2.140709209131866,0.7534713275816824,0.24869698496603393,0.0,-1.0,-1.0
2.0,11.364423901984093,0.8945732726723283,1.5198318958776365,-2.102074466820255,0.7577755995447052,0.25869196351957746,0.0,-1.0,-1.0
2.02,11.322099212754322,0.9097881436115536,1.5250552906136152,-2.0629251944317906,0.749569877398067,0.2518414651046126,0.0,-1.0,-1.0
2.04,11.279774523524553,0.9250030145507788,1.5302786853495942,-2.0237759220433262,0.7413641552514288,0.24499096668964776,0.0,-1.0,-1.0
2.06,11.237449834294782,0.9402178854900041,1.535502080085573,-1.984626649654862,0.7331584331047907,0.23814046827468288,0.0,-1.0,-1.0
2.08,11.195125145065013,0.9554327564292293,1.5407254748215518,-1.9454773772663976,0.7249527109581524,0.23128996985971803,0.0,-1.0,-1.0
2.1,11.152800455835242,0.9706476273684546,1.5459488695575305,-1.9063281048779332,0.7167469888115142,0.22443947144475318,0.0,-1.0,-1.0
2.12,11.114370875103114,0.9850460801187159,1.5504906824157052,-1.875038269029836,0.6924491223047666,0.18633526358982921,0.0,-1.0,-1.0
2.14,11.076312427203671,0.9993667430987281,1.5549675529460418,-1.844497294207898,0.6666179677974443,0.14525314697486919,0.0,-1.0,-1.0
2.16,11.038253979304228,1.0136874060787402,1.5594444234763787,-1.8139563193859605,0.640786813290122,0.10417103035990916,0.0,-1.0,-1.0
2.18,11.000195531404785,1.0280080690587523,1.5639212940067155,-1.7834153445640226,0.6149556587827998,0.06308891374494913,0.0,-1.0,-1.0
2.2,10.962137083505342,1.0423287320387646,1.5683981645370524,-1.752874369742085,0.5891245042754775,0.022006797129989097,0.0,-1.0,-1.0
2.22,10.925623974119183,1.0553423680448342,1.5707963267948966,-1.7297405385720401,0.5579937189470087,-6.231780261409553e-16,0.0,-1.0,-1.0
2.24,10.890893689455085,1.0668481143675022,1.5707963267948966,-1.7151521741129634,0.5207488603818267,-5.673149629285067e-16,0.0,-1.0,-1.0
2.2600000000000002,10.856163404790989,1.0783538606901701,1.5707963267948966,-1.7005638096538866,0.4835040018166446,-5.114518997160581e-16,0.0,-1.0,-1.0
2.2800000000000002,10.82143312012689,1.0898596070128381,1.5707963267948966,-1.68597544519481,0.44625914325146254,-4.555888365036095e-16,0.0,-1.0,-1.0
2.3000000000000003,10.786702835462792,1.1013653533355061,1.5707963267948966,-1.6713870807357334,0.4090142846862805,-3.997257732911609e-16,0.0,-1.0,-1.0
2.32,10.751972550798696,1.1128710996581737,1.5707963267948966,-1.6567987162766569,0.37176942612109926,-3.438627100787135e-16,0.0,-1.0,-1.0
2.34,10.718748884945885,1.1205303692427937,1.5707963267948966,-1.6429760280658614,0.33423430247512503,-3.971749720919279e-16,0.0,-1.0,-1.0
2.36,10.685632265756384,1.1279163430891557,1.5707963267948966,-1.629207741862355,0.2966785552260595,-4.582442421774827e-16,0.0,-1.0,-1.0
2.38,10.652515646566881,1.1353023169355176,1.5707963267948966,-1.6154394556588485,0.25912280797699394,-5.193135122630374e-16,0.0,-1.0,-1.0
2.4,10.61939902737738,1.1426882907818796,1.5707963267948966,-1.6016711694553423,0.22156706072792842,-5.803827823485922e-16,0.0,-1.0,-1.0
2.42,10.586282408187879,1.1500742646282414,1.5707963267948966,-1.5879028832518358,0.18401131347886288,-6.41452052434147e-16,0.0,-1.0,-1.0
2.44,10.553779544196624,1.1557860987336408,1.5707963267948966,-1.5703634137053715,0.1484377459220233,-6.173428707979319e-16,0.0,-1.0,-1.0
2.46,10.522185879012918,1.159017911715812,1.5707963267948966,-1.547237424634124,0.11580052076628375,-4.670528487305389e-16,0.0,-1.0,-1.0
2.48,10.49059221382921,1.162249724697983,1.5707963267948966,-1.5241114355628766,0.0831632956105442,-3.1676282666314606e-16,0.0,-1.0,-1.0
2.5,10.458998548645503,1.165481537680154,1.5707963267948966,-1.500985446491629,0.050526070454804645,-1.6647280459575317e-16,0.0,-1.0,-1.0
2.52,10.427404883461795,1.168713350662325,1.5707963267948966,-1.4778594574203816,0.017888845299065093,-1.618278252836023e-17,0.0,-1.0,-1.0
2.54,10.395811218278089,1.1719451636444962,1.5707963267948966,-1.454733468349134,-0.01474837985667446,1.341072395390326e-16,0.0,-1.0,-1.0
2.56,10.366449042842005,1.1720277217731119,1.5707963267948966,-1.4238395642616453,-0.03981528913962334,2.755500739560968e-16,0.0,-1.0,-1.0
2.58,10.33741341699402,1.1716494272913411,1.5707963267948966,-1.391808926540658,-0.06377438086138418,4.156982371849497e-16,0.0,-1.0,-1.0
2.6,10.308377791146032,1.1712711328095704,1.5707963267948966,-1.3597782888196706,-0.08773347258314503,5.558464004138027e-16,0.0,-1.0,-1.0
2.62,10.279342165298047,1.1708928383277997,1.5707963267948966,-1.3277476510986832,-0.11169256430490587,6.959945636426557e-16,0.0,-1.0,-1.0
2.64,10.25030653945006,1.1705145438460292,1.5707963267948966,-1.295717013377696,-0.1356516560266667,8.361427268715086e-16,0.0,-1.0,-1.0
2.66,10.222481505459045,1.1692307200522463,1.5707963267948966,-1.2617242759769873,-0.15592098894076012,8.376118277637614e-16,0.0,-1.0,-1.0
2.68,10.19698889050612,1.1662022340961313,1.5707963267948966,-1.2239512069795826,-0.16908134979345726,5.718912203198337e-16,0.0,-1.0,-1.0
2.7,10.171496275553194,1.1631737481400164,1.5707963267948966,-1.186178137982178,-0.18224171064615444,3.061706128759058e-16,0.0,-1.0,-1.0
2.72,10.146003660600268,1.1601452621839015,1.5707963267948966,-1.1484050689847733,-0.19540207149885158,4.045000543197806e-17,0.0,-1.0,-1.0
2.74,10.120511045647342,1.1571167762277865,1.5707963267948966,-1.1106319999873686,-0.20856243235154875,-2.252706020119498e-16,0.0,-1.0,-1.0
2.7600000000000002,10.095018430694417,1.1540882902716716,1.5707963267948966,-1.072858930989964,-0.22172279320424593,-4.909912094558776e-16,0.0,-1.0,-1.0
2.7800000000000002,10.072914440734422,1.14987918730759,1.5707963267948966,-1.0333865058321634,-0.2268392343101215,-3.6713893578982024e-16,0.0,-1.0,-1.0
2.8000000000000003,10.051600025296706,1.1453949919057187,1.5707963267948966,-0.9935181182024673,-0.23008138300990233,-1.5251331832288456e-16,0.0,-1.0,-1.0
2.82,10.030285609858991,1.1409107965038474,1.5707963267948966,-0.953649730572772,-0.23332353170968306,6.21122991440463e-17,0.0,-1.0,-1.0
2.84,10.008971194421276,1.1364266011019761,1.5707963267948966,-0.9137813429430759,-0.23656568040946388,2.76737916610982e-16,0.0,-1.0,-1.0
2.86,9.987656778983562,1.1319424057001046,1.5707963267948966,-0.8739129553133799,-0.2398078291092447,4.913635340779178e-16,0.0,-1.0,-1.0
2.88,9.9675787684221,1.1273576642591212,1.5707963267948966,-0.8340746532489473,-0.24091708948830812,6.160896517789903e-16,0.0,-1.0,-1.0
2.9,9.950674322369666,1.1225148444593596,1.5707963267948966,-0.7943135738516103,-0.23655172031330357,5.100646075305323e-16,0.0,-1.0,-1.0
2.92,9.93376987631723,1.117672024659598,1.5707963267948966,-0.7545524944542733,-0.232186351138299,4.0403956328207437e-16,0.0,-1.0,-1.0
2.94,9.916865430264794,1.1128292048598363,1.5707963267948966,-0.7147914150569363,-0.22782098196329445,2.9801451903361636e-16,0.0,-1.0,-1.0
2.96,9.899960984212358,1.1079863850600746,1.5707963267948966,-0.6750303356595994,-0.22345561278828988,1.9198947478515835e-16,0.0,-1.0,-1.0
2.98,9.883056538159922,1.103143565260313,1.5707963267948966,-0.6352692562622624,-0.21909024361328533,8.596443053670044e-17,0.0,-1.0,-1.0
3.0,9.869449376256934,1.0986627543095413,1.5707963267948966,-0.5962471992320437,-0.21063392779789908,2.4501512445532306e-17,0.0,-1.0,-1.0
3.02,9.856943029884288,1.0943028019032648,1.5707963267948966,-0.5574718686779557,-0.20081182808539505,-2.208410714308699e-17,0.0,-1.0,-1.0
3.04,9.844436683511644,1.0899428494969885,1.5707963267948966,-0.5186965381238677,-0.19098972837289102,-6.866972673170629e-17,0.0,-1.0,-1.0
3.06,9.831930337138997,1.0855828970907122,1.5707963267948966,-0.4799212075697798,-0.181167628660387,-1.152553463203256e-16,0.0,-1.0,-1.0
3.08,9.819423990766353,1.081222944684436,1.5707963267948966,-0.4411458770156918,-0.17134552894788296,-1.6184096590894487e-16,0.0,-1.0,-1.0
3.1,9.807857151782056,1.077100976974025,1.5707963267948966,-0.4026335330340996,-0.16067039842954756,-1.9091943866884885e-16,0.0,-1.0,-1.0
3.12,9.799639868268834,1.0738274783123452,1.5707963267948966,-0.36505879542329944,-0.14695402093636106,-1.575809893584987e-16,0.0,-1.0,-1.0
3.14,9.791422584755612,1.0705539796506653,1.5707963267948966,-0.3274840578124993,-0.1332376434431746,-1.2424254004814853e-16,0.0,-1.0,-1.0
3.16,9.78320530124239,1.0672804809889855,1.5707963267948966,-0.2899093202016991,-0.11952126594998813,-9.090409073779834e-17,0.0,-1.0,-1.0
3.18,9.774988017729168,1.0640069823273057,1.5707963267948966,-0.2523345825908989,-0.10580488845680164,-5.756564142744816e-17,0.0,-1.0,-1.0
3.2,9.766770734215946,1.060733483665626,1.5707963267948966,-0.21475984498009876,-0.09208851096361517,-2.4227192117098e-17,0.0,-1.0,-1.0
3.22,9.761414570919763,1.0585044155827246,1.5707963267948966,-0.17777781828096342,-0.07688428362969234,-1.2116079889495815e-17,0.0,-1.0,-1.0
3.24,9.757353548855152,1.0567481291389984,1.5707963267948966,-0.1410640936040664,-0.061006552378091966,-9.613931077191563e-18,0.0,-1.0,-1.0
3.2600000000000002,9.75329252679054,1.0549918426952725,1.5707963267948966,-0.10435036892716938,-0.045128821126491594,-7.11178226488731e-18,0.0,-1.0,-1.0
3.2800000000000002,9.749231504725929,1.0532355562515463,1.5707963267948966,-0.06763664425027235,-0.029251089874891216,-4.6096334525830566e-18,0.0,-1.0,-1.0
3.3000000000000003,9.745170482661317,1.0514792698078201,1.5707963267948966,-0.03092291957337534,-0.013373358623290851,-2.107484640278805e-18,0.0,-1.0,-1.0
3.3200000000000003,9.74175,1.05,1.5707963267948966,0.005081553068053443,-0.0005549168212122192,-0.006577313083885,3.0,-1.0,-1.0
3.34,9.74175,1.05,1.5707963267948966,0.03729861735123808,-0.004073091414961541,-0.04827750111622729,0.0,-1.0,-1.0
3.36,9.74175,1.05,1.5707963267948966,0.06951568163442343,-0.007591266008710941,-0.0899776891485705,0.0,-1.0,-1.0
3.38,9.74175,1.05,1.5707963267948966,0.10173274591760878,-0.011109440602460342,-0.13167787718091373,0.0,-1.0,-1.0
3.4,9.74175,1.05,1.5707963267948966,0.13394981020079413,-0.014627615196209741,-0.17337806521325694,0.0,-1.0,-1.0
3.42,9.74175,1.05,1.5707963267948966,0.1661668744839795,-0.018145789789959142,-0.21507825324560015,0.0,-1.0,-1.0
3.44,9.74175,1.05,1.5707963267948966,0.19838393876716484,-0.02166396438370854,-0.25677844127794336,0.0,-1.0,-1.0
3.46,9.74175,1.05,1.5707963267948966,0.2306010030503502,-0.02518213897745794,-0.29847862931028657,0.0,-1.0,-1.0
3.48,9.745104744363834,1.0496336545041591,1.5664541102123217,0.25964058832721,-0.04640882084801666,-0.3549274083925747,0.0,-1.0,-1.0
3.5,9.749911395453593,1.049108757586291,1.5602326167675147,0.28730498591749076,-0.07529960407259961,-0.4177592605859352,0.0,-1.0,-1.0
3.52,9.75471804654335,1.0485838606684228,1.5540111233227076,0.3149693835077716,-0.10419038729718255,-0.48059111277929567,0.0,-1.0,-1.0
3.54,9.759524697633108,1.0480589637505546,1.5477896298779006,0.34263378109805237,-0.1330811705217655,-0.5434229649726562,0.0,-1.0,-1.0
3.56,9.764331348722866,1.0475340668326865,1.5415681364330935,0.37029817868833315,-0.16197195374634846,-0.6062548171660167,0.0,-1.0,-1.0
3.58,9.769137999812623,1.0470091699148183,1.5353466429882865,0.3979625762786139,-0.1908627369709314,-0.6690866693593772,0.0,-1.0,-1.0
3.6,9.773944650902381,1.0464842729969501,1.5291251495434794,0.4256269738688947,-0.21975352019551433,-0.7319185215527377,0.0,-1.0,-1.0
3.62,9.779734234271128,1.0449328695989006,1.5206712035224677,0.4558592989783168,-0.24439231008035206,-0.7947503736025665,0.0,-1.0,-1.0
3.64,9.788668297643271,1.0400975887972075,1.505075460823847,0.4943066322899383,-0.25542862875004213,-0.8575822251932258,0.0,-1.0,-1.0
3.66,9.797602361015414,1.0352623079955143,1.4894797181252264,0.5327539656015599,-0.26646494741973226,-0.920414076783885,0.0,-1.0,-1.0
3.68,9.806536424387557,1.0304270271938212,1.4738839754266058,0.5712012989131815,-0.2775012660894224,-0.9832459283745443,0.0,-1.0,-1.0
3.7,9.8154704877597,1.025591746392128,1.4582882327279851,0.609648632224803,-0.28853758475911245,-1.0460777799652035,0.0,-1.0,-1.0
3.72,9.824404551131844,1.0207564655904349,1.4426924900293645,0.6480959655364247,-0.2995739034288026,-1.1089096315558626,0.0,-1.0,-1.0
3.74,9.833338614503987,1.0159211847887417,1.4270967473307439,0.6865432988480462,-0.31061022209849265,-1.1717414831465218,0.0,-1.0,-1.0
3.7600000000000002,9.84227267787613,1.0110859039870486,1.411501004632123,0.7249906321596677,-0.3216465407681828,-1.2345733347371812,0.0,-1.0,-1.0
3.7800000000000002,9.855671536321395,1.00496900240759,1.3886087522082793,0.7645472446640618,-0.3265764887054588,-1.2974051852332344,0.0,-1.0,-1.0
3.8000000000000003,9.870341780834568,0.9984871490723384,1.3636387603457656,0.8044197332810237,-0.32976759879071144,-1.36023703541759,0.0,-1.0,-1.0
3.8200000000000003,9.885012025347743,0.9920052957370868,1.338668768483252,0.8442922218979857,-0.332958708875964,-1.4230688856019453,0.0,-1.0,-1.0
3.84,9.899682269860916,0.9855234424018354,1.3136987766207389,0.8841647105149468,-0.3361498189612166,-1.4859007357862994,0.0,-1.0,-1.0
3.86,9.914352514374091,0.9790415890665838,1.2887287847582254,0.9240371991319088,-0.3393409290464692,-1.5487325859706549,0.0,-1.0,-1.0
3.88,9.929022758887264,0.9725597357313323,1.2637587928957117,0.9639096877488709,-0.3425320391317218,-1.6115644361550103,0.0,-1.0,-1.0
3.9,9.943693003400439,0.9660778823960806,1.238788801033198,1.0037821763658328,-0.34572314921697445,-1.6743962863393658,0.0,-1.0,-1.0
3.92,9.960258336419711,0.9594443596703791,1.2108324915057616,1.0436935173691584,-0.3476856510430189,-1.7284878134957085,0.0,-1.0,-1.0
3.94,9.980877389277973,0.9524864060724223,1.1764882506891694,1.08368796620037,-0.3470200784236366,-1.7638832107648081,0.0,-1.0,-1.0
3.96,10.001496442136236,0.9455284524744654,1.1421440098725772,1.1236824150315816,-0.3463545058042543,-1.799278608033908,0.0,-1.0,-1.0
3.98,10.022115494994498,0.9385704988765086,1.107799769055985,1.1636768638627932,-0.34568893318487204,-1.8346740053030077,0.0,-1.0,-1.0
4.0,10.042734547852762,0.9316125452785518,1.0734555282393932,1.2036713126940048,-0.3450233605654897,-1.8700694025721074,0.0,-1.0,-1.0
4.0200000000000005,10.063353600711023,0.9246545916805947,1.0391112874228001,1.2436657615252174,-0.3443577879461074,-1.905464799841208,0.0,-1.0,-1.0
4.04,10.083972653569287,0.917696638082638,1.0047670466062089,1.283660210356428,-0.3436922153267251,-1.9408601971103068,0.0,-1.0,-1.0
4.0600000000000005,10.104591706427549,0.9107386844846811,0.970422805789616,1.3236546591876406,-0.34302664270734284,-1.9762555943794073,0.0,-1.0,-1.0
4.08,10.130335075996951,0.9038660078437935,0.9315435049578465,1.3635636183935425,-0.34044426260648736,-1.9633487496714193,0.0,-1.0,-1.0
4.1,10.15692113315359,0.8970073548937215,0.8919184190785127,1.4034585189355981,-0.3375466658703596,-1.9424986606161037,0.0,-1.0,-1.0
4.12,10.183507190310229,0.8901487019436494,0.852293333199177,1.4433534194776554,-0.33464906913423165,-1.9216485715607872,0.0,-1.0,-1.0
4.14,10.210093247466865,0.8832900489935775,0.8126682473198431,1.4832483200197109,-0.3317514723981039,-1.9007984825054716,0.0,-1.0,-1.0
4.16,10.236679304623504,0.8764313960435054,0.7730431614405074,1.523143220561768,-0.32885387566197594,-1.879948393450155,0.0,-1.0,-1.0
4.18,10.26326536178014,0.8695727430934336,0.7334180755611736,1.5630381211038238,-0.32595627892584816,-1.8590983043948395,0.0,-1.0,-1.0
4.2,10.28985141893678,0.8627140901433614,0.6937929896818379,1.602933021645881,-0.3230586821897203,-1.8382482153395228,0.0,-1.0,-1.0
4.22,10.318812294300672,0.8560279220320219,0.6554090441597602,1.6427756196114398,-0.3195854500715747,-1.8006480418018975,0.0,-1.0,-1.0
4.24,10.35135050356778,0.8496015783819829,0.6188947042626892,1.6825394310073356,-0.31524510317315263,-1.7378161916175419,0.0,-1.0,-1.0
4.26,10.383888712834885,0.8431752347319442,0.5823803643656199,1.7223032424032296,-0.3109047562747307,-1.674984341433189,0.0,-1.0,-1.0
4.28,10.41642692210199,0.8367488910819052,0.545866024468549,1.7620670537991256,-0.30656440937630863,-1.6121524912488332,0.0,-1.0,-1.0
4.3,10.448965131369096,0.8303225474318665,0.5093516845714796,1.8018308651950197,-0.30222406247788675,-1.5493206410644804,0.0,-1.0,-1.0
4.32,10.481503340636204,0.8238962037818276,0.47283734467440874,1.8415946765909155,-0.29788371557946464,-1.4864887908801245,0.0,-1.0,-1.0
4.34,10.51404154990331,0.8174698601317889,0.43632300477733943,1.8813584879868095,-0.29354336868104275,-1.4236569406957718,0.0,-1.0,-1.0
4.36,10.546579759170415,0.8110435164817499,0.3998086648802685,1.9211222993827053,-0.28920302178262064,-1.360825090511416,0.0,-1.0,-1.0
4.38,10.584689826231447,0.8052253588894694,0.37209856486531,1.9607709053047087,-0.2839182464319266,-1.2979932390062698,0.0,-1.0,-1.0
4.4,10.62316062965732,0.7994465768225048,0.3449584739223173,2.0004120525288434,-0.27857232636086715,-1.235161387415609,0.0,-1.0,-1.0
4.42,10.66163143308319,0.7936677947555404,0.31781838297932585,2.0400531997529767,-0.273226406289808,-1.1723295358249513,0.0,-1.0,-1.0
4.44,10.700102236509064,0.7878890126885757,0.2906782920363332,2.0796943469771114,-0.2678804862187486,-1.1094976842342907,0.0,-1.0,-1.0
4.46,10.738573039934934,0.7821102306216112,0.26353820109334175,2.1193354942012443,-0.26253456614768944,-1.0466658326436329,0.0,-1.0,-1.0
4.48,10.777043843360808,0.7763314485546465,0.2363981101503491,2.1589766414253795,-0.25718864607663,-0.9838339810529723,0.0,-1.0,-1.0
4.5,10.815514646786678,0.7705526664876821,0.20925801920735765,2.1986177886495124,-0.25184272600557084,-0.9210021294623144,0.0,-1.0,-1.0
4.5200000000000005,10.8568207832051,0.76515625134535,0.18661197635007312,2.23820773931382,-0.2461422110281686,-0.8581702775827168,0.0,-1.0,-1.0
4.54,10.901205879808936,0.760175058168219,0.1688461345709746,2.277742094332128,-0.24005663242633485,-0.7953384253893577,0.0,-1.0,-1.0
4.5600000000000005,10.945590976412774,0.7551938649910876,0.1510802927918753,2.3172764493504374,-0.23397105382450084,-0.7325065731959959,0.0,-1.0,-1.0
4.58,10.989976073016612,0.7502126718139565,0.13331445101277678,2.3568108043687457,-0.22788547522266708,-0.6696747210026368,0.0,-1.0,-1.0
4.6000000000000005,11.03436116962045,0.7452314786368252,0.11554860923367748,2.3963451593870553,-0.22179989662083308,-0.6068428688092751,0.0,-1.0,-1.0
4.62,11.078746266224286,0.7402502854596941,0.09778276745457895,2.4358795144053635,-0.21571431801899932,-0.544011016615916,0.0,-1.0,-1.0
4.64,11.123131362828122,0.735269092282563,0.08001692567548044,2.4754138694236714,-0.2096287394171656,-0.481179164422557,0.0,-1.0,-1.0
4.66,11.167632143306289,0.7303057064861228,0.06243493999039227,2.514816130491156,-0.20321346939026355,-0.4184764896860174,0.0,-1.0,-1.0
4.68,11.217915600138149,0.7262324561544724,0.05404334746510708,2.5476154266221487,-0.1803179524937264,-0.36223099343989046,0.0,-1.0,-1.0
4.7,11.268199056970012,0.7221592058228219,0.045651754939821515,2.580414722753143,-0.1574224355971882,-0.305985497193761,0.0,-1.0,-1.0
4.72,11.318482513801872,0.7180859554911715,0.03726016241453632,2.6132140188841357,-0.13452691870065103,-0.24974000094763402,0.0,-1.0,-1.0
4.74,11.368765970633733,0.714012705159521,0.02886856988925076,2.64601331501513,-0.11163140180411284,-0.19349450470150456,0.0,-1.0,-1.0
4.76,11.419049427465595,0.7099394548278707,0.020476977363965566,2.678812611146123,-0.08873588490757567,-0.13724900845537763,0.0,-1.0,-1.0
4.78,11.469332884297456,0.7058662044962201,0.012085384838680005,2.711611907277117,-0.06584036801103749,-0.08100351220924817,0.0,-1.0,-1.0
4.8,11.519616341129316,0.7017929541645698,0.0036937923133948114,2.74441120340811,-0.042944851114500304,-0.024758015963121216,0.0,-1.0,-1.0
4.82,11.572639298009603,0.6996320091526946,7.197643343905442e-20,2.7621778522782563,-0.019836054069338152,-1.9081879265031707e-18,0.0,-1.0,-1.0
4.84,11.627816272465134,0.6989746739948896,4.566863555069215e-20,2.768124612179615,0.003440441161793817,-1.5569474335642453e-18,0.0,-1.0,-1.0
4.86,11.682993246920669,0.6983173388370844,1.936083766232872e-20,2.7740713720809738,0.026716936392926813,-1.2057069406253042e-18,0.0,-1.0,-1.0
4.88,11.7381702213762,0.6976600036792793,-6.946960226033546e-21,2.7800181319823327,0.049993431624058775,-8.544664476863787e-19,0.0,-1.0,-1.0
4.9,11.793347195831734,0.6970026685214741,-3.325475811439698e-20,2.7859648918836917,0.07326992685519179,-5.032259547474379e-19,0.0,-1.0,-1.0
4.92,11.848524170287265,0.696345333363669,-5.956255600275923e-20,2.79191165178505,0.09654642208632375,-1.519854618085124e-19,0.0,-1.0,-1.0
4.94,11.903701144742799,0.6956879982058638,-8.587035389112266e-20,2.797858411686409,0.11982291731745673,1.9925503113042866e-19,0.0,-1.0,-1.0
4.96,11.95887811919833,0.6950306630480587,-1.1217815177948492e-19,2.803805171587768,0.1430994125485887,5.504955240693543e-19,0.0,-1.0,-1.0
4.98,12.014371147905257,0.6956104108391828,-1.2490977964693394e-19,2.8002063126408334,0.16574398918752148,7.575592513897699e-19,0.0,-1.0,-1.0
5.0,12.070527817481034,0.6987877468590633,-1.0913458873683404e-19,2.7765638606769696,0.18706168285708377,6.618850988008368e-19,0.0,-1.0,-1.0
5.0200000000000005,12.126684487056814,0.7019650828789439,-9.335939782673342e-20,2.752921408713105,0.208379376526647,5.662109462118993e-19,0.0,-1.0,-1.0
5.04,12.18284115663259,0.7051424188988243,-7.758420691663352e-20,2.729278956749241,0.2296970701962093,4.705367936229662e-19,0.0,-1.0,-1.0
5.0600000000000005,12.238997826208369,0.708319754918705,-6.18090160065329e-20,2.7056365047853763,0.25101476386577254,3.748626410340288e-19,0.0,-1.0,-1.0
5.08,12.295154495784146,0.7114970909385855,-4.6033825096432983e-20,2.6819940528215125,0.27233245753533486,2.791884884450956e-19,0.0,-1.0,-1.0
5.1000000000000005,12.351311165359924,0.7146744269584661,-3.0258634186332374e-20,2.6583516008576473,0.2936501512048981,1.835143358561582e-19,0.0,-1.0,-1.0
5.12,12.407467834935701,0.7178517629783465,-1.4483443276232475e-20,2.6347091488937835,0.3149678448744604,8.784018326722502e-20,0.0,-1.0,-1.0
5.14,12.463291925578892,0.7213289755007425,-5.467565226932766e-23,2.6096832078012233,0.33416492786182,3.318817940723297e-22,0.0,-1.0,-1.0
5.16,12.515553634671342,0.728018281199807,-4.7968489955239886e-23,2.569838179674488,0.330647329820379,2.9116924721893526e-22,0.0,-1.0,-1.0
5.18,12.56781534376379,0.7347075868988713,-4.126132764115241e-23,2.5299931515477545,0.32712973177893817,2.504567003655426e-22,0.0,-1.0,-1.0
5.2,12.62007705285624,0.7413968925979358,-3.455416532706463e-23,2.490148123421019,0.32361213373749714,2.0974415351214812e-22,0.0,-1.0,-1.0
5.22,12.672338761948687,0.7480861982970001,-2.784700301297715e-23,2.4503030952942857,0.3200945356960563,1.6903160665875548e-22,0.0,-1.0,-1.0
5.24,12.724600471041137,0.7547755039960646,-2.1139840698889374e-23,2.4104580671675504,0.3165769376546153,1.2831905980536102e-22,0.0,-1.0,-1.0
5.26,12.776862180133586,0.7614648096951289,-1.4432678384801895e-23,2.370613039040817,0.31305933961317445,8.760651295196837e-23,0.0,-1.0,-1.0
5.28,12.829123889226036,0.7681541153941934,-7.725516070714117e-24,2.3307680109140816,0.3095417415717335,4.689396609857391e-23,0.0,-1.0,-1.0
5.3,12.881385598318483,0.7748434210932577,-1.0183537566266448e-24,2.290922982787348,0.3060241435302926,6.1814192451812365e-24,0.0,-1.0,-1.0
5.32,12.928079717857646,0.7810412089536122,-3.4066625499719466e-31,2.251120670768066,0.30205686845972984,2.966816442760588e-30,0.0,-1.0,-1.0
5.34,12.973777183518493,0.787151010234582,-2.7080639413092395e-31,2.2113260053566677,0.2980090967306451,2.3407318967638185e-30,0.0,-1.0,-1.0
5.36,13.019474649179342,0.793260811515552,-2.009465332646501e-31,2.1715313399452674,0.2939613250015601,1.7146473507670207e-30,0.0,-1.0,-1.0
5.38,13.06517211484019,0.7993706127965218,-1.3108667239837933e-31,2.131736674533869,0.2899135532724753,1.0885628047702514e-30,0.0,-1.0,-1.0
5.4,13.110869580501038,0.8054804140774917,-6.122681153210551e-32,2.0919420091224685,0.2858657815433904,4.6247825877345395e-31,0.0,-1.0,-1.0
5.42,13.156567046161886,0.8115902153584615,8.633049334165284e-33,2.05214734371107,0.28181800981430555,-1.6360628722331577e-31,0.0,-1.0,-1.0
5.44,13.202264511822735,0.8177000166394315,7.849291020043906e-32,2.0123526782996697,0.2777702380852206,-7.896908332201135e-31,0.0,-1.0,-1.0
5.46,13.24796197748358,0.8238098179204013,1.4835277106670986e-31,1.9725580128882712,0.2737224663561358,-1.4157753792168825e-30,0.0,-1.0,-1.0
5.48,13.28965407747381,0.8295122076611918,1.5524985191662657e-31,1.9327754967665116,0.2695580303624639,-1.7943782000671825e-30,0.0,-1.0,-1.0
5.5,13.328795596676075,0.8349551614022187,1.2205280147553336e-31,1.8930007172029844,0.2653193036157457,-2.0153868870883774e-30,0.0,-1.0,-1.0
5.5200000000000005,13.367937115878341,0.8403981151432458,8.88557510344387e-32,1.8532259376394553,0.2610805768690273,-2.2363955741095817e-30,0.0,-1.0,-1.0
5.54,13.407078635080605,0.8458410688842727,5.565870059334549e-32,1.813451158075928,0.2568418501223091,-2.4574042611307766e-30,0.0,-1.0,-1.0
5.5600000000000005,13.446220154282873,0.8512840226252998,2.246165015225083e-32,1.773676378512399,0.2526031233755907,-2.678412948151981e-30,0.0,-1.0,-1.0
5.58,13.485361673485137,0.8567269763663267,-1.0735400288842384e-32,1.7339015989488717,0.2483643966288725,-2.8994216351731754e-30,0.0,-1.0,-1.0
5.6000000000000005,13.524503192687405,0.8621699301073539,-4.3932450729937064e-32,1.6941268193853427,0.2441256698821541,-3.12043032219438e-30,0.0,-1.0,-1.0
5.62,13.563644711889669,0.8676128838483808,-7.712950117103026e-32,1.6543520398218154,0.2398869431354359,-3.341439009215575e-30,0.0,-1.0,-1.0
5.64,13.600337276448826,0.8727948568960849,-1.2387593142838143e-31,1.6145818008070614,0.23560617273530843,-1.5704779397811042e-24,0.0,-1.0,-1.0
5.66,13.632926125273679,0.877539504336085,-1.9332707093730163e-31,1.5748191703944066,0.23125494974329278,-5.772598016214126e-24,0.0,-1.0,-1.0
5.68,13.66551497409853,0.8822841517760849,-2.6277821044621875e-31,1.5350565399817535,0.22690372675127732,-9.97471809264696e-24,0.0,-1.0,-1.0
5.7,13.698103822923382,0.8870287992160849,-3.3222934995513898e-31,1.4952939095690987,0.22255250375926164,-1.4176838169079982e-23,0.0,-1.0,-1.0
5.72,13.730692671748233,0.8917734466560848,-4.016804894640561e-31,1.4555312791564456,0.21820128076724618,-1.8378958245512818e-23,0.0,-1.0,-1.0
5.74,13.763281520573086,0.8965180940960848,-4.711316289729763e-31,1.4157686487437908,0.21385005777523053,-2.258107832194584e-23,0.0,-1.0,-1.0
5.76,13.795870369397937,0.9012627415360847,-5.405827684818934e-31,1.3760060183311378,0.20949883478321504,-2.678319839837867e-23,0.0,-1.0,-1.0
5.78,13.82845921822279,0.9060073889760848,-6.100339079908137e-31,1.336243387918483,0.2051476117911994,-3.0985318474811693e-23,0.0,-1.0,-1.0
5.8,13.86015379514273,0.91065417627873,-9.45074534359102e-26,1.296481874779736,0.20078626589993195,-3.3466466965550255e-23,0.0,-1.0,-1.0
5.82,13.886191975094185,0.9146819842964081,-7.867830814122483e-25,1.2567274285573249,0.19636089123136874,-2.5062225446020428e-23,0.0,-1.0,-1.0
5.84,13.91223015504564,0.918709792314086,-1.4790587093885555e-24,1.2169729823349156,0.19193551656280575,-1.6657983926490974e-23,0.0,-1.0,-1.0
5.86,13.938268334997094,0.922737600331764,-2.1713343373648936e-24,1.1772185361125045,0.18751014189424256,-8.253742406961148e-24,0.0,-1.0,-1.0
5.88,13.964306514948547,0.9267654083494419,-2.863609965341201e-24,1.1374640898900952,0.18308476722567957,1.5049911256830622e-25,0.0,-1.0,-1.0
5.9,13.990344694900001,0.9307932163671199,-3.555885593317539e-24,1.097709643667684,0.17865939255711638,8.554740632098133e-24,0.0,-1.0,-1.0
5.92,14.016382874851454,0.9348210243847977,-4.2481612212938465e-24,1.0579551974452748,0.1742340178885534,1.6958982151627584e-23,0.0,-1.0,-1.0
5.94,14.042421054802908,0.9388488324024757,-4.940436849270184e-24,1.0182007512228637,0.16980864321999017,2.5363223671157417e-23,0.0,-1.0,-1.0
5.96,14.068459234754362,0.9428766404201536,-5.632712477246492e-24,0.9784463050004544,0.1653832685514272,3.376746519068686e-23,0.0,-1.0,-1.0
5.98,14.088607621159195,0.9462488099963233,-5.07986329144519e-24,0.9388462186502732,0.15975578045221084,3.083482495119789e-23,0.0,-1.0,-1.0
6.0,14.108096480536387,0.9495475625216048,-4.3875875771977326e-24,0.8992634172026821,0.1539936821512062,2.663270389374256e-23,0.0,-1.0,-1.0
6.0200000000000005,14.127585339913582,0.9528463150468862,-3.6953118629502444e-24,0.8596806157550893,0.1482315838502013,2.2430582836287037e-23,0.0,-1.0,-1.0
6.04,14.147074199290776,0.9561450675721676,-3.003036148702787e-24,0.8200978143074982,0.14246948554919667,1.8228461778831702e-23,0.0,-1.0,-1.0
6.0600000000000005,14.16656305866797,0.959443820097449,-2.310760434455299e-24,0.7805150128599052,0.1367073872481918,1.402634072137618e-23,0.0,-1.0,-1.0
6.08,14.186051918045163,0.9627425726227304,-1.6184847202078418e-24,0.7409322114123141,0.13094528894718716,9.824219663920846e-24,0.0,-1.0,-1.0
6.1000000000000005,14.205540777422357,0.9660413251480119,-9.262090059603544e-25,0.7013494099647213,0.12518319064618227,5.6220986064653234e-24,0.0,-1.0,-1.0
6.12,14.225029636799551,0.9693400776732932,-2.3393329171289715e-25,0.6617666085171302,0.11942109234517764,1.4199775490099891e-24,0.0,-1.0,-1.0
6.140000000000001,14.24020103948982,0.9720103347679688,3.651702768452483e-32,0.622287483315863,0.11300436288798346,1.929559740278821e-21,0.0,-1.0,-1.0
6.16,14.253168855800352,0.9743598141291228,3.030428195260218e-32,0.5828612734258264,0.10625351628633777,4.843947325482996e-21,0.0,-1.0,-1.0
6.18,14.266136672110884,0.9767092934902767,2.409153622067952e-32,0.5434350635357897,0.09950266968469207,7.75833491068717e-21,0.0,-1.0,-1.0
6.2,14.279104488421417,0.9790587728514307,1.7878790488756588e-32,0.5040088536457514,0.09275182308304608,1.0672722495891473e-20,0.0,-1.0,-1.0
6.22,14.29207230473195,0.9814082522125845,1.1666044756833936e-32,0.4645826437557148,0.08600097648140038,1.358711008109565e-20,0.0,-1.0,-1.0
6.24,14.305040121042483,0.9837577315737386,5.4532990249110035e-33,0.42515643386567636,0.07925012987975438,1.6501497666299952e-20,0.0,-1.0,-1.0
6.26,14.318007937353016,0.9861072109348925,-7.594467070116548e-34,0.3857302239756398,0.0724992832781087,1.9415885251504126e-20,0.0,-1.0,-1.0
6.28,14.330975753663548,0.9884566902960465,-6.972192438934587e-33,0.34630401408560135,0.06574843667646271,2.233027283670843e-20,0.0,-1.0,-1.0
6.3,14.3411839806638,0.9903336524112057,2.039889922987575e-22,0.3069362804261987,0.05867483367604664,2.3387301289004967e-20,0.0,-1.0,-1.0
6.32,14.347656551482714,0.9915709679078581,6.841178932554701e-22,0.2676477060430007,0.05116431532317498,2.1930022594233307e-20,0.0,-1.0,-1.0
6.34,14.354129122301627,0.9928082834045105,1.1642467942121613e-21,0.22835913165980448,0.04365379697030366,2.047274389946171e-20,0.0,-1.0,-1.0
6.36,14.360601693120541,0.994045598901163,1.6443756951688739e-21,0.18907055727660654,0.036143278617431995,1.9015465204690047e-20,0.0,-1.0,-1.0
6.38,14.367074263939454,0.9952829143978154,2.1245045961255654e-21,0.14978198289341033,0.028632760264560672,1.755818650991845e-20,0.0,-1.0,-1.0
6.4,14.373546834758368,0.9965202298944678,2.604633497082278e-21,0.11049340851021236,0.021122241911689016,1.610090781514679e-20,0.0,-1.0,-1.0
6.42,14.380019405577281,0.9977575453911202,3.0847623980389693e-21,0.07120483412701617,0.013611723558817693,1.464362912037519e-20,0.0,-1.0,-1.0
6.44,14.386491976396195,0.9989948608877726,3.5648912989956815e-21,0.031916259743818176,0.0061012052059460364,1.318635042560353e-20,0.0,-1.0,-1.0
6.46,14.391750000024544,1.0000000000048495,1.3221195683846594e-20,-0.007363455963374991,-0.0014548889343387638,1.3768770939584306e-20,1.0,2.0,7.0
6.48,14.391750000155348,1.000000000030694,1.6033194009032188e-20,-0.04660482064811297,-0.00920828999114492,-7.748452298126995e-20,0.0,-1.0,-1.0
6.5,14.39175000028615,1.000000000056538,1.8845192334217656e-20,-0.08584618533284923,-0.01696169104795073,-1.6873781690212017e-19,0.0,-1.0,-1.0
6.5200000000000005,14.391750000416952,1.0000000000823823,2.165719065940325e-20,-0.1250875500175872,-0.024715092104756885,-2.599911108229744e-19,0.0,-1.0,-1.0
6.54,14.391750000547754,1.0000000001082268,2.446918898458872e-20,-0.16432891470232344,-0.0324684931615627,-3.5124440474382465e-19,0.0,-1.0,-1.0
6.5600000000000005,14.391750000678556,1.000000000134071,2.7281187309774314e-20,-0.2035702793870614,-0.04022189421836886,-4.424976986646789e-19,0.0,-1.0,-1.0
6.58,14.39175000080936,1.0000000001599152,3.009318563495978e-20,-0.24281164407179764,-0.04797529527517467,-5.337509925855291e-19,0.0,-1.0,-1.0
6.6000000000000005,14.391750000940162,1.0000000001857594,3.2905183960145377e-20,-0.28205300875653566,-0.05572869633198082,-6.250042865063833e-19,0.0,-1.0,-1.0
6.62,14.391750001070964,1.0000000002116038,3.571718228533085e-20,-0.32129437344127193,-0.06348209738878663,-7.162575804272336e-19,0.0,-1.0,-1.0
6.640000000000001,14.391750001201766,1.000000000237448,3.852918061051644e-20,-0.36053573812600986,-0.0712354984455928,-8.075108743480879e-19,0.0,-1.0,-1.0
6.66,14.386980157711546,0.9990575633508876,3.2885008874664126e-20,-0.39977710389081944,-0.07898889523244693,-7.635854800118038e-19,0.0,-1.0,-1.0
6.68,14.379484005658156,0.9975764560112301,2.240752798221107e-20,-0.4390184702729686,-0.08674228957871669,-6.423957464989847e-19,0.0,-1.0,-1.0
6.7,14.371987853604764,0.9960953486715727,1.193004708975755e-20,-0.4782598366551194,-0.09449568392498679,-5.212060129861604e-19,0.0,-1.0,-1.0
6.72,14.364491701551374,0.9946142413319152,1.452566197304493e-21,-0.5175012030372685,-0.10224907827125655,-4.0001627947334126e-19,0.0,-1.0,-1.0
6.74,14.356995549497983,0.9931331339922578,-9.024914695149033e-21,-0.5567425694194194,-0.11000247261752666,-2.788265459605168e-19,0.0,-1.0,-1.0
6.76,14.349499397444593,0.9916520266526003,-1.950239558760209e-20,-0.5959839358015684,-0.11775586696379642,-1.5763681244769778e-19,0.0,-1.0,-1.0
6.78,14.3420032453912,0.9901709193129429,-2.9979876480055615e-20,-0.6352253021837193,-0.1255092613100665,-3.6447078934873295e-20,0.0,-1.0,-1.0
6.8,14.33450709333781,0.9886898119732854,-4.045735737250867e-20,-0.6744666685658685,-0.13326265565633627,8.47426545779458e-20,0.0,-1.0,-1.0
6.82,14.32701094128442,0.987208704633628,-5.0934838264962186e-20,-0.7137080349480192,-0.14101605000260636,2.059323880907702e-19,0.0,-1.0,-1.0
6.84,14.318877872798478,0.9856017539627497,-5.998370594306787e-20,-0.7529494014657404,-0.14876944359383631,3.1400676265370246e-19,0.0,-1.0,-1.0
6.86,14.303885568236643,0.9826395405394827,-5.3647203111723884e-20,-0.7921907694434989,-0.15652282905370735,2.8083600887682954e-19,0.0,-1.0,-1.0
6.88,14.288893263674808,0.9796773271162157,-4.7310700280380177e-20,-0.8314321374212557,-0.16427621451357802,2.4766525509995807e-19,0.0,-1.0,-1.0
6.9,14.273900959112972,0.9767151136929487,-4.097419744903618e-20,-0.8706735053990141,-0.17202959997344902,2.1449450132308516e-19,0.0,-1.0,-1.0
6.92,14.258908654551137,0.9737529002696818,-3.4637694617692475e-20,-0.9099148733767709,-0.17978298543331972,1.8132374754621371e-19,0.0,-1.0,-1.0
6.94,14.2439163499893,0.9707906868464147,-2.830119178634848e-20,-0.9491562413545294,-0.18753637089319072,1.4815299376934078e-19,0.0,-1.0,-1.0
6.96,14.228924045427465,0.9678284734231478,-2.1964688955004773e-20,-0.9883976093322862,-0.1952897563530614,1.1498223999246933e-19,0.0,-1.0,-1.0
6.98,14.213931740865629,0.9648662599998807,-1.5628186123660777e-20,-1.0276389773100447,-0.20304314181293243,8.181148621559639e-20,0.0,-1.0,-1.0
7.0,14.198939436303794,0.9619040465766138,-9.29168329231707e-21,-1.0668803452878015,-0.21079652727280307,4.864073243872492e-20,0.0,-1.0,-1.0
7.0200000000000005,14.18394713174196,0.9589418331533468,-2.9551804609730748e-21,-1.1061217132655599,-0.2185499127326741,1.5469978661852008e-20,0.0,-1.0,-1.0
7.04,14.16495468547127,0.9551892639866097,-7.897437563557606e-30,-1.1453630818043363,-0.22630329467327362,6.452867026496685e-29,0.0,-1.0,-1.0
7.0600000000000005,14.142466228096186,0.9507459461772735,-6.505166483039909e-30,-1.18460445083343,-0.2340566735381297,5.500144887347023e-29,0.0,-1.0,-1.0
7.08,14.119977770721103,0.9463026283679374,-5.112895402522274e-30,-1.2238458198625215,-0.2418100524029854,4.5474227481974034e-29,0.0,-1.0,-1.0
7.1000000000000005,14.097489313346019,0.9418593105586012,-3.720624322004578e-30,-1.263087188891615,-0.24956343126784147,3.5947006090477414e-29,0.0,-1.0,-1.0
7.12,14.075000855970934,0.9374159927492651,-2.328353241486943e-30,-1.3023285579207067,-0.2573168101326972,2.6419784698981214e-29,0.0,-1.0,-1.0
7.140000000000001,14.05251239859585,0.9329726749399289,-9.360821609692465e-31,-1.3415699269498003,-0.26507018899755325,1.68925633074846e-29,0.0,-1.0,-1.0
7.16,14.030023941220767,0.9285293571305928,4.561889195483883e-31,-1.380811295978892,-0.27282356786240897,7.365341915988393e-30,0.0,-1.0,-1.0
7.18,14.007535483845682,0.9240860393212568,1.8484600000660218e-30,-1.4200526650079837,-0.2805769467272647,-2.1618794755078012e-30,0.0,-1.0,-1.0
7.2,13.985047026470598,0.9196427215119205,3.240731080583718e-30,-1.459294034037077,-0.28833032559212074,-1.1689100867004422e-29,0.0,-1.0,-1.0
7.22,13.962558569095515,0.9151994037025845,4.633002161101353e-30,-1.4985354030661688,-0.29608370445697646,-2.1216322258500616e-29,0.0,-1.0,-1.0
7.24,13.932706744563898,0.9093012188308043,4.2375317583432495e-30,-1.5377767727654945,-0.303837077677067,-1.9268054780734094e-29,0.0,-1.0,-1.0
7.26,13.902722134174732,0.9033767978952237,3.809822465293993e-30,-1.5770181424769052,-0.31159045079536346,-1.7112846293792302e-29,0.0,-1.0,-1.0
7.28,13.872737523785567,0.8974523769596429,3.382113172244717e-30,-1.6162595121883174,-0.31934382391366023,-1.4957637806850414e-29,0.0,-1.0,-1.0
7.3,13.842752913396401,0.8915279560240622,2.95440387919546e-30,-1.6555008818997279,-0.32709719703195667,-1.2802429319908622e-29,0.0,-1.0,-1.0
7.32,13.812768303007234,0.8856035350884814,2.526694586146184e-30,-1.6947422516111401,-0.33485057015025343,-1.0647220832966734e-29,0.0,-1.0,-1.0
7.34,13.78278369261807,0.8796791141529008,2.098985293096927e-30,-1.7339836213225506,-0.34260394326854987,-8.492012346024942e-30,0.0,-1.0,-1.0
7.36,13.752799082228902,0.8737546932173199,1.6712760000476513e-30,-1.7732249910339628,-0.35035731638684664,-6.336803859083054e-30,0.0,-1.0,-1.0
7.38,13.722814471839737,0.8678302722817394,1.2435667069983945e-30,-1.8124663607453733,-0.3581106895051431,-4.181595372141262e-30,0.0,-1.0,-1.0
7.4,13.692829861450571,0.8619058513461585,8.158574139491181e-31,-1.8517077304567855,-0.36586406262343985,-2.0263868851993745e-30,0.0,-1.0,-1.0
7.42,13.659614811522275,0.8553431549561995,5.655714246233936e-31,-1.890949102962434,-0.3736174192935795,-9.340629057462589e-31,0.0,-1.0,-1.0
7.44,13.622134047988684,0.8479376319921208,5.495684148803753e-31,-1.9301904791578042,-0.381370754244345,-1.2452510024450637e-30,0.0,-1.0,-1.0
7.46,13.584653284455097,0.8405321090280424,5.335654051373577e-31,-1.9694318553531729,-0.38912408919511016,-1.5564390991438548e-30,0.0,-1.0,-1.0
7.48,13.547172520921507,0.8331265860639637,5.175623953943394e-31,-2.008673231548543,-0.3968774241458756,-1.8676271958426598e-30,0.0,-1.0,-1.0
7.5,13.50969175738792,0.8257210630998854,5.015593856513218e-31,-2.0479146077439117,-0.40463075909664076,-2.1788152925414503e-30,0.0,-1.0,-1.0
7.5200000000000005,13.472210993854329,0.8183155401358067,4.855563759083035e-31,-2.087155983939282,-0.4123840940474063,-2.4900033892402553e-30,0.0,-1.0,-1.0
7.54,13.434730230320742,0.8109100171717283,4.695533661652859e-31,-2.126397360134651,-0.4201374289981714,-2.8011914859390466e-30,0.0,-1.0,-1.0
7.5600000000000005,13.397249466787152,0.8035044942076495,4.535503564222676e-31,-2.165638736330021,-0.4278907639489369,-3.1123795826378512e-30,0.0,-1.0,-1.0
7.58,13.359768703253565,0.7960989712435711,4.3754734667925e-31,-2.2048801125253896,-0.435644098899702,-3.423567679336642e-30,0.0,-1.0,-1.0
7.6000000000000005,13.322287939719974,0.7886934482794924,4.215443369362317e-31,-2.24412148872076,-0.4433974338504675,-3.734755776035447e-30,0.0,-1.0,-1.0
7.62,13.278213510158777,0.7799851447755316,3.5325279926247536e-31,-2.2726170804377146,-0.4254539279589158,-3.3234355916001725e-25,0.0,-1.0,-1.0
7.640000000000001,13.233236592242156,0.7710985270739764,2.7780442540955006e-31,-2.299641874980374,-0.4039932436821892,-7.101713624016637e-25,0.0,-1.0,-1.0
7.66,13.188259674325534,0.7622119093724216,2.0235605155662804e-31,-2.326666669523033,-0.38253255940546355,-1.0879991656432932e-24,0.0,-1.0,-1.0
7.68,13.143282756408915,0.7533252916708667,1.2690767770370606e-31,-2.3536914640656916,-0.3610718751287379,-1.4658269688849229e-24,0.0,-1.0,-1.0
7.7,13.098305838492292,0.7444386739693114,5.145930385078071e-32,-2.3807162586083512,-0.3396111908520113,-1.843654772126569e-24,0.0,-1.0,-1.0
7.72,13.053328920575671,0.7355520562677565,-2.3989070002141264e-32,-2.40774105315101,-0.31815050657528565,-2.2214825753681988e-24,0.0,-1.0,-1.0
7.74,13.00835200265905,0.7266654385662014,-9.943744385506661e-32,-2.4347658476936695,-0.29668982229855906,-2.599310378609845e-24,0.0,-1.0,-1.0
7.76,12.96337508474243,0.7177788208646465,-1.7488581770798863e-31,-2.461790642236328,-0.27522913802183346,-2.9771381818514747e-24,0.0,-1.0,-1.0
7.78,12.918398166825806,0.7088922031630913,-2.50334191560914e-31,-2.488815436778988,-0.2537684537451068,-3.354965985093121e-24,0.0,-1.0,-1.0
7.8,12.871726585406234,0.701351336243647,-2.3693049420386934e-26,-2.504766919055856,-0.23011987065353126,-2.327776457464057e-24,0.0,-1.0,-1.0
7.82,12.82158720756331,0.6965642843091772,-9.586835972339173e-26,-2.4980590399887044,-0.20199418182883108,1.5745054210929208e-24,0.0,-1.0,-1.0
7.84,12.771447829720389,0.6917772323747077,-1.6804367002639332e-25,-2.4913511609215533,-0.17386849300413215,5.476787299649725e-24,0.0,-1.0,-1.0
7.86,12.721308451877464,0.686990180440238,-2.4021898032939813e-25,-2.4846432818544018,-0.14574280417943192,9.379069178206703e-24,0.0,-1.0,-1.0
7.88,12.671169074034543,0.6822031285057685,-3.1239429063239967e-25,-2.4779354027872507,-0.11761711535473299,1.3281351056763506e-23,0.0,-1.0,-1.0
7.9,12.62102969619162,0.6774160765712988,-3.845696009354045e-25,-2.471227523720099,-0.08949142653003278,1.7183632935320485e-23,0.0,-1.0,-1.0
7.92,12.570890318348697,0.6726290246368292,-4.567449112384061e-25,-2.464519644652948,-0.06136573770533385,2.108591481387729e-23,0.0,-1.0,-1.0
7.94,12.520750940505774,0.6678419727023595,-5.289202215414109e-25,-2.4578117655857965,-0.033240048880633644,2.4988196692434267e-23,0.0,-1.0,-1.0
7.96,12.470611562662853,0.66305492076789,-6.010955318444125e-25,-2.4511038865186454,-0.0051143600559347135,2.889047857099107e-23,0.0,-1.0,-1.0
7.98,12.420472184819928,0.6582678688334203,-6.732708421474173e-25,-2.4443960074514943,0.023011328768765466,3.279276044954805e-23,0.0,-1.0,-1.0
8.0,12.371328349106241,0.6576550585420119,-1.6629396537597642e-25,-2.4148890190260515,0.042746039550480015,2.4868782294521147e-23,0.0,-1.0,-1.0
8.02,12.322470355912516,0.6582407668417758,5.069705206623401e-25,-2.3788358938973087,0.06007151195009138,1.354921909044692e-23,0.0,-1.0,-1.0
8.040000000000001,12.273612362718787,0.6588264751415399,1.1802350067007166e-24,-2.3427827687685627,0.07739698434970428,2.229655886371691e-24,0.0,-1.0,-1.0
8.06,12.224754369525062,0.6594121834413038,1.853499492739033e-24,-2.3067296436398204,0.09472245674931565,-9.089907317702536e-24,0.0,-1.0,-1.0
8.08,12.175896376331336,0.6599978917410678,2.5267639787773494e-24,-2.2706765185110775,0.11204792914892701,-2.0409470521776758e-23,0.0,-1.0,-1.0
8.1,12.127038383137611,0.6605836000408318,3.2000284648156664e-24,-2.234623393382335,0.12937340154853838,-3.1729033725850985e-23,0.0,-1.0,-1.0
8.120000000000001,12.078180389943881,0.6611693083405958,3.8732929508540425e-24,-2.1985702682535893,0.1466988739481513,-4.304859692992622e-23,0.0,-1.0,-1.0
8.14,12.029322396750157,0.6617550166403598,4.546557436892359e-24,-2.162517143124847,0.16402434634776264,-5.436816013400045e-23,0.0,-1.0,-1.0
8.16,11.980464403556432,0.6623407249401239,5.219821922930676e-24,-2.126464017996104,0.18134981874737402,-6.568772333807468e-23,0.0,-1.0,-1.0
8.18,11.933160053656938,0.6636730426923808,5.540837109734877e-24,-2.0905947404109337,0.199036820960964,0.014174050381211263,0.0,-1.0,-1.0
8.2,11.891189173458697,0.6675683804816882,4.652623014805043e-24,-2.0553565892284156,0.21796491134203466,0.07700590306039834,0.0,-1.0,-1.0
8.22,11.849218293260453,0.6714637182709958,3.7644089198751296e-24,-2.020118438045894,0.236893001723107,0.139837755739591,0.0,-1.0,-1.0
8.24,11.807247413062212,0.6753590560603031,2.8761948249452957e-24,-1.9848802868633757,0.2558210921041777,0.2026696084187781,0.0,-1.0,-1.0
8.26,11.765276532863972,0.6792543938496105,1.987980730015462e-24,-1.9496421356808575,0.2747491824852483,0.2655014610979652,0.0,-1.0,-1.0
8.28,11.723305652665731,0.6831497316389178,1.0997666350856273e-24,-1.9144039844983392,0.293677272866319,0.32833331377715225,0.0,-1.0,-1.0
8.3,11.681334772467489,0.6870450694282254,2.1155254015571477e-25,-1.8791658333158177,0.31260536324739135,0.3911651664563449,0.0,-1.0,-1.0
8.32,11.639363892269248,0.6909404072175328,-6.7666155477411985e-25,-1.8439276821332995,0.331533453628462,0.45399701913553203,0.0,-1.0,-1.0
8.34,11.597393012071008,0.6948357450068401,-1.5648756497039545e-24,-1.808689530950781,0.35046154400953267,0.516828871814719,0.0,-1.0,-1.0
8.36,11.555422131872767,0.6987310827961474,-2.4530897446337883e-24,-1.7734513797682627,0.36938963439060335,0.5796607244939062,0.0,-1.0,-1.0
8.38,11.517989900247368,0.7050643450369896,0.008092697514536057,-1.7383762279861572,0.38861663408984953,0.6424925759553051,2.0,-1.0,-1.0
8.4,11.482750451182474,0.7125754552947772,0.020095265047086558,-1.703379827012113,0.407988047512594,0.7053244268283388,0.0,-1.0,-1.0
8.42,11.447511002117578,0.7200865655525649,0.03209783257963706,-1.6683834260380688,0.4273594609353385,0.7681562777013726,0.0,-1.0,-1.0
8.44,11.412271553052681,0.7275976758103525,0.04410040011218756,-1.6333870250640246,0.446730874358083,0.8309881285744063,0.0,-1.0,-1.0
8.46,11.377775624158147,0.7355203437199964,0.05743786915361316,-1.5984711092508428,0.46624480535130647,0.8938199791765684,0.0,-1.0,-1.0
8.48,11.345640152396175,0.7447495857260833,0.07501325656427382,-1.5638107100727239,0.4862111875747123,0.9566518289187691,0.0,-1.0,-1.0
8.5,11.313504680634201,0.7539788277321702,0.09258864397493446,-1.5291503108946047,0.5061775697981181,1.0194836786609698,0.0,-1.0,-1.0
8.52,11.281369208872228,0.7632080697382571,0.11016403138559513,-1.4944899117164856,0.526143952021524,1.0823155284031705,0.0,-1.0,-1.0
8.540000000000001,11.249233737110252,0.7724373117443447,0.12773941879625736,-1.4598295125383633,0.5461103342449316,1.145147378145377,0.0,-1.0,-1.0
8.56,11.219572449972993,0.7830918263116182,0.14979997084035776,-1.4255693291695064,0.566752280705839,1.189918383145964,0.0,-1.0,-1.0
8.58,11.190511154108103,0.7940919703395698,0.17294817802883072,-1.3914061983771722,0.5875580519041474,1.2303096223407497,0.0,-1.0,-1.0
8.6,11.161449858243214,0.8050921143675214,0.19609638521730366,-1.3572430675848377,0.6083638231024557,1.2707008615355355,0.0,-1.0,-1.0
8.620000000000001,11.13238856237832,0.8160922583954738,0.21924459240577868,-1.3230799367925004,0.6291695943007659,1.3110921007303247,0.0,-1.0,-1.0
8.64,11.104448754219277,0.8277754023730313,0.2437187400783419,-1.2892152685321039,0.6504453168272377,1.339107693561728,0.0,-1.0,-1.0
8.66,11.07841752943669,0.8406208973448477,0.2704494153551897,-1.2558585332824594,0.6725208174413349,1.3460620185798968,0.0,-1.0,-1.0
8.68,11.052386304654105,0.8534663923166641,0.2971800906320375,-1.2225017980328152,0.6945963180554321,1.3530163435980656,0.0,-1.0,-1.0
8.700000000000001,11.026355079871516,0.8663118872884816,0.3239107659088877,-1.189145062783168,0.7166718186695313,1.359970668616235,0.0,-1.0,-1.0
8.72,11.00032385508893,0.8791573822602979,0.3506414411857355,-1.1557883275335235,0.7387473192836285,1.3669249936344037,0.0,-1.0,-1.0
8.74,10.977060086041742,0.8938343805350926,0.3779490849972237,-1.1271724766378912,0.7666266032167839,1.3426020943933354,0.0,-1.0,-1.0
8.76,10.953987409745078,0.9086378440679511,0.4052965684718506,-1.0988839836904032,0.7949066382455006,1.31611950358576,0.0,-1.0,-1.0
8.78,10.930914733448413,0.9234413076008097,0.43264405194647754,-1.0705954907429152,0.8231866732742172,1.2896369127781848,0.0,-1.0,-1.0
8.8,10.907842057151747,0.9382447711336697,0.4599915354211069,-1.0423069977954245,0.8514667083029365,1.263154321970607,0.0,-1.0,-1.0
8.82,10.886025651250522,0.9543041294522456,0.4861629472369201,-1.0220121380850493,0.8797361213502373,1.2199298462697785,0.0,-1.0,-1.0
8.84,10.865461999813528,0.9716158676765521,0.5111615788724604,-1.0096885397843005,0.9079949421439228,1.1600103412855953,0.0,-1.0,-1.0
8.86,10.844898348376534,0.9889276059008586,0.5361602105080007,-0.9973649414835518,0.9362537629376084,1.1000908363014121,0.0,-1.0,-1.0
8.88,10.824334696939538,1.0062393441251667,0.5611588421435432,-0.9850413431828019,0.9645125837312964,1.0401713313172234,0.0,-1.0,-1.0
8.9,10.80384317612707,1.0237164826118406,0.5858067619812465,-0.9735773507848463,0.9921622729260446,0.9800596367739689,0.0,-1.0,-1.0
8.92,10.784372556211924,1.0435346139482848,0.605490881887105,-0.9742797917604322,1.011190617164797,0.9172277870317629,0.0,-1.0,-1.0
8.94,10.764901936296779,1.063352745284729,0.6251750017929635,-0.974982232736018,1.0302189614035493,0.854395937289557,0.0,-1.0,-1.0
8.96,10.74543131638163,1.0831708766211747,0.6448591216988238,-0.975684673711604,1.0492473056423035,0.7915640875473454,0.0,-1.0,-1.0
8.98,10.725960696466483,1.102989007957619,0.6645432416046823,-0.9763871146871897,1.0682756498810557,0.7287322378051395,0.0,-1.0,-1.0
9.0,10.70645074614576,1.123872556207925,0.680709340467582,-0.9841721927467741,1.080133912885288,0.6659003873490613,0.0,-1.0,-1.0
9.02,10.68691782379996,1.1453783910505972,0.694820640595628,-0.9960940833898868,1.0878042891004465,0.6030685364760261,0.0,-1.0,-1.0
9.040000000000001,10.667384901454156,1.1668842258932712,0.7089319407236752,-1.0080159740330004,1.0954746653156058,0.5402366856029852,0.0,-1.0,-1.0
9.06,10.647851979108355,1.1883900607359434,0.7230432408517211,-1.019937864676113,1.1031450415307642,0.47740483472995,0.0,-1.0,-1.0
9.08,10.628111200285343,1.21002962750308,0.7360590765463141,-1.0334066251977094,1.1080848590447134,0.41457298373342,0.0,-1.0,-1.0
9.1,10.607520875551462,1.232215780121697,0.7445975567962498,-1.053197714460527,1.1018644038063297,0.35174113223214537,0.0,-1.0,-1.0
9.120000000000001,10.586930550817579,1.2544019327403162,0.7531360370461864,-1.0729888037233462,1.0956439485679454,0.2889092807308651,0.0,-1.0,-1.0
9.14,10.566340226083698,1.2765880853589333,0.7616745172961222,-1.0927798929861634,1.0894234933295617,0.22607742922959043,0.0,-1.0,-1.0
9.16,10.545749901349817,1.2987742379775504,0.770212997546058,-1.1125709822489809,1.0832030380911781,0.16324557772831577,0.0,-1.0,-1.0
9.18,10.52382223618244,1.3205400566673684,0.7745057501148,-1.131698235106539,1.0648376045050718,0.12280865019719504,0.0,-1.0,-1.0
9.200000000000001,10.501476556893172,1.3421744910710738,0.7774714104309046,-1.1506179918134765,1.042676000301355,0.08937173122310715,0.0,-1.0,-1.0
9.22,10.479130877603906,1.3638089254747772,0.7804370707470089,-1.1695377485204121,1.0205143960976406,0.05593481224902225,0.0,-1.0,-1.0
9.24,10.45678519831464,1.3854433598784808,0.7834027310631132,-1.188457505227348,0.9983527918939259,0.02249789327493734,0.0,-1.0,-1.0
9.26,10.433890530723565,1.4064347383673734,0.7853981633974483,-1.2033445516274934,0.9728720076282091,2.618880409532113e-16,0.0,-1.0,-1.0
9.28,10.40986677901083,1.4261035673222286,0.7853981633974483,-1.2099376705256701,0.9405647873663652,3.0381798115228917e-16,0.0,-1.0,-1.0
9.3,10.385843027298096,1.4457723962770856,0.7853981633974483,-1.2165307894238473,0.9082575671045183,3.4574792135137077e-16,0.0,-1.0,-1.0
9.32,10.361819275585361,1.465441225231941,0.7853981633974483,-1.223123908322024,0.8759503468426744,3.8767786155044863e-16,0.0,-1.0,-1.0
9.34,10.337795523872629,1.4851100541867963,0.7853981633974483,-1.2297170272202007,0.8436431265808304,4.2960780174952654e-16,0.0,-1.0,-1.0
9.36,10.31321449975593,1.502048169107997,0.7853981633974483,-1.2220043217623726,0.8061575782297324,3.5614715698295537e-16,0.0,-1.0,-1.0
9.38,10.28861619272446,1.518901595288894,0.7853981633974483,-1.2138479439797214,0.7685114322923,2.791078572699514e-16,0.0,-1.0,-1.0
9.4,10.264017885692992,1.5357550214697897,0.7853981633974483,-1.2056915661970709,0.7308652863548708,2.020685575569543e-16,0.0,-1.0,-1.0
9.42,10.239419578661524,1.5526084476506852,0.7853981633974483,-1.1975351884144205,0.6932191404174417,1.2502925784395718e-16,0.0,-1.0,-1.0
9.44,10.215256758866516,1.567451861974045,0.7853981633974483,-1.1802590896764955,0.6586051903464428,5.1917752162023403e-17,0.0,-1.0,-1.0
9.46,10.191369236868505,1.5810246263449157,0.7853981633974483,-1.1572178642528246,0.6259080745066297,-1.8710757571286117e-17,0.0,-1.0,-1.0
9.48,10.167481714870494,1.5945973907157855,0.7853981633974483,-1.1341766388291559,0.5932109586668194,-8.933926730458935e-17,0.0,-1.0,-1.0
9.5,10.143594192872484,1.6081701550866552,0.7853981633974483,-1.1111354134054872,0.5605138428270091,-1.599677770378926e-16,0.0,-1.0,-1.0
9.52,10.120219594664828,1.6210150446035696,0.7853981633974483,-1.0853349145062388,0.5307222956372678,-1.9660350088646545e-16,0.0,-1.0,-1.0
9.540000000000001,10.098339993170267,1.6317384288702468,0.7853981633974483,-1.0514920809481187,0.5093994833029062,-1.3416192685507978e-16,0.0,-1.0,-1.0
9.56,10.076460391675708,1.6424618131369233,0.7853981633974483,-1.0176492473900018,0.48807667096854657,-7.17203528236997e-17,0.0,-1.0,-1.0
9.58,10.054580790181147,1.6531851974035996,0.7853981633974483,-0.9838064138318848,0.4667538586341869,-9.2787787923196e-18,0.0,-1.0,-1.0
9.6,10.032701188686588,1.6639085816702759,0.7853981633974483,-0.9499635802737678,0.4454310462998272,5.31627952390605e-17,0.0,-1.0,-1.0
9.620000000000001,10.013470625661485,1.6729629286781849,0.7853981633974483,-0.9144596908893344,0.42704120786401795,-1.2094644927402615e-17,0.0,-1.0,-1.0
9.64,9.994540247489326,1.6818281430215989,0.7853981633974483,-0.8787675732837222,0.40898372939525773,-9.182273557313701e-17,0.0,-1.0,-1.0
9.66,9.975609869317168,1.690693357365013,0.7853981633974483,-0.84307545567811,0.3909262509264975,-1.7155082621887142e-16,0.0,-1.0,-1.0
9.68,9.956679491145008,1.699558571708427,0.7853981633974483,-0.8073833380724978,0.3728687724577373,-2.512789168646059e-16,0.0,-1.0,-1.0
9.700000000000001,9.939431768710591,1.707572491093936,0.7853981633974483,-0.7714243886322034,0.3553576304578106,-2.935032999814252e-16,0.0,-1.0,-1.0
9.72,9.923611769150423,1.7148640920295848,0.7853981633974483,-0.7352390340483027,0.3383100515362357,-3.039060217167028e-16,0.0,-1.0,-1.0
9.74,9.907791769590254,1.7221556929652335,0.7853981633974483,-0.699053679464402,0.32126247261466084,-3.1430874345198033e-16,0.0,-1.0,-1.0
9.76,9.891971770030086,1.7294472939008823,0.7853981633974483,-0.6628683248805013,0.30421489369308596,-3.247114651872579e-16,0.0,-1.0,-1.0
9.78,9.876731189244609,1.7364659201094972,0.7853981633974483,-0.6266254866261115,0.2872923530398179,-3.455936377461643e-16,0.0,-1.0,-1.0
9.8,9.864064551281214,1.742271915022836,0.7853981633974483,-0.5901272895751009,0.2709252679003374,-4.1302850829334026e-16,0.0,-1.0,-1.0
9.82,9.85139791331782,1.7480779099361747,0.7853981633974483,-0.5536290925240934,0.2545581827608583,-4.804633788405103e-16,0.0,-1.0,-1.0
9.84,9.838731275354426,1.7538839048495132,0.7853981633974483,-0.517130895473086,0.2381910976213792,-5.478982493876803e-16,0.0,-1.0,-1.0
9.86,9.826064637391033,1.7596898997628518,0.7853981633974483,-0.48063269842207856,0.22182401248190012,-6.153331199348503e-16,0.0,-1.0,-1.0
9.88,9.816026822684696,1.764317037156057,0.7853981633974483,-0.4439564454735694,0.2058611997318157,-4.490618371177515e-16,0.0,-1.0,-1.0
9.9,9.806540808878662,1.768696727468447,0.7853981633974483,-0.40724281785398964,0.18998324543231007,-2.3373466380438407e-16,0.0,-1.0,-1.0
9.92,9.797054795072626,1.7730764177808371,0.7853981633974483,-0.3705291902344099,0.17410529113280446,-1.8407490491016605e-17,0.0,-1.0,-1.0
9.94,9.787568781266591,1.7774561080932272,0.7853981633974483,-0.33381556261483014,0.15822733683329882,1.9691968282235086e-16,0.0,-1.0,-1.0
9.96,9.779584171681398,1.7811864692831825,0.7853981633974483,-0.29702820427406507,0.14252223506511222,2.8400139732650604e-16,0.0,-1.0,-1.0
9.98,9.773297555663367,1.7841824801512463,0.7853981633974483,-0.2601574611335729,0.12701261861805174,2.2604557893137697e-16,0.0,-1.0,-1.0
10.0,9.767010939645335,1.78717849101931,0.7853981633974483,-0.22328671799308075,0.11150300217099127,1.6808976053624795e-16,0.0,-1.0,-1.0
10.02,9.760724323627304,1.7901745018873738,0.7853981633974483,-0.1864159748525886,0.09599338572393079,1.101339421411189e-16,0.0,-1.0,-1.0
10.040000000000001,9.754797710229289,1.7930190782553221,0.7853981633974483,-0.14972466894941122,0.08010725091344749,5.716294877877745e-17,0.0,-1.0,-1.0
10.06,9.751724183783011,1.7946635083679325,0.7853981633974483,-0.11445543614233317,0.06123713884824058,4.3697610284030255e-17,0.0,-1.0,-1.0
10.08,9.748650657336734,1.796307938480543,0.7853981633974483,-0.07918620333525511,0.04236702678303366,3.023227178928306e-17,0.0,-1.0,-1.0
10.1,9.745577130890457,1.7979523685931533,0.7853981633974483,-0.04391697052817706,0.023496914717826743,1.6766933294535875e-17,0.0,-1.0,-1.0
10.120000000000001,9.742503604444181,1.799596798705764,0.7853981633974483,-0.008647737721095866,0.004626802652618153,3.3015947997874862e-18,0.0,-1.0,-1.0
10.14,9.74175,1.8,0.7853981633974483,0.019097434708957937,-0.023385120917965758,-0.011379532548587368,3.0,-1.0,-1.0
10.16,9.74175,1.8,0.7853981633974483,0.04439848818445848,-0.05436667440373143,-0.02645559726229248,0.0,-1.0,-1.0
10.18,9.74175,1.8,0.7853981633974483,0.06969954165995904,-0.0853482278894971,-0.04153166197599759,0.0,-1.0,-1.0
10.200000000000001,9.74175,1.8,0.7853981633974483,0.09500059513546182,-0.11632978137526552,-0.05660772668970404,0.0,-1.0,-1.0
10.22,9.74175,1.8,0.7853981633974483,0.12030164861096236,-0.1473113348610312,-0.07168379140340915,0.0,-1.0,-1.0
10.24,9.74175,1.8,0.7853981633974483,0.14560270208646292,-0.17829288834679685,-0.08675985611711426,0.0,-1.0,-1.0
10.26,9.74175,1.8,0.7853981633974483,0.17090375556196347,-0.20927444183256252,-0.10183592083081937,0.0,-1.0,-1.0
10.28,9.74175,1.8,0.7853981633974483,0.196204809037464,-0.2402559953183282,-0.11691198554452449,0.0,-1.0,-1.0
10.3,9.744559788538462,1.7965593680131804,0.7837239029213502,0.22197197167405,-0.2708482545931909,-0.14203645526249062,0.0,-1.0,-1.0
10.32,9.74864157491863,1.7915611538804326,0.7812917008126702,0.24795014301779508,-0.3012642794684572,-0.1717098614228439,0.0,-1.0,-1.0
10.34,9.752723361298798,1.7865629397476848,0.7788594987039902,0.2739283143615402,-0.33168030434372353,-0.2013832675831972,0.0,-1.0,-1.0
10.36,9.756805147678966,1.781564725614937,0.7764272965953102,0.2999064857052853,-0.3620963292189898,-0.2310566737435505,0.0,-1.0,-1.0
10.38,9.760886934059135,1.7765665114821887,0.7739950944866301,0.3258846570490327,-0.3925123540942588,-0.2607300799039064,0.0,-1.0,-1.0
10.4,9.764968720439303,1.7715682973494409,0.7715628923779501,0.3518628283927777,-0.42292837896952507,-0.2904034860642597,0.0,-1.0,-1.0
10.42,9.769050506819472,1.766570083216693,0.7691306902692701,0.37784099973652285,-0.45334440384479135,-0.320076892224613,0.0,-1.0,-1.0
10.44,9.77313229319964,1.7615718690839453,0.76669848816059,0.4038191710802679,-0.48376042872005764,-0.34975029838496624,0.0,-1.0,-1.0
10.46,9.779820631564162,1.753521825438422,0.7612889681073034,0.4316299052411291,-0.5124430919948468,-0.3785375633026592,0.0,-1.0,-1.0
10.48,9.788093442878342,1.7436166331754972,0.7540695935895451,0.46055461918435797,-0.5400720780038728,-0.406786159957831,0.0,-1.0,-1.0
10.5,9.796366254192522,1.7337114409125722,0.7468502190717866,0.48947933312758685,-0.5677010640128988,-0.4350347566130028,0.0,-1.0,-1.0
10.52,9.8046390655067,1.7238062486496473,0.7396308445540283,0.5184040470708157,-0.5953300500219246,-0.4632833532681746,0.0,-1.0,-1.0
10.540000000000001,9.81291187682088,1.7139010563867214,0.7324114700362692,0.5473287610140471,-0.622959036030953,-0.4915319499233489,0.0,-1.0,-1.0
10.56,9.82118468813506,1.7039958641237964,0.7251920955185108,0.576253474957276,-0.650588022039979,-0.5197805465785207,0.0,-1.0,-1.0
10.58,9.82945749944924,1.6940906718608717,0.7179727210007524,0.6051781889005048,-0.6782170080490049,-0.5480291432336926,0.0,-1.0,-1.0
10.6,9.83773031076342,1.6841854795979467,0.710753346482994,0.6341029028437336,-0.7058459940580308,-0.5762777398888643,0.0,-1.0,-1.0
10.620000000000001,9.84859530475207,1.671804225549714,0.7010023817489466,0.6650666450840649,-0.7310063470630974,-0.6002761542541323,0.0,-1.0,-1.0
10.64,9.861534502923938,1.6574416845483777,0.6892256975050299,0.6976619702622783,-0.754191357452813,-0.6208736717721229,0.0,-1.0,-1.0
10.66,9.874473701095805,1.6430791435470413,0.6774490132611133,0.7302572954404917,-0.7773763678425284,-0.6414711892901136,0.0,-1.0,-1.0
10.68,9.887412899267673,1.6287166025457047,0.6656723290171966,0.7628526206187051,-0.8005613782322438,-0.6620687068081044,0.0,-1.0,-1.0
10.700000000000001,9.900352097439542,1.6143540615443672,0.653895644773279,0.7954479457969214,-0.8237463886219614,-0.6826662243260968,0.0,-1.0,-1.0
10.72,9.91329129561141,1.5999915205430306,0.6421189605293623,0.8280432709751347,-0.8469313990116769,-0.7032637418440875,0.0,-1.0,-1.0
10.74,9.926230493783278,1.5856289795416942,0.6303422762854457,0.8606385961533481,-0.8701164094013923,-0.7238612593620781,0.0,-1.0,-1.0
10.76,9.939169691955145,1.5712664385403579,0.618565592041529,0.8932339213315615,-0.8933014197911078,-0.7444587768800688,0.0,-1.0,-1.0
10.78,9.954680670788706,1.5550745934582855,0.6051637576589949,0.9278389066215211,-0.9129231047252448,-0.7596540411637989,0.0,-1.0,-1.0
10.8,9.972878430802613,1.536971644583242,0.5900641024347727,0.9645434165900665,-0.928822125469513,-0.769205483430568,0.0,-1.0,-1.0
10.82,9.991076190816516,1.5188686957082003,0.5749644472105518,1.0012479265586085,-0.9447211462137798,-0.7787569256973365,0.0,-1.0,-1.0
10.84,10.00927395083042,1.5007657468331586,0.559864791986331,1.0379524365271506,-0.9606201669580465,-0.7883083679641049,0.0,-1.0,-1.0
10.86,10.027471710844324,1.4826627979581168,0.5447651367621101,1.0746569464956928,-0.9765191877023133,-0.7978598102308732,0.0,-1.0,-1.0
10.88,10.045669470858229,1.4645598490830734,0.529665481537888,1.1113614564642382,-0.9924182084465814,-0.8074112524976425,0.0,-1.0,-1.0
10.9,10.063867230872134,1.4464569002080316,0.5145658263136671,1.1480659664327804,-1.0083172291908482,-0.8169626947644107,0.0,-1.0,-1.0
10.92,10.082064990886037,1.42835395133299,0.49946617108944624,1.1847704764013225,-1.0242162499351148,-0.8265141370311792,0.0,-1.0,-1.0
10.94,10.102765349484766,1.4091669703635594,0.48371527638756057,1.2227607651194121,-1.0352948244875926,-0.8308160153268003,0.0,-1.0,-1.0
10.96,10.126884600832044,1.388499052943044,0.4670746992806504,1.262507603877019,-1.039788008706282,-0.827946269574198,0.0,-1.0,-1.0
10.98,10.15100385217932,1.3678311355225306,0.4504341221737417,1.3022544426346223,-1.044281192924971,-0.8250765238215962,0.0,-1.0,-1.0
11.0,10.175123103526596,1.3471632181020172,0.433793545066833,1.3420012813922257,-1.04877437714366,-0.8222067780689943,0.0,-1.0,-1.0
11.02,10.19924235487387,1.3264953006815037,0.41715296795992424,1.3817481201498292,-1.053267561362349,-0.8193370323163924,0.0,-1.0,-1.0
11.040000000000001,10.223361606221149,1.3058273832609886,0.40051239085301404,1.4214949589074362,-1.0577607455810383,-0.8164672865637903,0.0,-1.0,-1.0
11.06,10.247480857568425,1.285159465840475,0.38387181374610535,1.4612417976650396,-1.0622539297997273,-0.8135975408111884,0.0,-1.0,-1.0
11.08,10.2716001089157,1.2644915484199615,0.36723123663919666,1.500988636422643,-1.0667471140184162,-0.8107277950585865,0.0,-1.0,-1.0
11.1,10.298003386324318,1.243565433110643,0.3507555675927336,1.5403694235746561,-1.0660632265915406,-0.8035941879805542,0.0,-1.0,-1.0
11.120000000000001,10.328534943991277,1.2221726360654432,0.33457796287307423,1.5790885879709304,-1.0560220016840927,-0.7887538323535426,0.0,-1.0,-1.0
11.14,10.359066501658234,1.2007798390202455,0.3184003581534163,1.6178077523672012,-1.0459807767766458,-0.7739134767265323,0.0,-1.0,-1.0
11.16,10.38959805932519,1.1793870419750478,0.3022227534337583,1.6565269167634722,-1.0359395518691987,-0.759073121099522,0.0,-1.0,-1.0
11.18,10.420129616992146,1.1579942449298501,0.28604514871410036,1.695246081159743,-1.0258983269617516,-0.7442327654725117,0.0,-1.0,-1.0
11.200000000000001,10.450661174659105,1.1366014478846505,0.26986754399444096,1.7339652455560173,-1.0158571020543037,-0.7293924098455001,0.0,-1.0,-1.0
11.22,10.481192732326061,1.1152086508394528,0.253689939274783,1.772684409952288,-1.0058158771468566,-0.7145520542184898,0.0,-1.0,-1.0
11.24,10.511724289993017,1.093815853794255,0.23751233455512505,1.811403574348559,-0.9957746522394095,-0.6997116985914795,0.0,-1.0,-1.0
11.26,10.544065828119784,1.0728924475832458,0.22202846261922815,1.8484080171602189,-0.9820096528330051,-0.6818665691916127,0.0,-1.0,-1.0
11.28,10.580843898724916,1.0531195884235243,0.2082450333647871,1.8812094212262127,-0.9591171258794444,-0.6566562904271963,0.0,-1.0,-1.0
11.3,10.617621969330052,1.033346729263801,0.19446160411034488,1.9140108252922097,-0.9362245989258818,-0.6314460116627778,0.0,-1.0,-1.0
11.32,10.654400039935185,1.0135738701040795,0.18067817485590387,1.9468122293582035,-0.9133320719723211,-0.6062357328983615,0.0,-1.0,-1.0
11.34,10.691178110540317,0.9938010109443581,0.16689474560146283,1.9796136334241976,-0.8904395450187605,-0.5810254541339452,0.0,-1.0,-1.0
11.36,10.727956181145451,0.9740281517846368,0.15311131634702185,2.0124150374901912,-0.8675470180651998,-0.5558151753695288,0.0,-1.0,-1.0
11.38,10.764734251750586,0.9542552926249135,0.1393278870925796,2.0452164415561884,-0.8446544911116372,-0.5306048966051103,0.0,-1.0,-1.0
11.4,10.80151232235572,0.9344824334651921,0.12554445783813856,2.078017845622182,-0.8217619641580766,-0.5053946178406941,0.0,-1.0,-1.0
11.42,10.839472175024707,0.9155343553939757,0.11266931455854907,2.1091510429473295,-0.7970685257834379,-0.4786218236560968,0.0,-1.0,-1.0
11.44,10.881542053913499,0.8994547181317993,0.10295302711701652,2.1344825162028407,-0.7661118402445722,-0.44641488087320197,0.0,-1.0,-1.0
11.46,10.923611932802295,0.8833750808696217,0.09323673967548311,2.1598139894583537,-0.7351551547057038,-0.41420793809030426,0.0,-1.0,-1.0
11.48,10.965681811691088,0.8672954436074454,0.08352045223395058,2.1851454627138645,-0.7041984691668383,-0.38200099530740944,0.0,-1.0,-1.0
11.5,11.00775169057988,0.8512158063452692,0.07380416479241803,2.2104769359693757,-0.6732417836279726,-0.3497940525245147,0.0,-1.0,-1.0
11.52,11.049821569468673,0.8351361690830928,0.06408787735088547,2.2358084092248864,-0.6422850980891069,-0.31758710974161986,0.0,-1.0,-1.0
11.540000000000001,11.091891448357469,0.8190565318209152,0.054371589909352064,2.2611398824804,-0.6113284125502385,-0.28538016695872215,0.0,-1.0,-1.0
11.56,11.133961327246261,0.8029768945587389,0.04465530246781951,2.2864713557359106,-0.580371727011373,-0.2531732241758273,0.0,-1.0,-1.0
11.58,11.176672356501232,0.7876807841790577,0.03575418645159009,2.310800877224867,-0.548744762216777,-0.22162320590314466,0.0,-1.0,-1.0
11.6,11.222828929354133,0.7765953491357752,0.03123380362032912,2.329745907529222,-0.5135157151022793,-0.19360350151607877,0.0,-1.0,-1.0
11.620000000000001,11.26898550220704,0.7655099140924918,0.026713420789067743,2.3486909378335787,-0.4782866679877785,-0.16558379712901042,0.0,-1.0,-1.0
11.64,11.31514207505994,0.7544244790492094,0.02219303795780677,2.3676359681379338,-0.4430576208732808,-0.13756409274194453,0.0,-1.0,-1.0
11.66,11.361298647912843,0.7433390440059269,0.017672655126545794,2.3865809984422888,-0.4078285737587831,-0.10954438835487865,0.0,-1.0,-1.0
11.68,11.407455220765744,0.7322536089626445,0.01315227229528482,2.4055260287466433,-0.3725995266442854,-0.08152468396781276,0.0,-1.0,-1.0
11.700000000000001,11.45361179361865,0.7211681739193609,0.008631889464023441,2.424471059051,-0.3373704795297846,-0.053504979580744405,0.0,-1.0,-1.0
11.72,11.499768366471551,0.7100827388760785,0.004111506632762468,2.443416089355355,-0.3021414324152869,-0.02548527519367852,0.0,-1.0,-1.0
11.74,11.546201393768296,0.6995113820105986,8.162163083311334e-18,2.4625568688279347,-0.2670256795745257,-1.9659690645901015e-16,0.0,-1.0,-1.0
11.76,11.595414343896667,0.6941094036649624,5.6679435616518494e-18,2.483666028965545,-0.2330491717170406,-1.639669968941732e-16,0.0,-1.0,-1.0
11.78,11.644627294025037,0.6887074253193263,3.1737240399923645e-18,2.5047751891031553,-0.19907266385955547,-1.3133708732933627e-16,0.0,-1.0,-1.0
11.8,11.693840244153414,0.6833054469736897,6.795045183326577e-19,2.525884349240767,-0.16509615600206734,-9.87071777644964e-17,0.0,-1.0,-1.0
11.82,11.743053194281785,0.6779034686280535,-1.814715003326827e-18,2.5469935093783773,-0.13111964814458224,-6.607726819965945e-17,0.0,-1.0,-1.0
11.84,11.792266144410155,0.6725014902824172,-4.308934524986312e-18,2.568102669515987,-0.09714314028709711,-3.3447358634822525e-17,0.0,-1.0,-1.0
11.86,11.841479094538526,0.6670995119367811,-6.803154046645797e-18,2.5892118296535975,-0.06316663242961201,-8.174490699855724e-19,0.0,-1.0,-1.0
11.88,11.890692044666903,0.6616975335911445,-9.297373568305504e-18,2.6103209897912096,-0.029190124572123888,3.181246049485429e-17,0.0,-1.0,-1.0
11.9,11.939904994795272,0.6562955552455083,-1.1791593089964989e-17,2.6314301499288195,0.00478638328536124,6.444237005969122e-17,0.0,-1.0,-1.0
11.92,11.991537111870603,0.6547873767595581,-1.1566260637941188e-17,2.6349438955081848,0.035459938887119694,6.877292160081433e-17,0.0,-1.0,-1.0
11.94,12.044300211098504,0.6550995844823907,-1.006951335070283e-17,2.630231627642105,0.06458933481163226,5.987327053262038e-17,0.0,-1.0,-1.0
11.96,12.097063310326408,0.6554117922052234,-8.57276606346434e-18,2.625519359776025,0.0937187307361474,5.097361946442565e-17,0.0,-1.0,-1.0
11.98,12.14982640955431,0.655723999928056,-7.076018776225981e-18,2.620807091909946,0.12284812666065995,4.207396839623171e-17,0.0,-1.0,-1.0
12.0,12.202589508782209,0.6560362076508885,-5.579271488987622e-18,2.6160948240438664,0.1519775225851725,3.317431732803776e-17,0.0,-1.0,-1.0
12.02,12.25535260801011,0.6563484153737212,-4.082524201749263e-18,2.6113825561777873,0.18110691850968508,2.4274666259843815e-17,0.0,-1.0,-1.0
12.040000000000001,12.308115707238015,0.6566606230965538,-2.585776914510772e-18,2.606670288311707,0.2102363144342002,1.5375015191649086e-17,0.0,-1.0,-1.0
12.06,12.360878806465916,0.6569728308193865,-1.089029627272413e-18,2.601958020445628,0.23936571035871274,6.4753641234551394e-18,0.0,-1.0,-1.0
12.08,12.413426024057946,0.6586195343354949,8.639785211511837e-25,2.5892880423609257,0.2663327039115472,-5.137203568459384e-24,0.0,-1.0,-1.0
12.1,12.465396611721555,0.6638307384199589,7.57794742181845e-25,2.5553626487552332,0.28752381977207414,-4.50583642363253e-24,0.0,-1.0,-1.0
12.120000000000001,12.51736719938517,0.6690419425044234,6.516109632124967e-25,2.5214372551495376,0.308714935632603,-3.87446927880562e-24,0.0,-1.0,-1.0
12.14,12.56933778704878,0.6742531465888875,5.454271842431579e-25,2.4875118615438456,0.32990605149313,-3.243102133978766e-24,0.0,-1.0,-1.0
12.16,12.62130837471239,0.6794643506733514,4.392434052738191e-25,2.453586467938153,0.3510971673536569,-2.6117349891519123e-24,0.0,-1.0,-1.0
12.18,12.673278962376,0.6846755547578155,3.330596263044802e-25,2.4196610743324607,0.37228828321418395,-1.9803678443250585e-24,0.0,-1.0,-1.0
12.200000000000001,12.725249550039614,0.6898867588422799,2.2687584733513204e-25,2.3857356807267656,0.39347939907471274,-1.3490006994981482e-24,0.0,-1.0,-1.0
12.22,12.777220137703225,0.695097962926744,1.2069206836579314e-25,2.351810287121073,0.41467051493523976,-7.176335546712944e-25,0.0,-1.0,-1.0
12.24,12.829190725366834,0.7003091670112079,1.4508289396454343e-26,2.3178848935153806,0.4358616307957667,-8.626640984444062e-26,0.0,-1.0,-1.0
12.26,12.876235238777006,0.7085973880186128,1.0089050466245431e-30,2.279247050234403,0.4327171727783806,-6.33967112332373e-30,0.0,-1.0,-1.0
12.280000000000001,12.92250023679256,0.7173725245570381,8.670015339646215e-31,2.239863496093356,0.4257217873289451,-5.4963283833474005e-30,0.0,-1.0,-1.0
12.3,12.968765234808108,0.7261476610954626,7.250980213047123e-31,2.200479941952312,0.4187264018795102,-4.652985643371146e-30,0.0,-1.0,-1.0
12.32,13.015030232823657,0.7349227976338871,5.831945086448032e-31,2.1610963878112677,0.4117310164300753,-3.809642903394891e-30,0.0,-1.0,-1.0
12.34,13.061295230839205,0.7436979341723116,4.412909959848941e-31,2.121712833670224,0.4047356309806404,-2.966300163418636e-30,0.0,-1.0,-1.0
12.36,13.107560228854753,0.7524730707107361,2.993874833249851e-31,2.08232927952918,0.39774024553120557,-2.122957423442382e-30,0.0,-1.0,-1.0
12.38,13.153825226870305,0.7612482072491613,1.5748397066506336e-31,2.0429457253881327,0.39074486008177,-1.279614683466052e-30,0.0,-1.0,-1.0
12.4,13.200090224885853,0.7700233437875859,1.5580458005154246e-32,2.0035621712470886,0.38374947463233516,-4.362719434897972e-31,0.0,-1.0,-1.0
12.42,13.243345802223828,0.7782639410220222,-6.163058751041463e-32,1.9642054193506238,0.3766067204494863,2.92380159880141e-32,0.0,-1.0,-1.0
12.44,13.282987254425207,0.7858625901401857,-6.115004494159301e-32,1.924880855265777,0.3692869856777326,4.0994547237930206e-32,0.0,-1.0,-1.0
12.46,13.322628706626588,0.7934612392583498,-6.066950237277134e-32,1.8855562911809267,0.3619672509059783,5.275107848784735e-32,0.0,-1.0,-1.0
12.48,13.362270158827966,0.8010598883765132,-6.018895980394971e-32,1.84623172709608,0.35464751613422457,6.450760973776346e-32,0.0,-1.0,-1.0
12.5,13.401911611029345,0.8086585374946766,-5.970841723512809e-32,1.8069071630112332,0.3473277813624709,7.626414098767956e-32,0.0,-1.0,-1.0
12.52,13.441553063230725,0.8162571866128401,-5.922787466630645e-32,1.7675825989263865,0.3400080465907172,8.802067223759565e-32,0.0,-1.0,-1.0
12.540000000000001,13.481194515432106,0.8238558357310042,-5.874733209748478e-32,1.7282580348415362,0.33268831181896286,9.97772034875128e-32,0.0,-1.0,-1.0
12.56,13.520835967633484,0.8314544848491675,-5.826678952866316e-32,1.6889334707566894,0.3253685770472092,1.115337347374289e-31,0.0,-1.0,-1.0
12.58,13.560177644561586,0.8389973348620495,-5.769674427335231e-32,1.6496101049642307,0.318042467826714,1.9950130021191586e-31,0.0,-1.0,-1.0
12.6,13.593205471925923,0.8453649473288573,-5.524159858307711e-32,1.6103119775371304,0.3105821003334606,1.8926212851405524e-30,0.0,-1.0,-1.0
12.620000000000001,13.626233299290261,0.8517325597956655,-5.27864528928017e-32,1.5710138501100264,0.30312173284020655,3.5857412700693395e-30,0.0,-1.0,-1.0
12.64,13.659261126654599,0.8581001722624733,-5.03313072025265e-32,1.531715722682926,0.2956613653469532,5.278861254997976e-30,0.0,-1.0,-1.0
12.66,13.692288954018935,0.8644677847292809,-4.7876161512251305e-32,1.4924175952558256,0.2882009978536998,6.971981239926613e-30,0.0,-1.0,-1.0
12.68,13.72531678138327,0.8708353971960886,-4.5421015821976107e-32,1.4531194678287251,0.2807406303604464,8.66510122485525e-30,0.0,-1.0,-1.0
12.700000000000001,13.75834460874761,0.8772030096628969,-4.2965870131700696e-32,1.4138213404016213,0.27328026286719237,1.0358221209784036e-29,0.0,-1.0,-1.0
12.72,13.791372436111946,0.8835706221297046,-4.05107244414255e-32,1.3745232129745208,0.26581989537393896,1.2051341194712673e-29,0.0,-1.0,-1.0
12.74,13.824400263476281,0.8899382345965123,-3.80555787511503e-32,1.3352250855474206,0.25835952788068556,1.374446117964131e-29,0.0,-1.0,-1.0
12.76,13.853222657601055,0.8955074864418455,1.4558561482612367e-31,1.2959364997742895,0.25084917063929163,1.2209559156368998e-29,0.0,-1.0,-1.0
12.780000000000001,13.87964130625866,0.9006204105759263,4.327892992368794e-31,1.2566533678286613,0.2433102402108666,8.829581292361664e-30,0.0,-1.0,-1.0
12.8,13.906059954916262,0.9057333347100066,7.1999298364760954e-31,1.2173702358830365,0.2357713097824423,5.44960342835463e-30,0.0,-1.0,-1.0
12.82,13.932478603573864,0.9108462588440869,1.0071966680583398e-30,1.1780871039374117,0.22823237935401794,2.0696255643475957e-30,0.0,-1.0,-1.0
12.84,13.958897252231466,0.9159591829781673,1.2944003524690699e-30,1.138803971991787,0.2206934489255936,-1.310352299659437e-30,0.0,-1.0,-1.0
12.86,13.98531590088907,0.9210721071122475,1.5816040368798e-30,1.0995208400461625,0.21315451849716927,-4.6903301636664725e-30,0.0,-1.0,-1.0
12.88,14.011734549546674,0.9261850312463282,1.868807721290556e-30,1.060237708100534,0.20561558806874425,-8.070308027673805e-30,0.0,-1.0,-1.0
12.9,14.038153198204277,0.9312979553804086,2.1560114057012863e-30,1.0209545761549095,0.1980766576403199,-1.1450285891680838e-29,0.0,-1.0,-1.0
12.92,14.063070306013921,0.936122714813063,2.314020715419757e-30,0.9816736399523543,0.19052632495042174,-1.368388950809611e-29,0.0,-1.0,-1.0
12.94,14.08288229791236,0.9399677378607235,2.0327797318294907e-30,0.9424001690964112,0.18293722550532474,-1.2019914567428605e-29,0.0,-1.0,-1.0
12.96,14.102694289810797,0.9438127609083843,1.7515387482391998e-30,0.9031266982404645,0.17534812606022707,-1.0355939626760952e-29,0.0,-1.0,-1.0
12.98,14.122506281709233,0.9476577839560448,1.4702977646489333e-30,0.8638532273845214,0.16775902661513006,-8.691964686093448e-30,0.0,-1.0,-1.0
13.0,14.142318273607671,0.9515028070037054,1.189056781058667e-30,0.8245797565285782,0.16016992717003306,-7.027989745425945e-30,0.0,-1.0,-1.0
13.02,14.162130265506107,0.9553478300513658,9.078157974684008e-31,0.785306285672635,0.15258082772493606,-5.3640148047584404e-30,0.0,-1.0,-1.0
13.040000000000001,14.181942257404545,0.9591928530990267,6.265748138781095e-31,0.7460328148166884,0.1449917282798384,-3.700039864090789e-30,0.0,-1.0,-1.0
13.06,14.201754249302983,0.9630378761466872,3.453338302878434e-31,0.7067593439607451,0.13740262883474139,-2.036064923423286e-30,0.0,-1.0,-1.0
13.08,14.221566241201419,0.9668828991943477,6.409284669757695e-32,0.6674858731048021,0.12981352938964438,-3.720899827557804e-31,0.0,-1.0,-1.0
13.1,14.23597365266565,0.9696835557146735,1.1837674818231945e-32,0.6282179189239181,0.12219594840543824,-6.361429257111373e-32,0.0,-1.0,-1.0
13.120000000000001,14.249180612611813,0.9722522402256224,1.0444243018737736e-32,0.5889511900927188,0.1145720411749526,-5.621861272143949e-32,0.0,-1.0,-1.0
13.14,14.262387572557973,0.9748209247365711,9.050811219243653e-33,0.5496844612615229,0.10694813394446762,-4.882293287176592e-32,0.0,-1.0,-1.0
13.16,14.275594532504135,0.9773896092475198,7.65737941974957e-33,0.5104177324303271,0.09932422671398264,-4.1427253022092346e-32,0.0,-1.0,-1.0
13.18,14.288801492450295,0.9799582937584687,6.263947620255485e-33,0.4711510035991312,0.09170031948349766,-3.403157317241877e-32,0.0,-1.0,-1.0
13.200000000000001,14.302008452396457,0.9825269782694176,4.870515820761278e-33,0.4318842747679319,0.08407641225301202,-2.663589332274454e-32,0.0,-1.0,-1.0
13.22,14.315215412342617,0.9850956627803663,3.477084021267194e-33,0.39261754593673603,0.07645250502252704,-1.9240213473070964e-32,0.0,-1.0,-1.0
13.24,14.328422372288777,0.987664347291315,2.08365222177311e-33,0.35335081710554017,0.06882859779204206,-1.1844533623397394e-32,0.0,-1.0,-1.0
13.26,14.338926838898706,0.9897083240127502,1.1992605921234941e-33,0.3140861229771373,0.06119422886437206,-7.111575325583786e-33,0.0,-1.0,-1.0
13.280000000000001,14.345529900769682,0.9909948159962484,1.0497354297918241e-33,0.2748243662099492,0.05354475710021042,-6.222605962601296e-33,0.0,-1.0,-1.0
13.3,14.352132962640656,0.9922813079797465,9.002102674601673e-34,0.2355626094427647,0.045895285336049446,-5.333636599618886e-33,0.0,-1.0,-1.0
13.32,14.358736024511632,0.9935677999632445,7.5068510512851044e-34,0.19630085267558012,0.038245813571888485,-4.444667236636475e-33,0.0,-1.0,-1.0
13.34,14.365339086382608,0.9948542919467426,6.011599427968536e-34,0.15703909590839554,0.030596341807727516,-3.555697873654064e-33,0.0,-1.0,-1.0
13.36,14.371942148253583,0.9961407839302406,4.516347804651968e-34,0.117777339141211,0.022946870043566554,-2.6667285106716536e-33,0.0,-1.0,-1.0
13.38,14.378545210124559,0.9974272759137388,3.021096181335268e-34,0.07851558237402295,0.015297398279404906,-1.7777591476891636e-33,0.0,-1.0,-1.0
13.4,14.385148271995535,0.9987137678972369,1.5258445580186997e-34,0.03925382560683838,0.007647926515243937,-8.887897847067529e-34,1.0,2.0,4.0
