0.0,14.54175,4.9,-1.3871195550218626e-29,3.0601869262100228e-27,-6.922382067680667e-27,5.4302792697661344e-30,1.0,0.0,6.0
0.02,14.54175,4.9,-1.4324793648239682e-29,-0.039886532914412284,-0.003010723635283402,1.6478240713179077e-29,0.0,-1.0,-1.0
0.04,14.54175,4.9,-1.4778391746260738e-29,-0.07977306582882457,-0.006021447270566804,2.752620215659202e-29,0.0,-1.0,-1.0
0.06,14.54175,4.9,-1.5231989844281797e-29,-0.11965959874323684,-0.009032170905850206,3.857416360000496e-29,0.0,-1.0,-1.0
0.08,14.54175,4.9,-1.5685587942302853e-29,-0.15954613165764914,-0.012042894541133609,4.962212504341791e-29,0.0,-1.0,-1.0
0.1,14.54175,4.9,-1.613918604032391e-29,-0.19943266457206144,-0.01505361817641701,6.067008648683085e-29,0.0,-1.0,-1.0
0.12,14.54175,4.9,-1.6592784138344965e-29,-0.23931919748647368,-0.018064341811700413,7.171804793024379e-29,0.0,-1.0,-1.0
0.14,14.54175,4.9,-1.704638223636602e-29,-0.27920573040088603,-0.02107506544698382,8.276600937365675e-29,0.0,-1.0,-1.0
0.16,14.54175,4.9,-1.749998033438708e-29,-0.3190922633152983,-0.024085789082267217,9.381397081706968e-29,0.0,-1.0,-1.0
0.18,14.539952745287472,4.899864339243192,-1.7310881846308889e-29,-0.35898388036239504,-0.027025929837381477,9.900736929536241e-29,0.0,-1.0,-1.0
0.2,14.532978751003256,4.8993379267452974,-1.5270586181415515e-29,-0.398890141539048,-0.029762766527519066,8.733752208832072e-29,0.0,-1.0,-1.0
0.22,14.52600475671904,4.898811514247403,-1.323029051652214e-29,-0.43879640271570086,-0.03249960321765665,7.566767488127904e-29,0.0,-1.0,-1.0
0.24,14.519030762434824,4.898285101749509,-1.1189994851628767e-29,-0.4787026638923538,-0.03523643990779424,6.399782767423736e-29,0.0,-1.0,-1.0
0.26,14.512056768150607,4.8977586892516145,-9.149699186735392e-30,-0.5186089250690067,-0.03797327659793183,5.232798046719567e-29,0.0,-1.0,-1.0
0.28,14.505082773866391,4.89723227675372,-7.109403521842016e-30,-0.5585151862456597,-0.04071011328806942,4.0658133260153975e-29,0.0,-1.0,-1.0
0.3,14.498108779582177,4.896705864255826,-5.069107856948646e-30,-0.5984214474223125,-0.043446949978207,2.898828605311232e-29,0.0,-1.0,-1.0
0.32,14.49113478529796,4.896179451757932,-3.0288121920552695e-30,-0.6383277085989654,-0.04618378666834459,1.7318438846070627e-29,0.0,-1.0,-1.0
0.34,14.484160791013744,4.895653039260037,-9.88516527161893e-31,-0.6782339697756183,-0.048920623358482185,5.648591639028935e-30,0.0,-1.0,-1.0
0.36,14.47359050942559,4.894879987494231,1.1151932381023728e-34,-0.7181528509711769,-0.05145949698245089,-1.0566194629071632e-32,0.0,-1.0,-1.0
0.38,14.459639071452608,4.893875050490966,-1.699955228127341e-35,-0.7580835972525569,-0.053812249746608413,-1.8595785618592946e-32,0.0,-1.0,-1.0
0.4,14.445687633479626,4.8928701134876995,-1.4551842837278415e-34,-0.7980143435339369,-0.056165002510765935,-2.662537660811426e-32,0.0,-1.0,-1.0
0.42,14.431736195506645,4.891865176484433,-2.7403730446429446e-34,-0.8379450898153167,-0.05851775527492345,-3.4654967597635556e-32,0.0,-1.0,-1.0
0.44,14.417784757533662,4.890860239481167,-4.025561805558052e-34,-0.8778758360966967,-0.06087050803908098,-4.268455858715687e-32,0.0,-1.0,-1.0
0.46,14.40383331956068,4.889855302477902,-5.310750566473159e-34,-0.9178065823780767,-0.06322326080323849,-5.071414957667819e-32,0.0,-1.0,-1.0
0.48,14.389881881587698,4.888850365474636,-6.595939327388262e-34,-0.9577373286594566,-0.06557601356739601,-5.874374056619948e-32,0.0,-1.0,-1.0
0.5,14.375930443614717,4.88784542847137,-7.881128088303369e-34,-0.9976680749408364,-0.06792876633155354,-6.677333155572079e-32,0.0,-1.0,-1.0
0.52,14.361979005641734,4.886840491468105,-9.166316849218477e-34,-1.0375988212222165,-0.07028151909571106,-7.48029225452421e-32,0.0,-1.0,-1.0
0.54,14.342629826876168,4.885517515090355,-2.1300313983937764e-33,-1.0775526308269496,-0.0721879321442616,-2.948874144796352e-31,0.0,-1.0,-1.0
0.56,14.321696664095759,4.884101209057733,-3.6617928062215123e-33,-1.1175132084364692,-0.07396336539925064,-5.772000841411546e-31,0.0,-1.0,-1.0
0.58,14.30076350131535,4.882684903025111,-5.19355421404924e-33,-1.1574737860459887,-0.07573879865423967,-8.595127538026723e-31,0.0,-1.0,-1.0
0.6,14.27983033853494,4.881268596992488,-6.725315621876976e-33,-1.1974343636555083,-0.07751423190922871,-1.1418254234641916e-30,0.0,-1.0,-1.0
0.62,14.25889717575453,4.879852290959866,-8.257077029704713e-33,-1.2373949412650278,-0.07928966516421775,-1.424138093125711e-30,0.0,-1.0,-1.0
0.64,14.237964012974121,4.8784359849272425,-9.788838437532448e-33,-1.2773555188745476,-0.08106509841920678,-1.70645076278723e-30,0.0,-1.0,-1.0
0.66,14.217030850193712,4.87701967889462,-1.1320599845360184e-32,-1.3173160964840671,-0.08284053167419582,-1.9887634324487496e-30,0.0,-1.0,-1.0
0.68,14.196097687413301,4.875603372861997,-1.285236125318792e-32,-1.3572766740935869,-0.08461596492918486,-2.271076102110269e-30,0.0,-1.0,-1.0
0.7000000000000001,14.174949100898976,4.874177495634863,-1.5906230789871104e-32,-1.3972382136723285,-0.08636166051435332,1.9064653108492122e-28,0.0,-1.0,-1.0
0.72,14.147028997427563,4.87245076248643,-6.6805250987089e-32,-1.437229991288357,-0.0871725977430779,6.456509350185057e-27,0.0,-1.0,-1.0
0.74,14.11910889395615,4.870724029337997,-1.1770427118430719e-31,-1.4772217689043858,-0.08798353497180247,1.2722372169285226e-26,0.0,-1.0,-1.0
0.76,14.091188790484738,4.868997296189564,-1.6860329138152538e-31,-1.5172135465204146,-0.08879447220052705,1.8988234988385398e-26,0.0,-1.0,-1.0
0.78,14.063268687013323,4.8672705630411315,-2.1950231157874355e-31,-1.5572053241364434,-0.08960540942925163,2.5254097807485567e-26,0.0,-1.0,-1.0
0.8,14.03534858354191,4.865543829892698,-2.7040133177596172e-31,-1.5971971017524722,-0.09041634665797622,3.1519960626585736e-26,0.0,-1.0,-1.0
0.8200000000000001,14.007428480070498,4.863817096744265,-3.2130035197317994e-31,-1.637188879368501,-0.0912272838867008,3.778582344568591e-26,0.0,-1.0,-1.0
0.84,13.979508376599085,4.862090363595832,-3.7219937217039785e-31,-1.6771806569845298,-0.09203822111542538,4.4051686264786045e-26,0.0,-1.0,-1.0
0.86,13.95158827312767,4.860363630447399,-4.23098392367616e-31,-1.7171724346005586,-0.09284915834414996,5.031754908388621e-26,0.0,-1.0,-1.0
0.88,13.921650580772896,4.858595985440696,3.156393670426627e-28,-1.757162053993615,-0.09310276649120462,5.1159818783528203e-26,0.0,-1.0,-1.0
0.9,13.886738081419185,4.8567274632926996,1.4111485229883718e-27,-1.797146351815545,-0.09198215780000057,3.8629032538751505e-26,0.0,-1.0,-1.0
0.92,13.851825582065475,4.854858941144704,2.5066576789340812e-27,-1.837130649637475,-0.09086154910879654,2.6098246293974806e-26,0.0,-1.0,-1.0
0.9400000000000001,13.816913082711766,4.852990418996708,3.60216683487979e-27,-1.877114947459405,-0.08974094041759251,1.3567460049198113e-26,0.0,-1.0,-1.0
0.96,13.782000583358055,4.851121896848711,4.697675990825493e-27,-1.917099245281335,-0.08862033172638847,1.0366738044214838e-27,0.0,-1.0,-1.0
0.98,13.747088084004346,4.849253374700715,5.7931851467712024e-27,-1.957083543103265,-0.08749972303518444,-1.1494112440355215e-26,0.0,-1.0,-1.0
1.0,13.712175584650636,4.847384852552718,6.888694302716912e-27,-1.9970678409251947,-0.0863791143439804,-2.4024898685131913e-26,0.0,-1.0,-1.0
1.02,13.677263085296925,4.845516330404722,7.984203458662621e-27,-2.037052138747125,-0.08525850565277637,-3.655568492990861e-26,0.0,-1.0,-1.0
1.04,13.642350585943216,4.843647808256725,9.07971261460833e-27,-2.077036436569055,-0.08413789696157234,-4.908647117468531e-26,0.0,-1.0,-1.0
1.06,13.60361921514275,4.8418863146366,8.978415412021471e-27,-2.1077929719312576,-0.08237387804222496,-5.135001954871861e-26,0.0,-1.0,-1.0
1.08,13.561715627717614,4.840213726254621,7.882968738842726e-27,-2.1308842947060764,-0.08007539844498945,-4.5084895743774066e-26,0.0,-1.0,-1.0
1.1,13.519812040292477,4.838541137872642,6.787522065663979e-27,-2.1539756174808953,-0.07777691884775396,-3.8819771938829526e-26,0.0,-1.0,-1.0
1.12,13.47790845286734,4.836868549490664,5.692075392485233e-27,-2.1770669402557137,-0.07547843925051848,-3.2554648133884986e-26,0.0,-1.0,-1.0
1.1400000000000001,13.436004865442202,4.835195961108685,4.5966287193064865e-27,-2.2001582630305325,-0.07317995965328297,-2.628952432894044e-26,0.0,-1.0,-1.0
1.16,13.394101278017065,4.833523372726705,3.501182046127753e-27,-2.223249585805351,-0.07088148005604751,-2.0024400523995968e-26,0.0,-1.0,-1.0
1.18,13.352197690591927,4.831850784344726,2.4057353729490067e-27,-2.2463409085801698,-0.06858300045881201,-1.3759276719051422e-26,0.0,-1.0,-1.0
1.2,13.310294103166791,4.8301781959627474,1.31028869977026e-27,-2.2694322313549886,-0.06628452086157652,-7.494152914106882e-27,0.0,-1.0,-1.0
1.22,13.268390515741654,4.828505607580769,2.1484202659151336e-28,-2.292523554129807,-0.06398604126434101,-1.2290291091623361e-27,0.0,-1.0,-1.0
1.24,13.223241016520673,4.827156112947464,7.41806452161164e-32,-2.290322488294395,-0.062396424080826386,-3.813490598874304e-26,0.0,-1.0,-1.0
1.26,13.177300007407565,4.825885404157475,5.832039148212928e-32,-2.281953917905678,-0.06097966175225105,-8.556795558402452e-26,0.0,-1.0,-1.0
1.28,13.131358998294457,4.824614695367485,4.2460137748142157e-32,-2.2735853475169607,-0.059562899423675715,-1.3300100517930598e-25,0.0,-1.0,-1.0
1.3,13.085417989181352,4.823343986577496,2.6599884014155036e-32,-2.2652167771282437,-0.05814613709510038,-1.8043405477458745e-25,0.0,-1.0,-1.0
1.32,13.039476980068244,4.8220732777875055,1.0739630280167915e-32,-2.2568482067395266,-0.056729374766525044,-2.2786710436986896e-25,0.0,-1.0,-1.0
1.34,12.993535970955136,4.820802568997515,-5.1206234538192055e-33,-2.24847963635081,-0.05531261243794971,-2.7530015396515043e-25,0.0,-1.0,-1.0
1.36,12.94759496184203,4.819531860207526,-2.0980877187806326e-32,-2.240111065962093,-0.05389585010937437,-3.227332035604319e-25,0.0,-1.0,-1.0
1.3800000000000001,12.901653952728923,4.818261151417536,-3.684113092179346e-32,-2.231742495573376,-0.05247908778079904,-3.7016625315571337e-25,0.0,-1.0,-1.0
1.4000000000000001,12.855803171975289,4.817005717893779,-5.11466280867059e-28,-2.221433960941037,-0.05111669726151389,-4.0370713833686968e-25,0.0,-1.0,-1.0
1.42,12.811325372567152,4.815982724100798,-8.804942391444995e-27,-2.1816054978412027,-0.05058166834240875,-2.258545913390318e-25,0.0,-1.0,-1.0
1.44,12.766847573159016,4.814959730307817,-1.709841850202302e-26,-2.141777034741368,-0.0500466394233036,-4.8002044341192007e-26,0.0,-1.0,-1.0
1.46,12.722369773750879,4.813936736514836,-2.5391894612601047e-26,-2.1019485716415325,-0.04951161050419845,1.298505026566478e-25,0.0,-1.0,-1.0
1.48,12.677891974342742,4.812913742721855,-3.368537072317908e-26,-2.0621201085416976,-0.048976581585093305,3.077030496544877e-25,0.0,-1.0,-1.0
1.5,12.633414174934604,4.811890748928874,-4.197884683375711e-26,-2.0222916454418627,-0.04844155266598816,4.855555966523275e-25,0.0,-1.0,-1.0
1.52,12.588936375526467,4.8108677551358925,-5.0272322944335136e-26,-1.9824631823420278,-0.047906523746883006,6.634081436501673e-25,0.0,-1.0,-1.0
1.54,12.54445857611833,4.809844761342911,-5.856579905491316e-26,-1.9426347192421927,-0.04737149482777786,8.41260690648007e-25,0.0,-1.0,-1.0
1.56,12.499980776710194,4.80882176754993,-6.685927516549119e-26,-1.9028062561423578,-0.046836465908672714,1.0191132376458469e-24,0.0,-1.0,-1.0
1.58,12.457727038469915,4.807828650306282,-6.809527548346504e-26,-1.8629280237554808,-0.04683020537822956,0.020066782580309313,0.0,-1.0,-1.0
1.6,12.420213080080584,4.806899204093176,-5.429082545603621e-26,-1.8229437261814925,-0.04795082291688634,0.08289863525939489,0.0,-1.0,-1.0
1.62,12.382699121691253,4.805969757880069,-4.048637542860738e-26,-1.782959428607504,-0.049071440455543125,0.14573048793848048,0.0,-1.0,-1.0
1.6400000000000001,12.345185163301924,4.805040311666962,-2.6681925401178555e-26,-1.7429751310335153,-0.05019205799419991,0.20856234061756607,0.0,-1.0,-1.0
1.6600000000000001,12.307671204912593,4.804110865453856,-1.2877475373749723e-26,-1.702990833459527,-0.05131267553285669,0.27139419329665165,0.0,-1.0,-1.0
1.68,12.270157246523262,4.803181419240749,9.269746536789486e-28,-1.6630065358855388,-0.05243329307151346,0.3342260459757365,0.0,-1.0,-1.0
1.7,12.232643288133932,4.8022519730276425,1.473142468110778e-26,-1.6230222383115502,-0.053553910610170244,0.3970578986548221,0.0,-1.0,-1.0
1.72,12.195129329744601,4.801322526814536,2.85358747085366e-26,-1.5830379407375617,-0.05467452814882703,0.4598897513339077,0.0,-1.0,-1.0
1.74,12.15761537135527,4.800393080601429,4.2340324735965433e-26,-1.5430536431635733,-0.05579514568748381,0.5227216040129933,0.0,-1.0,-1.0
1.76,12.12413583599504,4.799350563871168,0.006339745569879894,-1.5030693465034046,-0.0569157652325534,0.5855534562804955,2.0,-1.0,-1.0
1.78,12.093612965633785,4.798225182345104,0.017325633523363127,-1.4630850505129374,-0.05803638624804156,0.6483853082463649,0.0,-1.0,-1.0
1.8,12.06309009527253,4.797099800819039,0.028311521476846364,-1.42310075452247,-0.05915700726352972,0.7112171602122342,0.0,-1.0,-1.0
1.82,12.032567224911276,4.795974419292975,0.0392974094303296,-1.383116458532003,-0.060277628279017885,0.7740490121781036,0.0,-1.0,-1.0
1.84,12.00204435455002,4.794849037766911,0.05028329738381283,-1.3431321625415358,-0.061398249294506047,0.8368808641439731,0.0,-1.0,-1.0
1.86,11.971521484188765,4.793723656240846,0.06126918533729606,-1.3031478665510685,-0.0625188703099942,0.8997127161098425,0.0,-1.0,-1.0
1.8800000000000001,11.941736155204483,4.79257760399028,0.07341405557291561,-1.2631635707303537,-0.0636394919239595,0.9625445679928426,0.0,-1.0,-1.0
1.9000000000000001,11.91635824710113,4.791308027032302,0.0924848053190255,-1.2231792759240494,-0.06476011711432163,1.0253764193806303,0.0,-1.0,-1.0
1.92,11.890980338997775,4.7900384500743245,0.11155555506513518,-1.1831949811177456,-0.06588074230468374,1.0882082707684173,0.0,-1.0,-1.0
1.94,11.86560243089442,4.7887688731163465,0.13062630481124507,-1.1432106863114413,-0.06700136749504586,1.1510401221562048,0.0,-1.0,-1.0
1.96,11.840224522791067,4.787499296158369,0.14969705455735494,-1.103226391505137,-0.06812199268540799,1.2138719735439925,0.0,-1.0,-1.0
1.98,11.814846614687712,4.786229719200391,0.16876780430346483,-1.0632420966988327,-0.0692426178757701,1.2767038249317801,0.0,-1.0,-1.0
2.0,11.789468706584357,4.784960142242413,0.18783855404957472,-1.0232578018925285,-0.07036324306613223,1.3395356763195678,0.0,-1.0,-1.0
2.02,11.767741784186246,4.783588240444876,0.21264651117578243,-0.9832735085546507,-0.07148387201451252,1.402367526886914,0.0,-1.0,-1.0
2.04,11.74750883818842,4.782174467517786,0.23980212264013448,-0.9432892158176501,-0.07260450250066669,1.4651993771185372,0.0,-1.0,-1.0
2.06,11.727275892190596,4.780760694590694,0.26695773410448653,-0.9033049230806496,-0.07372513298682086,1.5280312273501604,0.0,-1.0,-1.0
2.08,11.70704294619277,4.779346921663603,0.29411334556883856,-0.863320630343649,-0.07484576347297503,1.5908630775817834,0.0,-1.0,-1.0
2.1,11.686810000194946,4.777933148736512,0.3212689570331906,-0.8233363376066485,-0.0759663939591292,1.6536949278134065,0.0,-1.0,-1.0
2.12,11.66657705419712,4.77651937580942,0.34842456849754266,-0.7833520448696479,-0.07708702444528337,1.7165267780450297,0.0,-1.0,-1.0
2.14,11.64776357607566,4.775065819785831,0.37781075069133047,-0.7453214475617008,-0.07826751661829849,1.772016500486224,0.0,-1.0,-1.0
2.16,11.632675591917097,4.773507850208192,0.41305122372515574,-0.7124184622606696,-0.07960512002765985,1.8082362885995507,0.0,-1.0,-1.0
2.18,11.617587607758534,4.771949880630554,0.44829169675898095,-0.6795154769596384,-0.08094272343702119,1.8444560767128773,0.0,-1.0,-1.0
2.2,11.602499623599972,4.770391911052915,0.4835321697928062,-0.6466124916586073,-0.08228032684638255,1.880675864826204,0.0,-1.0,-1.0
2.22,11.587411639441408,4.768833941475277,0.5187726428266315,-0.6137095063575762,-0.08361793025574389,1.9168956529395307,0.0,-1.0,-1.0
2.24,11.572323655282846,4.7672759718976385,0.5540131158604568,-0.580806521056545,-0.08495553366510523,1.9531154410528573,0.0,-1.0,-1.0
2.2600000000000002,11.557235671124282,4.76571800232,0.589253588894282,-0.5479035357555138,-0.08629313707446659,1.989335229166184,0.0,-1.0,-1.0
2.2800000000000002,11.545713230647461,4.764015082874096,0.6284190321239721,-0.5344986485438548,-0.08708426831831712,1.9847022463435167,0.0,-1.0,-1.0
2.3000000000000003,11.534859024109654,4.762284997747422,0.6683200709678507,-0.5247479840966567,-0.08777298285371737,1.9724128692991494,0.0,-1.0,-1.0
2.32,11.524004817571846,4.760554912620748,0.7082211098117285,-0.5149973196494587,-0.08846169738911762,1.960123492254782,0.0,-1.0,-1.0
2.34,11.513150611034037,4.758824827494074,0.7481221486556071,-0.5052466552022605,-0.08915041192451788,1.9478341152104148,0.0,-1.0,-1.0
2.36,11.50229640449623,4.7570947423674,0.7880231874994857,-0.49549599075506234,-0.08983912645991815,1.9355447381660473,0.0,-1.0,-1.0
2.38,11.49144219795842,4.755364657240725,0.8279242263433644,-0.48574532630786416,-0.09052784099531841,1.92325536112168,0.0,-1.0,-1.0
2.4,11.48110044245105,4.753598376378339,0.8671793908507888,-0.48545093489189434,-0.09095152359404488,1.8911530305645619,0.0,-1.0,-1.0
2.42,11.471500898508333,4.751779671202136,0.9054990993373326,-0.49885259399670084,-0.09099134557640418,1.8303544883625078,0.0,-1.0,-1.0
2.44,11.461901354565615,4.749960966025931,0.9438188078238766,-0.5122542531015073,-0.09103116755876346,1.769555946160454,0.0,-1.0,-1.0
2.46,11.452301810622899,4.748142260849727,0.9821385163104205,-0.5256559122063138,-0.09107098954112276,1.7087574039584,0.0,-1.0,-1.0
2.48,11.44270226668018,4.746323555673523,1.0204582247969645,-0.5390575713111203,-0.09111081152348206,1.6479588617563459,0.0,-1.0,-1.0
2.5,11.433102722737464,4.744504850497319,1.0587779332835083,-0.5524592304159268,-0.09115063350584135,1.5871603195542918,0.0,-1.0,-1.0
2.52,11.423503178794746,4.742686145321114,1.0970976417700522,-0.5658608895207333,-0.09119045548820065,1.5263617773522378,0.0,-1.0,-1.0
2.54,11.4122227958712,4.740862445663278,1.1277919839559276,-0.6018293150131483,-0.0905977915010128,1.4635813522942298,0.0,-1.0,-1.0
2.56,11.400898799150724,4.739038616410453,1.1582884659177497,-0.6383832947304423,-0.08998871599853367,1.4007495020626022,0.0,-1.0,-1.0
2.58,11.389574802430248,4.737214787157628,1.1887849478795718,-0.6749372744477363,-0.08937964049605453,1.3379176518309746,0.0,-1.0,-1.0
2.6,11.378250805709774,4.735390957904803,1.219281429841394,-0.7114912541650303,-0.08877056499357538,1.275085801599347,0.0,-1.0,-1.0
2.62,11.366926808989298,4.733567128651979,1.2497779118032162,-0.7480452338823244,-0.08816148949109626,1.2122539513677193,0.0,-1.0,-1.0
2.64,11.355602812268822,4.731743299399154,1.2802743937650383,-0.7845992135996184,-0.08755241398861711,1.1494221011360917,0.0,-1.0,-1.0
2.66,11.341734279875963,4.729961868111071,1.3063971280388464,-0.8230089232233072,-0.0866665788245693,1.0865902502790037,0.0,-1.0,-1.0
2.68,11.32570671538312,4.728216411389132,1.3288087484311948,-0.8629932149919,-0.08554591378574603,1.0237583988912142,0.0,-1.0,-1.0
2.7,11.309679150890277,4.726470954667193,1.3512203688235431,-0.9029775067604928,-0.08442524874692277,0.9609265475034248,0.0,-1.0,-1.0
2.72,11.293651586397434,4.724725497945255,1.3736319892158915,-0.9429617985290857,-0.0833045837080995,0.8980946961156353,0.0,-1.0,-1.0
2.74,11.277624021904591,4.722980041223316,1.3960436096082398,-0.9829460902976785,-0.08218391866927624,0.8352628447278458,0.0,-1.0,-1.0
2.7600000000000002,11.261596457411748,4.721234584501377,1.4184552300005882,-1.0229303820662714,-0.08106325363045297,0.7724309933400564,0.0,-1.0,-1.0
2.7800000000000002,11.245017089577026,4.719504593520763,1.4399997392340593,-1.0629146740128705,-0.0799425875922581,0.709599141890267,0.0,-1.0,-1.0
2.8000000000000003,11.22384456336953,4.717903337895422,1.4543264979081654,-1.1028989674411778,-0.07882191323538931,0.6467672899243965,0.0,-1.0,-1.0
2.82,11.202672037162035,4.71630208227008,1.468653256582271,-1.142883260869484,-0.07770123887852055,0.5839354379585274,0.0,-1.0,-1.0
2.84,11.18149951095454,4.714700826644738,1.4829800152563768,-1.1828675542977913,-0.07658056452165177,0.5211035859926569,0.0,-1.0,-1.0
2.86,11.160326984747044,4.713099571019397,1.4973067739304828,-1.2228518477260986,-0.075459890164783,0.45827173402678645,0.0,-1.0,-1.0
2.88,11.139154458539547,4.7114983153940555,1.5116335326045887,-1.2628361411544058,-0.07433921580791421,0.39543988206091596,0.0,-1.0,-1.0
2.9,11.117981932332052,4.709897059768713,1.5259602912786947,-1.302820434582713,-0.07321854145104542,0.3326080300950455,0.0,-1.0,-1.0
2.92,11.093344158510066,4.7083929276338425,1.5348417136351993,-1.3427649044038048,-0.07120552811293164,0.2794228262009995,0.0,-1.0,-1.0
2.94,11.067026670374354,4.7069358743040945,1.5410836105166783,-1.3826900704721767,-0.06875997005471655,0.2309136554937157,0.0,-1.0,-1.0
2.96,11.040709182238643,4.705478820974346,1.5473255073981576,-1.4226152365405487,-0.06631441199650145,0.18240448478643193,0.0,-1.0,-1.0
2.98,11.014391694102931,4.704021767644597,1.5535674042796366,-1.4625404026089206,-0.06386885393828637,0.13389531407914812,0.0,-1.0,-1.0
3.0,10.98807420596722,4.702564714314848,1.5598093011611158,-1.5024655686772923,-0.061423295880071276,0.08538614337186431,0.0,-1.0,-1.0
3.02,10.96175671783151,4.7011076609851,1.5660511980425948,-1.5423907347456642,-0.05897773782185618,0.03687697266458051,0.0,-1.0,-1.0
3.04,10.934207324156041,4.699726066239908,1.5707963267948966,-1.576789008117925,-0.05598450919499732,-8.99149482220809e-16,0.0,-1.0,-1.0
3.06,10.902752482279972,4.698583694051775,1.5707963267948966,-1.593665651431417,-0.051255028097631126,-8.678758568746756e-16,0.0,-1.0,-1.0
3.08,10.871297640403903,4.697441321863644,1.5707963267948966,-1.6105422947449088,-0.046525547000264934,-8.366022315285421e-16,0.0,-1.0,-1.0
3.1,10.839842798527835,4.696298949675512,1.5707963267948966,-1.627418938058401,-0.04179606590289875,-8.053286061824086e-16,0.0,-1.0,-1.0
3.12,10.808387956651766,4.69515657748738,1.5707963267948966,-1.644295581371893,-0.03706658480553256,-7.740549808362751e-16,0.0,-1.0,-1.0
3.14,10.776933114775696,4.694014205299248,1.5707963267948966,-1.6611722246853848,-0.032337103708166365,-7.427813554901416e-16,0.0,-1.0,-1.0
3.16,10.744034733374262,4.693276368110861,1.5707963267948966,-1.6626532078205425,-0.027472766154270974,-6.278439670944786e-16,0.0,-1.0,-1.0
3.18,10.710738338096524,4.692650069637223,1.5707963267948966,-1.6598892871770656,-0.022571245869965638,-4.898387388147228e-16,0.0,-1.0,-1.0
3.2,10.677441942818788,4.6920237711635835,1.5707963267948966,-1.657125366533589,-0.017669725585660302,-3.5183351053496696e-16,0.0,-1.0,-1.0
3.22,10.64414554754105,4.691397472689945,1.5707963267948966,-1.6543614458901121,-0.012768205301354967,-2.1382828225521112e-16,0.0,-1.0,-1.0
3.24,10.610849152263313,4.690771174216307,1.5707963267948966,-1.6515975252466355,-0.00786668501704963,-7.582305397545532e-17,0.0,-1.0,-1.0
3.2600000000000002,10.577651664195782,4.69032027719576,1.5707963267948966,-1.642392316992342,-0.002984917681019269,-3.977986360158364e-17,0.0,-1.0,-1.0
3.2800000000000002,10.544656863694234,4.690228825088502,1.5707963267948966,-1.6199871721016514,0.0018563705332321082,-2.126844055748128e-16,0.0,-1.0,-1.0
3.3000000000000003,10.511662063192684,4.690137372981243,1.5707963267948966,-1.597582027210961,0.006697658747483486,-3.85588947548042e-16,0.0,-1.0,-1.0
3.3200000000000003,10.478667262691134,4.690045920873985,1.5707963267948966,-1.5751768823202705,0.011538946961734863,-5.584934895212711e-16,0.0,-1.0,-1.0
3.34,10.445672462189586,4.689954468766726,1.5707963267948966,-1.5527717374295804,0.016380235175986132,-7.313980314944965e-16,0.0,-1.0,-1.0
3.36,10.412677661688036,4.689863016659468,1.5707963267948966,-1.5303665925388898,0.021221523390237508,-9.043025734677255e-16,0.0,-1.0,-1.0
3.38,10.381814798890922,4.690232232177094,1.5707963267948966,-1.4926201337685088,0.021484634160884492,-7.439254477448386e-16,0.0,-1.0,-1.0
3.4,10.351264813393275,4.690669054005227,1.5707963267948966,-1.452622226071187,0.021075864232552238,-5.346368233727565e-16,0.0,-1.0,-1.0
3.42,10.320714827895626,4.69110587583336,1.5707963267948966,-1.4126243183738654,0.020667094304219983,-3.2534819900067434e-16,0.0,-1.0,-1.0
3.44,10.29016484239798,4.691542697661492,1.5707963267948966,-1.3726264106765438,0.020258324375887732,-1.160595746285922e-16,0.0,-1.0,-1.0
3.46,10.259614856900331,4.6919795194896246,1.5707963267948966,-1.332628502979222,0.019849554447555477,9.322904974348996e-17,0.0,-1.0,-1.0
3.48,10.23088094815697,4.692397781407816,1.5707963267948966,-1.2926310961615144,0.019397287315545034,2.0818751763270469e-16,0.0,-1.0,-1.0
3.5,10.204695472924271,4.692789998889099,1.5707963267948966,-1.2526343922096905,0.018883982162309965,1.9077595695359348e-16,0.0,-1.0,-1.0
3.52,10.178509997691572,4.693182216370381,1.5707963267948966,-1.2126376882578667,0.018370677009074896,1.7336439627448227e-16,0.0,-1.0,-1.0
3.54,10.152324522458873,4.693574433851664,1.5707963267948966,-1.1726409843060428,0.017857371855839826,1.5595283559537106e-16,0.0,-1.0,-1.0
3.56,10.126139047226173,4.693966651332946,1.5707963267948966,-1.132644280354219,0.017344066702604757,1.3854127491625982e-16,0.0,-1.0,-1.0
3.58,10.099953571993474,4.694358868814229,1.5707963267948966,-1.0926475764023953,0.01683076154936969,1.2112971423714861e-16,0.0,-1.0,-1.0
3.6,10.077958676098104,4.694697305714704,1.5707963267948966,-1.0526515742569145,0.01626546755865454,2.301219173052641e-16,0.0,-1.0,-1.0
3.62,10.056137579779493,4.695033512125925,1.5707963267948966,-1.0126556012180647,0.01569801738922927,3.4435657466706423e-16,0.0,-1.0,-1.0
3.64,10.034316483460882,4.695369718537147,1.5707963267948966,-0.9726596281792148,0.015130567219803997,4.585912320288643e-16,0.0,-1.0,-1.0
3.66,10.012495387142271,4.695705924948368,1.5707963267948966,-0.9326636551403649,0.014563117050378726,5.728258893906643e-16,0.0,-1.0,-1.0
3.68,9.99067429082366,4.696042131359589,1.5707963267948966,-0.892667682101515,0.013995666880953453,6.870605467524645e-16,0.0,-1.0,-1.0
3.7,9.971053911949177,4.696347114690293,1.5707963267948966,-0.8526719527244676,0.013411516441870905,6.153267240853317e-16,0.0,-1.0,-1.0
3.72,9.953597114788554,4.696621401810434,1.5707963267948966,-0.8126764628975822,0.012810947539735119,3.60762523161936e-16,0.0,-1.0,-1.0
3.74,9.93614031762793,4.696895688930575,1.5707963267948966,-0.7726809730706968,0.012210378637599332,1.0619832223854017e-16,0.0,-1.0,-1.0
3.7600000000000002,9.918683520467306,4.697169976050716,1.5707963267948966,-0.7326854832438114,0.011609809735463546,-1.483658786848555e-16,0.0,-1.0,-1.0
3.7800000000000002,9.901226723306683,4.6974442631708575,1.5707963267948966,-0.6926899934169259,0.011009240833327761,-4.029300796082513e-16,0.0,-1.0,-1.0
3.8000000000000003,9.883980855728634,4.697715382990176,1.5707963267948966,-0.6526945200987764,0.010407591789818699,-6.397450629165709e-16,0.0,-1.0,-1.0
3.8200000000000003,9.870888304998651,4.697924136953982,1.5707963267948966,-0.612699371846509,0.009784674182132273,-5.270684118106208e-16,0.0,-1.0,-1.0
3.84,9.857795754268666,4.698132890917789,1.5707963267948966,-0.5727042235942426,0.00916175657444586,-4.1439176070467307e-16,0.0,-1.0,-1.0
3.86,9.844703203538684,4.698341644881595,1.5707963267948966,-0.5327090753419752,0.008538838966759433,-3.0171510959872287e-16,0.0,-1.0,-1.0
3.88,9.831610652808699,4.698550398845402,1.5707963267948966,-0.49271392708970785,0.007915921359073007,-1.8903845849277267e-16,0.0,-1.0,-1.0
3.9,9.818518102078714,4.698759152809209,1.5707963267948966,-0.45271877883744044,0.007293003751386581,-7.636180738682241e-17,0.0,-1.0,-1.0
3.92,9.808010944008105,4.698927639723618,1.5707963267948966,-0.41272378092027723,0.006660549907176593,2.838977620068458e-17,0.0,-1.0,-1.0
3.94,9.799282602436664,4.69906842187466,1.5707963267948966,-0.37272888643752383,0.006021534887507794,1.2768870995269706e-16,0.0,-1.0,-1.0
3.96,9.790554260865221,4.699209204025703,1.5707963267948966,-0.3327339919547704,0.005382519867838995,2.269876437047095e-16,0.0,-1.0,-1.0
3.98,9.781825919293778,4.699349986176745,1.5707963267948966,-0.292739097472017,0.0047435048481701955,3.2628657745672205e-16,0.0,-1.0,-1.0
4.0,9.773097577722337,4.699490768327788,1.5707963267948966,-0.25274420298926353,0.004104489828501397,4.255855112087345e-16,0.0,-1.0,-1.0
4.0200000000000005,9.76496488075054,4.699622033617978,1.5707963267948966,-0.21274933522819794,0.0034638169102764937,4.985402240047693e-16,0.0,-1.0,-1.0
4.04,9.7606007206467,4.699693087431381,1.5707963267948966,-0.1727546365304802,0.002812654764354984,4.0481976172282507e-16,0.0,-1.0,-1.0
4.0600000000000005,9.756236560542861,4.699764141244784,1.5707963267948966,-0.1327599378327607,0.002161492618433446,3.110992994408767e-16,0.0,-1.0,-1.0
4.08,9.751872400439021,4.699835195058186,1.5707963267948966,-0.09276523913504295,0.0015103304725119365,2.1737883715893244e-16,0.0,-1.0,-1.0
4.1,9.747508240335181,4.699906248871589,1.5707963267948966,-0.05277054043732521,0.000859168326590427,1.236583748769882e-16,0.0,-1.0,-1.0
4.12,9.74314408023134,4.699977302684991,1.5707963267948966,-0.01277584173960572,0.00020800618066888887,2.993791259503982e-17,0.0,-1.0,-1.0
4.14,9.74175,4.7,1.5707963267948966,0.02719426939975327,0.001238663569249432,-0.023594532559754945,3.0,-1.0,-1.0
4.16,9.74175,4.7,1.5707963267948966,0.06715283976226073,0.0030587244305931506,-0.058263740825669805,0.0,-1.0,-1.0
4.18,9.74175,4.7,1.5707963267948966,0.10711141012476642,0.004878785291936788,-0.09293294909158312,0.0,-1.0,-1.0
4.2,9.74175,4.7,1.5707963267948966,0.1470699804872739,0.006698846153280507,-0.12760215735749797,0.0,-1.0,-1.0
4.22,9.74175,4.7,1.5707963267948966,0.1870285508497796,0.008518907014624145,-0.1622713656234113,0.0,-1.0,-1.0
4.24,9.74175,4.7,1.5707963267948966,0.22698712121228706,0.010338967875967863,-0.19694057388932615,0.0,-1.0,-1.0
4.26,9.74175,4.7,1.5707963267948966,0.26694569157479275,0.012159028737311502,-0.23160978215523947,0.0,-1.0,-1.0
4.28,9.74175,4.7,1.5707963267948966,0.3069042619373002,0.013979089598655221,-0.2662789904211543,0.0,-1.0,-1.0
4.3,9.744818347826648,4.700139759249082,1.5681341397128943,0.34686265737703625,0.01580298135934844,-0.3101217380643967,0.0,-1.0,-1.0
4.32,9.751382011947912,4.700438725605129,1.5624393153900218,0.3868208535530524,0.01763123709885905,-0.36441454661220957,0.0,-1.0,-1.0
4.34,9.757945676069177,4.7007376919611765,1.5567444910671493,0.42677904972906683,0.019459492838369577,-0.41870735516002,0.0,-1.0,-1.0
4.36,9.764509340190441,4.701036658317223,1.5510496667442766,0.466737245905083,0.021287748577880187,-0.4730001637078329,0.0,-1.0,-1.0
4.38,9.771073004311706,4.70133562467327,1.5453548424214043,0.5066954420810974,0.023116004317390713,-0.5272929722556433,0.0,-1.0,-1.0
4.4,9.777636668432969,4.7016345910293165,1.5396600180985316,0.5466536382571135,0.024944260056901323,-0.5815857808034561,0.0,-1.0,-1.0
4.42,9.784200332554233,4.701933557385363,1.533965193775659,0.5866118344331279,0.02677251579641185,-0.6358785893512666,0.0,-1.0,-1.0
4.44,9.790763996675498,4.70223252374141,1.5282703694527866,0.6265700306091442,0.02860077153592246,-0.6901713978990796,0.0,-1.0,-1.0
4.46,9.798997362923272,4.702607886000881,1.5203068536833044,0.6665281030844743,0.030431722477345297,-0.7439011785598506,0.0,-1.0,-1.0
4.48,9.812124629701279,4.7032071648178855,1.5056937983958347,0.7064858129928344,0.03227057306138009,-0.7959807232706488,0.0,-1.0,-1.0
4.5,9.825251896479283,4.70380644363489,1.4910807431083655,0.7464435229011926,0.03410942364541481,-0.8480602679814446,0.0,-1.0,-1.0
4.5200000000000005,9.83837916325729,4.704405722451894,1.4764676878208955,0.7864012328095528,0.03594827422944961,-0.9001398126922429,0.0,-1.0,-1.0
4.54,9.851506430035295,4.7050050012688995,1.4618546325334263,0.826358942717911,0.03778712481348433,-0.9522193574030386,0.0,-1.0,-1.0
4.5600000000000005,9.864633696813302,4.705604280085904,1.4472415772459564,0.8663166526262711,0.03962597539751912,-1.0042989021138369,0.0,-1.0,-1.0
4.58,9.877760963591307,4.706203558902908,1.4326285219584871,0.9062743625346295,0.041464825981553835,-1.0563784468246327,0.0,-1.0,-1.0
4.6000000000000005,9.890888230369313,4.706802837719913,1.4180154666710172,0.9462320724429896,0.04330367656558864,-1.108457991535431,0.0,-1.0,-1.0
4.62,9.904286579007861,4.707414591702254,1.4030490923392684,0.9861897551943651,0.04514311486226483,-1.160213741652932,0.0,-1.0,-1.0
4.64,9.923977368567439,4.708315923307767,1.37988136064649,1.0261468075689644,0.04699619533723959,-1.2044534656343484,0.0,-1.0,-1.0
4.66,9.943668158127018,4.70921725491328,1.3567136289537105,1.0661038599435655,0.048849275812214425,-1.248693189615767,0.0,-1.0,-1.0
4.68,9.963358947686595,4.710118586518793,1.3335458972609318,1.1060609123181646,0.05070235628718918,-1.2929329135971837,0.0,-1.0,-1.0
4.7,9.983049737246175,4.711019918124306,1.3103781655681523,1.1460179646927657,0.052555436762164016,-1.3371726375786022,0.0,-1.0,-1.0
4.72,10.002740526805752,4.711921249729818,1.2872104338753738,1.185975017067365,0.05440851723713877,-1.3814123615600187,0.0,-1.0,-1.0
4.74,10.022431316365331,4.712822581335331,1.2640427021825942,1.225932069441966,0.056261597712113615,-1.4256520855414372,0.0,-1.0,-1.0
4.76,10.042122105924909,4.713723912940845,1.2408749704898157,1.2658891218165653,0.05811467818708837,-1.4698918095228537,0.0,-1.0,-1.0
4.78,10.061812895484486,4.714625244546357,1.217707238797036,1.3058461741911662,0.059967758662063206,-1.5141315335042722,0.0,-1.0,-1.0
4.8,10.086939600286012,4.7157786765396565,1.1885209602996643,1.3458024492796858,0.06183750524554821,-1.5392635401210553,0.0,-1.0,-1.0
4.82,10.113193804619527,4.716984398360261,1.1580863347616552,1.3857585631461031,0.06371070865805085,-1.560432287299989,0.0,-1.0,-1.0
4.84,10.13944800895304,4.718190120180866,1.1276517092236475,1.4257146770125189,0.06558391207055342,-1.5816010344789215,0.0,-1.0,-1.0
4.86,10.165702213286556,4.719395842001471,1.0972170836856385,1.4656707908789361,0.06745711548305607,-1.602769781657855,0.0,-1.0,-1.0
4.88,10.19195641762007,4.7206015638220755,1.066782458147631,1.5056269047453519,0.06933031889555864,-1.6239385288367876,0.0,-1.0,-1.0
4.9,10.218210621953585,4.72180728564268,1.036347832609622,1.5455830186117692,0.07120352230806129,-1.6451072760157213,0.0,-1.0,-1.0
4.92,10.244464826287098,4.723013007463285,1.0059132070716144,1.585539132478185,0.07307672572056385,-1.6662760231946538,0.0,-1.0,-1.0
4.94,10.270719030620613,4.72421872928389,0.9754785815336053,1.6254952463446022,0.0749499291330665,-1.6874447703735873,0.0,-1.0,-1.0
4.96,10.301010478435702,4.7256137232216995,0.9429050245958376,1.6654504694091696,0.07684197541707187,-1.6886921339203353,0.0,-1.0,-1.0
4.98,10.33382794338217,4.727127140686041,0.9089931839049851,1.7054051351180233,0.07874581128385517,-1.6774751126547025,0.0,-1.0,-1.0
5.0,10.366645408328637,4.728640558150381,0.875081343214134,1.7453598008268751,0.0806496471506384,-1.6662580913890703,0.0,-1.0,-1.0
5.0200000000000005,10.399462873275104,4.730153975614723,0.8411695025232815,1.7853144665357288,0.0825534830174217,-1.6550410701234375,0.0,-1.0,-1.0
5.04,10.43228033822157,4.731667393079063,0.8072576618324304,1.8252691322445806,0.08445731888420493,-1.6438240488578053,0.0,-1.0,-1.0
5.0600000000000005,10.465097803168039,4.733180810543405,0.7733458211415779,1.8652237979534343,0.08636115475098824,-1.6326070275921725,0.0,-1.0,-1.0
5.08,10.497915268114506,4.734694228007745,0.7394339804507268,1.9051784636622862,0.08826499061777146,-1.6213900063265403,0.0,-1.0,-1.0
5.1000000000000005,10.530732733060972,4.736207645472087,0.7055221397598743,1.9451331293711398,0.09016882648455476,-1.6101729850609074,0.0,-1.0,-1.0
5.12,10.566188801770764,4.7378467921446115,0.6723510704908258,1.9850867794709723,0.09209368279845631,-1.5878104280884586,0.0,-1.0,-1.0
5.14,10.605569289453308,4.739672936992796,0.6402817571817292,2.025038919046428,0.09404980301133103,-1.5488710161909582,0.0,-1.0,-1.0
5.16,10.644949777135855,4.7414990818409795,0.6082124438726313,2.064991058621886,0.09600592322420584,-1.5099316042934563,0.0,-1.0,-1.0
5.18,10.684330264818398,4.743325226689164,0.5761431305635347,2.1049431981973417,0.09796204343708058,-1.4709921923959561,0.0,-1.0,-1.0
5.2,10.723710752500944,4.745151371537348,0.5440738172544368,2.1448953377727995,0.09991816364995539,-1.4320527804984542,0.0,-1.0,-1.0
5.22,10.763091240183488,4.746977516385532,0.5120045039453403,2.1848474773482556,0.10187428386283012,-1.3931133686009538,0.0,-1.0,-1.0
5.24,10.802471727866035,4.748803661233716,0.47993519063624224,2.224799616923713,0.10383040407570493,-1.3541739567034519,0.0,-1.0,-1.0
5.26,10.841852215548577,4.7506298060819,0.4478658773271457,2.264751756499169,0.10578652428857967,-1.3152345448059517,0.0,-1.0,-1.0
5.28,10.882472735194888,4.752516664864674,0.4170051630046399,2.3047028550543636,0.10776332256098622,-1.2740551673050478,0.0,-1.0,-1.0
5.3,10.928415830666454,4.754664125414138,0.39133210507845784,2.3446494852495086,0.10982887704532358,-1.2232612096009998,0.0,-1.0,-1.0
5.32,10.974358926138022,4.7568115859636,0.36565904715227465,2.3845961154446553,0.11189443152966104,-1.1724672518969497,0.0,-1.0,-1.0
5.34,11.020302021609588,4.758959046513064,0.3399859892260926,2.4245427456398003,0.1139599860139984,-1.121673294192902,0.0,-1.0,-1.0
5.36,11.066245117081158,4.761106507062526,0.3143129312999094,2.464489375834947,0.11602554049833584,-1.0708793364888518,0.0,-1.0,-1.0
5.38,11.112188212552724,4.763253967611989,0.2886398733737273,2.504436006030092,0.1180910949826732,-1.0200853787848039,0.0,-1.0,-1.0
5.4,11.158131308024291,4.765401428161452,0.26296681544754413,2.544382636225239,0.12015664946701066,-0.9692914210807537,0.0,-1.0,-1.0
5.42,11.204074403495857,4.767548888710915,0.2372937575213621,2.584329266420384,0.122222203951348,-0.918497463376706,0.0,-1.0,-1.0
5.44,11.250017498967425,4.769696349260378,0.21162069959517887,2.6242758966155306,0.12428775843568546,-0.8677035056726559,0.0,-1.0,-1.0
5.46,11.302363946077104,4.77217491337543,0.19408979460358944,2.6456172698563765,0.1166730017374883,-0.8131978947325934,0.0,-1.0,-1.0
5.48,11.354868744357322,4.77466166548954,0.1767602403296768,2.6664985458882398,0.10881885656064105,-0.7586004967616479,0.0,-1.0,-1.0
5.5,11.407373542637538,4.777148417603651,0.15943068605576494,2.6873798219201017,0.10096471138379418,-0.7040030987907049,0.0,-1.0,-1.0
5.5200000000000005,11.459878340917756,4.779635169717761,0.1421011317818523,2.708261097951965,0.09311056620694692,-0.6494057008197593,0.0,-1.0,-1.0
5.54,11.512383139197972,4.782121921831871,0.12477157750794045,2.7291423739838274,0.08525642103010003,-0.5948083028488163,0.0,-1.0,-1.0
5.5600000000000005,11.56488793747819,4.784608673945981,0.10744202323402782,2.7500236500156903,0.0774022758532528,-0.5402109048778709,0.0,-1.0,-1.0
5.58,11.617392735758404,4.787095426060091,0.09011246896011596,2.7709049260475527,0.0695481306764059,-0.4856135069069278,0.0,-1.0,-1.0
5.6000000000000005,11.669897534038622,4.789582178174202,0.07278291468620332,2.791786202079416,0.061693985499558665,-0.43101610893598236,0.0,-1.0,-1.0
5.62,11.725018665637625,4.791084839963304,0.06229417757368027,2.7901562215371265,0.05246477367798005,-0.37923730278766254,0.0,-1.0,-1.0
5.64,11.780953458561122,4.79228145655873,0.0539328866516653,2.7815253979796872,0.042807925767610666,-0.3283350589409172,0.0,-1.0,-1.0
5.66,11.83688825148462,4.793478073154158,0.045571595729649944,2.7728945744222475,0.03315107785724085,-0.2774328150941696,0.0,-1.0,-1.0
5.68,11.892823044408116,4.794674689749584,0.03721030480763497,2.7642637508648082,0.02349422994687146,-0.2265305712474243,0.0,-1.0,-1.0
5.7,11.948757837331616,4.795871306345012,0.028849013885619626,2.7556329273073685,0.013837382036501651,-0.1756283274006767,0.0,-1.0,-1.0
5.72,12.004692630255112,4.797067922940438,0.020487722963604647,2.7470021037499293,0.004180534126132257,-0.12472608355393139,0.0,-1.0,-1.0
5.74,12.06062742317861,4.798264539535865,0.012126432041589301,2.7383712801924895,-0.00547631378423756,-0.07382383970718376,0.0,-1.0,-1.0
5.76,12.116562216102107,4.799461156131293,0.0037651411195743223,2.7297404566350503,-0.015133161694606947,-0.02292159586043846,0.0,-1.0,-1.0
5.78,12.171717700463969,4.799785820625571,4.366227519669479e-21,2.704918178175047,-0.026201411475040622,-1.1120905611573147e-19,0.0,-1.0,-1.0
5.8,12.226234779456908,4.799396186663219,2.840999616950423e-21,2.6668319472200697,-0.038425874052192735,-9.154284364985259e-20,0.0,-1.0,-1.0
5.82,12.280751858449849,4.799006552700867,1.3157717142312985e-21,2.6287457162650902,-0.0506503366293454,-7.187663118397283e-20,0.0,-1.0,-1.0
5.84,12.335268937442786,4.798616918738515,-2.094561884877579e-22,2.5906594853101126,-0.06287479920649752,-5.221041871809395e-20,0.0,-1.0,-1.0
5.86,12.389786016435727,4.7982272847761624,-1.734684091206882e-21,2.5525732543551336,-0.07509926178365017,-3.254420625221419e-20,0.0,-1.0,-1.0
5.88,12.444303095428666,4.79783765081381,-3.2599119939259384e-21,2.514487023400156,-0.0873237243608023,-1.2877993786335313e-20,0.0,-1.0,-1.0
5.9,12.498820174421606,4.797448016851458,-4.7851398966450626e-21,2.476400792445177,-0.09954818693795495,6.788218679544434e-21,0.0,-1.0,-1.0
5.92,12.553337253414544,4.797058382889106,-6.3103677993641205e-21,2.4383145614901993,-0.11177264951510707,2.6454431145423314e-20,0.0,-1.0,-1.0
5.94,12.60773451874757,4.796630292572184,-7.790601724196082e-21,2.400208862291723,-0.12392364316517976,4.5659163993826914e-20,0.0,-1.0,-1.0
5.96,12.65575312943916,4.794154858031335,-6.87544061566728e-21,2.3610667103062184,-0.13216328886830972,4.029558713483171e-20,0.0,-1.0,-1.0
5.98,12.703771740130751,4.7916794234904865,-5.9602795071384364e-21,2.321924558320712,-0.14040293457144004,3.493201027583626e-20,0.0,-1.0,-1.0
6.0,12.751790350822342,4.789203988949637,-5.045118398609635e-21,2.282782406335207,-0.14864258027457,2.9568433416841055e-20,0.0,-1.0,-1.0
6.0200000000000005,12.799808961513934,4.786728554408788,-4.1299572900807916e-21,2.2436402543497005,-0.15688222597770035,2.420485655784561e-20,0.0,-1.0,-1.0
6.04,12.847827572205523,4.78425311986794,-3.21479618155199e-21,2.204498102364196,-0.1651218716808303,1.8841279698850403e-20,0.0,-1.0,-1.0
6.0600000000000005,12.895846182897115,4.781777685327091,-2.2996350730231467e-21,2.165355950378689,-0.17336151738396063,1.3477702839854956e-20,0.0,-1.0,-1.0
6.08,12.943864793588705,4.779302250786242,-1.3844739644943443e-21,2.1262137983931844,-0.18160116308709062,8.11412598085975e-21,0.0,-1.0,-1.0
6.1000000000000005,12.991883404280296,4.776826816245394,-4.693128559655012e-22,2.087071646407678,-0.18984080879022094,2.750549121864303e-21,0.0,-1.0,-1.0
6.12,13.036648314505412,4.7736664592435165,-3.38014943386692e-28,2.0479564311598972,-0.19820635363704778,1.9923451566731437e-27,0.0,-1.0,-1.0
6.140000000000001,13.077988290227188,4.769785134041566,-2.9577340342966335e-28,2.0088695702623043,-0.2067044233814897,1.746581309681448e-27,0.0,-1.0,-1.0
6.16,13.119328265948962,4.765903808839617,-2.535318634726366e-28,1.9697827093647131,-0.2152024931259312,1.5008174626897631e-27,0.0,-1.0,-1.0
6.18,13.160668241670736,4.762022483637668,-2.1129032351560983e-28,1.930695848467122,-0.22370056287037274,1.2550536156980784e-27,0.0,-1.0,-1.0
6.2,13.202008217392512,4.758141158435718,-1.6904878355858114e-28,1.891608987569529,-0.23219863261481466,1.0092897687063827e-27,0.0,-1.0,-1.0
6.22,13.243348193114286,4.754259833233768,-1.2680724360155438e-28,1.8525221266719378,-0.24069670235925616,7.63525921714698e-28,0.0,-1.0,-1.0
6.24,13.284688168836063,4.750378508031819,-8.45657036445257e-29,1.8134352657743449,-0.2491947721036981,5.177620747230023e-28,0.0,-1.0,-1.0
6.26,13.326028144557837,4.746497182829869,-4.2324163687498934e-29,1.7743484048767537,-0.2576928418481396,2.7199822773131742e-28,0.0,-1.0,-1.0
6.28,13.367368120279613,4.74261585762792,-8.262373047028964e-32,1.735261543979161,-0.2661909115925815,2.623438073962175e-29,0.0,-1.0,-1.0
6.3,13.402332848731453,4.73734845805996,2.07367773556754e-30,1.6962028084547616,-0.2748172838424389,1.500582784163451e-29,0.0,-1.0,-1.0
6.32,13.437003623532759,4.732017148559952,2.3817054503061775e-30,1.6571453697516085,-0.2834495719396738,1.4591366218769747e-29,0.0,-1.0,-1.0
6.34,13.471674398334061,4.726685839059945,2.6897331650448017e-30,1.6180879310484573,-0.2920818600369083,1.4176904595905002e-29,0.0,-1.0,-1.0
6.36,13.506345173135365,4.721354529559938,2.9977608797834392e-30,1.5790304923453045,-0.30071414813414316,1.376244297304024e-29,0.0,-1.0,-1.0
6.38,13.54101594793667,4.71602322005993,3.305788594522063e-30,1.5399730536421532,-0.30934643623137764,1.3347981350175493e-29,0.0,-1.0,-1.0
6.4,13.575686722737974,4.710691910559923,3.6138163092607e-30,1.5009156149390002,-0.3179787243286125,1.293351972731073e-29,0.0,-1.0,-1.0
6.42,13.610357497539276,4.705360601059916,3.9218440239993245e-30,1.461858176235849,-0.326611012425847,1.2519058104445988e-29,0.0,-1.0,-1.0
6.44,13.64502827234058,4.7000292915599085,4.229871738737963e-30,1.422800737532696,-0.3352433005230818,1.2104596481581225e-29,0.0,-1.0,-1.0
6.46,13.676868989803008,4.694072496337028,4.507870760411933e-30,1.3837510528777373,-0.34391049844950605,8.108237448530485e-29,0.0,-1.0,-1.0
6.48,13.704875583849741,4.687268301514387,4.745187314759076e-30,1.34471187330242,-0.3526249917404788,2.440718204383074e-28,0.0,-1.0,-1.0
6.5,13.732882177896474,4.680464106691748,4.9825038691062085e-30,1.3056726937271044,-0.36133948503145114,4.070612663913027e-28,0.0,-1.0,-1.0
6.5200000000000005,13.760888771943208,4.673659911869108,5.219820423453352e-30,1.2666335141517873,-0.3700539783224238,5.700507123443052e-28,0.0,-1.0,-1.0
6.54,13.78889536598994,4.666855717046468,5.457136977800484e-30,1.2275943345764717,-0.37876847161339616,7.330401582973005e-28,0.0,-1.0,-1.0
6.5600000000000005,13.816901960036674,4.660051522223828,5.6944535321476276e-30,1.1885551550011546,-0.3874829649043689,8.96029604250303e-28,0.0,-1.0,-1.0
6.58,13.844908554083407,4.653247327401188,5.9317700864947605e-30,1.149515975425839,-0.39619745819534125,1.0590190502032982e-27,0.0,-1.0,-1.0
6.6000000000000005,13.87291514813014,4.646443132578549,6.169086640841904e-30,1.110476795850522,-0.4049119514863139,1.222008496156301e-27,0.0,-1.0,-1.0
6.62,13.900921742176873,4.639638937755908,6.406403195189035e-30,1.0714376162752064,-0.4136264447772863,1.3849979421092961e-27,0.0,-1.0,-1.0
6.640000000000001,13.922977272554856,4.631506320948493,3.14895536762062e-29,1.0324095455674878,-0.42239053831449996,-1.423108895989125e-24,0.0,-1.0,-1.0
6.66,13.94432280131317,4.6232152145309335,5.953697799326781e-29,0.9933828002218283,-0.43116054949217675,-3.0175738658439772e-24,0.0,-1.0,-1.0
6.68,13.965668330071486,4.614924108113375,8.758440231032941e-29,0.9543560548761689,-0.4399305606698536,-4.612038835698829e-24,0.0,-1.0,-1.0
6.7,13.987013858829801,4.606633001695817,1.1563182662739226e-28,0.9153293095305077,-0.44870057184753076,-6.206503805553752e-24,0.0,-1.0,-1.0
6.72,14.008359387588117,4.598341895278258,1.4367925094445386e-28,0.8763025641848483,-0.45747058302520754,-7.800968775408604e-24,0.0,-1.0,-1.0
6.74,14.029704916346432,4.5900507888607,1.7172667526151672e-28,0.8372758188391871,-0.4662405942028847,-9.395433745263527e-24,0.0,-1.0,-1.0
6.76,14.051050445104748,4.581759682443141,1.9977409957857834e-28,0.7982490734935276,-0.4750106053805615,-1.0989898715118379e-23,0.0,-1.0,-1.0
6.78,14.072395973863063,4.573468576025583,2.278215238956412e-28,0.7592223281478664,-0.48378061655823873,-1.2584363684973302e-23,0.0,-1.0,-1.0
6.8,14.091329943217545,4.56463554886265,-9.82700767256451e-26,0.72019884596791,-0.4925651143768249,-1.2446653745001822e-23,0.0,-1.0,-1.0
6.82,14.106016528279557,4.554848058103255,-3.702978301347906e-25,0.6811811110727702,-0.5013751269436492,-9.258132578023642e-24,0.0,-1.0,-1.0
6.84,14.12070311334157,4.54506056734386,-6.42325583543924e-25,0.6421633761776322,-0.510185139510473,-6.069611411045605e-24,0.0,-1.0,-1.0
6.86,14.135389698403584,4.535273076584465,-9.143533369530695e-25,0.6031456412824925,-0.5189951520772972,-2.8810902440674245e-24,0.0,-1.0,-1.0
6.88,14.150076283465594,4.52548558582507,-1.186381090362203e-24,0.5641279063873545,-0.5278051646441211,3.074309229106131e-25,0.0,-1.0,-1.0
6.9,14.164762868527609,4.515698095065675,-1.4584088437713485e-24,0.5251101714922148,-0.5366151772109453,3.495952089888793e-24,0.0,-1.0,-1.0
6.92,14.179449453589621,4.50591060430628,-1.7304365971804817e-24,0.48609243659707685,-0.5454251897777691,6.684473256866832e-24,0.0,-1.0,-1.0
6.94,14.194136038651633,4.496123113546885,-2.0024643505896275e-24,0.44707470170193714,-0.5542352023445933,9.872994423845013e-24,0.0,-1.0,-1.0
6.96,14.208822623713646,4.4863356227874895,-2.2744921039987607e-24,0.40805696680679915,-0.5630452149114172,1.3061515590823052e-23,0.0,-1.0,-1.0
6.98,14.217977591916737,4.475299120157648,-2.0944860557222457e-24,0.3713718294521814,-0.5504145110132502,1.2276059941293232e-23,0.0,-1.0,-1.0
7.0,14.226006770691784,4.4640084198139895,-1.822482515928243e-24,0.33516142014145855,-0.53342021279147,1.0681824291011091e-23,0.0,-1.0,-1.0
7.0200000000000005,14.234035949466831,4.452717719470331,-1.550478976134228e-24,0.29895101083073417,-0.5164259145696891,9.087588640728881e-24,0.0,-1.0,-1.0
7.04,14.242065128241878,4.441427019126673,-1.2784754363402253e-24,0.26274060152001133,-0.4994316163479089,7.49335299044674e-24,0.0,-1.0,-1.0
7.0600000000000005,14.250094307016926,4.430136318783014,-1.0064718965462104e-24,0.22653019220928688,-0.48243731812612795,5.8991173401645295e-24,0.0,-1.0,-1.0
7.08,14.258123485791973,4.418845618439356,-7.344683567522076e-25,0.19031978289856405,-0.4654430199043478,4.30488168988239e-24,0.0,-1.0,-1.0
7.1000000000000005,14.26615266456702,4.407554918095697,-4.624648169581927e-25,0.15410937358783963,-0.44844872168256683,2.7106460396001796e-24,0.0,-1.0,-1.0
7.12,14.274181843342067,4.396264217752039,-1.9046127716418975e-25,0.11789896427711682,-0.43145442346078666,1.1164103893180384e-24,0.0,-1.0,-1.0
7.140000000000001,14.28035972493415,4.385842369681064,3.836829695764966e-29,0.08849704877124641,-0.4082686765098399,1.7213963335135529e-22,0.0,-1.0,-1.0
7.16,14.282210497729285,4.3774513237670725,3.579650272141869e-29,0.07500889022890365,-0.370611416012413,7.466283455614733e-22,0.0,-1.0,-1.0
7.18,14.284061270524418,4.36906027785308,3.322470848518773e-29,0.0615207316865609,-0.3329541555149861,1.3211170577715913e-21,0.0,-1.0,-1.0
7.2,14.285912043319552,4.360669231939088,3.0652914248956653e-29,0.04803257314421755,-0.2952968950175575,1.8956057699817347e-21,0.0,-1.0,-1.0
7.22,14.287762816114686,4.352278186025097,2.8081120012725685e-29,0.034544414601874796,-0.2576396345201306,2.4700944821918527e-21,0.0,-1.0,-1.0
7.24,14.28961358890982,4.3438871401111046,2.550932577649461e-29,0.021056256059531445,-0.219982374022702,3.0445831944019963e-21,0.0,-1.0,-1.0
7.26,14.291464361704953,4.335496094197112,2.2937531540263644e-29,0.0075680975171886905,-0.18232511352527508,3.619071906612114e-21,0.0,-1.0,-1.0
7.28,14.293315134500087,4.32710504828312,2.0365737304032566e-29,-0.005920061025154674,-0.14466785302784652,4.193560618822258e-21,0.0,-1.0,-1.0
7.3,14.295165907295221,4.318714002369129,1.7793943067801603e-29,-0.01940821956749743,-0.10701059253041956,4.768049331032376e-21,0.0,-1.0,-1.0
7.32,14.295248308529375,4.315260029838356,7.531863618742792e-23,-0.02050289090028281,-0.08943600150866675,6.700882606586895e-21,0.0,-1.0,-1.0
7.34,14.294797662451252,4.313294259083448,1.7334084773737416e-22,-0.01786174381539737,-0.07791500986815783,9.043167116606745e-21,0.0,-1.0,-1.0
7.36,14.294347016373129,4.311328488328541,2.7136305928732477e-22,-0.015220596730511814,-0.06639401822764839,1.1385451626626701e-20,0.0,-1.0,-1.0
7.38,14.293896370295007,4.309362717573633,3.69385270837271e-22,-0.012579449645626377,-0.05487302658713946,1.3727736136646552e-20,0.0,-1.0,-1.0
7.4,14.293445724216884,4.307396946818725,4.674074823872216e-22,-0.009938302560740823,-0.04335203494663002,1.6070020646666505e-20,0.0,-1.0,-1.0
7.42,14.292995078138762,4.305431176063818,5.654296939371678e-22,-0.007297155475855384,-0.03183104330612109,1.841230515668636e-20,0.0,-1.0,-1.0
7.44,14.29254443206064,4.30346540530891,6.634519054871183e-22,-0.004656008390969829,-0.02031005166561166,2.0754589666706312e-20,0.0,-1.0,-1.0
7.46,14.292093785982518,4.301499634554003,7.614741170370646e-22,-0.00201486130608439,-0.008789060025102727,2.3096874176726166e-20,0.0,-1.0,-1.0
7.48,14.291749999997307,4.300000000015162,2.739157238938282e-21,0.0008078481188467214,-0.004548556051180304,2.188672505247986e-20,1.0,0.0,7.0
7.5,14.291749999985953,4.300000000079097,3.835415986430832e-21,0.004214672569190436,-0.0237305428719709,-1.299750168623263e-20,0.0,-1.0,-1.0
7.5200000000000005,14.291749999974597,4.300000000143034,4.931674733923431e-21,0.007621497019534302,-0.042912529692762345,-4.7881728424946674e-20,0.0,-1.0,-1.0
7.54,14.29174999996324,4.30000000020697,6.027933481415982e-21,0.011028321469878017,-0.06209451651355293,-8.276595516365916e-20,0.0,-1.0,-1.0
7.5600000000000005,14.291749999951886,4.300000000270907,7.12419222890858e-21,0.014435145920221883,-0.08127650333434437,-1.176501819023732e-19,0.0,-1.0,-1.0
7.58,14.29174999994053,4.300000000334842,8.220450976401131e-21,0.017841970370565594,-0.10045849015513497,-1.5253440864108569e-19,0.0,-1.0,-1.0
7.6000000000000005,14.291749999929175,4.300000000398779,9.31670972389373e-21,0.02124879482090946,-0.1196404769759264,-1.8741863537979974e-19,0.0,-1.0,-1.0
7.62,14.291749999917819,4.300000000462715,1.041296847138628e-20,0.024655619271253176,-0.138822463796717,-2.2230286211851223e-19,0.0,-1.0,-1.0
7.640000000000001,14.291749999906465,4.3000000005266505,1.150922721887888e-20,0.028062443721597042,-0.15800445061750845,-2.5718708885722626e-19,0.0,-1.0,-1.0
7.66,14.292290249888316,4.296958144926853,8.410204495328768e-21,0.029161674386724165,-0.19711117754138932,-2.178214418512712e-19,0.0,-1.0,-1.0
7.68,14.29285438343867,4.293781813863776,5.1257152402389424e-21,0.030158890105178277,-0.23709874463398284,-1.7517332937887807e-19,0.0,-1.0,-1.0
7.7,14.293418516989025,4.290605482800701,1.8412259851489725e-21,0.03115610582363243,-0.27708631172657816,-1.3252521690648306e-19,0.0,-1.0,-1.0
7.72,14.29398265053938,4.2874291517376255,-1.443263269940853e-21,0.032153321542086534,-0.3170738788191717,-8.987710443408993e-20,0.0,-1.0,-1.0
7.74,14.294546784089734,4.284252820674549,-4.727752525030823e-21,0.03315053726054069,-0.35706144591176703,-4.7228991961694913e-20,0.0,-1.0,-1.0
7.76,14.29511091764009,4.281076489611474,-8.012241780120648e-21,0.0341477529789948,-0.3970490130043605,-4.5808794893017785e-21,0.0,-1.0,-1.0
7.78,14.295675051190445,4.277900158548398,-1.1296731035210618e-20,0.03514496869744895,-0.4370365800969558,3.806723298309321e-20,0.0,-1.0,-1.0
7.8,14.296239184740799,4.274723827485323,-1.4581220290300444e-20,0.036142184415903056,-0.47702414718954933,8.071534545548632e-20,0.0,-1.0,-1.0
7.82,14.296915308241223,4.2670567873818355,-1.4357191675839085e-20,0.03713939812034902,-0.5170117141773926,8.67036378599277e-20,0.0,-1.0,-1.0
7.84,14.297644570010906,4.257258944416145,-1.2468401472224892e-20,0.03813661086916535,-0.55699928111553,7.529716056858604e-20,0.0,-1.0,-1.0
7.86,14.298373831780587,4.247461101450453,-1.0579611268610616e-20,0.039133823617981726,-0.5969868480536693,6.38906832772439e-20,0.0,-1.0,-1.0
7.88,14.299103093550269,4.237663258484762,-8.690821064996425e-21,0.04013103636679806,-0.6369744149918067,5.2484205985902235e-20,0.0,-1.0,-1.0
7.9,14.299832355319952,4.22786541551907,-6.80203086138215e-21,0.04112824911561443,-0.676961981929946,4.1077728694560074e-20,0.0,-1.0,-1.0
7.92,14.300561617089633,4.218067572553379,-4.9132406577679576e-21,0.042125461864430766,-0.7169495488680835,2.9671251403218425e-20,0.0,-1.0,-1.0
7.94,14.301290878859316,4.208269729587688,-3.0244504541536825e-21,0.04312267461324714,-0.7569371158062228,1.8264774111876265e-20,0.0,-1.0,-1.0
7.96,14.302020140628997,4.198471886621997,-1.1356602505394917e-21,0.044119887362063466,-0.7969246827443602,6.85829682053461e-21,0.0,-1.0,-1.0
7.98,14.30281524487173,4.18603380434761,1.1742108951892598e-28,0.04511709906930473,-0.8369122495262412,-1.9062134746016638e-28,0.0,-1.0,-1.0
8.0,14.303709634369,4.16961444950488,1.135306610021515e-28,0.04611430920593285,-0.8768998160724952,-1.808414082748751e-28,0.0,-1.0,-1.0
8.02,14.304604023866268,4.1531950946621485,1.09640232485377e-28,0.04711151934256098,-0.9168873826187492,-1.7106146908958382e-28,0.0,-1.0,-1.0
8.040000000000001,14.305498413363537,4.136775739819417,1.057498039686022e-28,0.04810872947918919,-0.9568749491650068,-1.6128152990429167e-28,0.0,-1.0,-1.0
8.06,14.306392802860806,4.120356384976687,1.018593754518277e-28,0.049105939615817315,-0.9968625157112608,-1.5150159071900036e-28,0.0,-1.0,-1.0
8.08,14.307287192358075,4.103937030133957,9.796894693505322e-29,0.05010314975244544,-1.0368500822575148,-1.4172165153370908e-28,0.0,-1.0,-1.0
8.1,14.308181581855344,4.087517675291227,9.407851841827874e-29,0.05110035988907356,-1.0768376488037688,-1.319417123484178e-28,0.0,-1.0,-1.0
8.120000000000001,14.309075971352613,4.0710983204484945,9.018808990150391e-29,0.05209757002570178,-1.1168252153500264,-1.2216177316312565e-28,0.0,-1.0,-1.0
8.14,14.309990056127823,4.053889196019177,8.649082012477846e-29,0.05292901893896379,-1.1548346627587096,-1.120757109103273e-28,0.0,-1.0,-1.0
8.16,14.311049572920128,4.030848329364299,8.4219854930694e-29,0.05253646943283644,-1.1782374690689321,-9.972920352350785e-29,0.0,-1.0,-1.0
8.18,14.312109089712433,4.007807462709422,8.194888973660953e-29,0.05214391992670909,-1.2016402753791549,-8.738269613668841e-29,0.0,-1.0,-1.0
8.2,14.313168606504739,3.984766596054544,7.967792454252506e-29,0.05175137042058174,-1.2250430816893774,-7.503618874986897e-29,0.0,-1.0,-1.0
8.22,14.314228123297044,3.961725729399664,7.740695934844039e-29,0.05135882091445435,-1.248445887999602,-6.268968136304843e-29,0.0,-1.0,-1.0
8.24,14.315287640089348,3.9386848627447866,7.513599415435593e-29,0.050966271408327005,-1.2718486943098246,-5.034317397622899e-29,0.0,-1.0,-1.0
8.26,14.316347156881655,3.9156439960899085,7.286502896027147e-29,0.05057372190219965,-1.2952515006200473,-3.799666658940956e-29,0.0,-1.0,-1.0
8.28,14.31740667367396,3.892603129435031,7.0594063766187e-29,0.050181172396072296,-1.3186543069302699,-2.565015920259012e-29,0.0,-1.0,-1.0
8.3,14.318466190466264,3.869562262780151,6.832309857210234e-29,0.049788622889944914,-1.3420571132404946,-1.3303651815769584e-29,0.0,-1.0,-1.0
8.32,14.31947111794304,3.843266919535639,6.776908114483361e-29,0.048772035045559325,-1.3404362682934994,-9.909003596807904e-29,0.0,-1.0,-1.0
8.34,14.320465632750574,3.8163507993506096,6.754256387077102e-29,0.047636414662539726,-1.3340422731209067,-2.03594832896119e-28,0.0,-1.0,-1.0
8.36,14.321460147558108,3.7894346791655806,6.731604659670842e-29,0.04650079427952013,-1.3276482779483143,-3.080996298241589e-28,0.0,-1.0,-1.0
8.38,14.322454662365642,3.762518558980549,6.708952932264581e-29,0.045365173896500424,-1.321254282775721,-4.1260442675220815e-28,0.0,-1.0,-1.0
8.4,14.323449177173176,3.73560243879552,6.686301204858321e-29,0.044229553513480825,-1.3148602876031286,-5.171092236802481e-28,0.0,-1.0,-1.0
8.42,14.324443691980711,3.708686318610491,6.663649477452062e-29,0.043093933130461226,-1.308466292430536,-6.21614020608288e-28,0.0,-1.0,-1.0
8.44,14.325438206788245,3.6817701984254616,6.640997750045802e-29,0.04195831274744163,-1.3020722972579433,-7.261188175363279e-28,0.0,-1.0,-1.0
8.46,14.32643272159578,3.6548540782404304,6.618346022639541e-29,0.04082269236442193,-1.2956783020853502,-8.306236144643772e-28,0.0,-1.0,-1.0
8.48,14.327321865149841,3.628531240190969,5.62602154212343e-29,0.039270695430751505,-1.2725877688031462,-7.936835489739056e-28,0.0,-1.0,-1.0
8.5,14.328128333411167,3.6026738969763556,3.8728825502573255e-29,0.03739200547522908,-1.2363969721152102,-6.457644923353603e-28,0.0,-1.0,-1.0
8.52,14.328934801672494,3.5768165537617422,2.1197435583912226e-29,0.03551331551970665,-1.2002061754272741,-4.9784543569681495e-28,0.0,-1.0,-1.0
8.540000000000001,14.32974126993382,3.5509592105471266,3.666045665249633e-30,0.03363462556418406,-1.164015378739335,-3.499263790582565e-28,0.0,-1.0,-1.0
8.56,14.330547738195147,3.525101867332513,-1.3865344253411402e-29,0.031755935608661634,-1.127824582051399,-2.020073224197112e-28,0.0,-1.0,-1.0
8.58,14.331354206456473,3.4992445241178993,-3.139673417207244e-29,0.029877245653139206,-1.091633785363463,-5.408826578116592e-29,0.0,-1.0,-1.0
8.6,14.3321606747178,3.473387180903286,-4.892812409073347e-29,0.02799855569761678,-1.055442988675527,9.383079085737946e-29,0.0,-1.0,-1.0
8.620000000000001,14.332967142979125,3.4475298376886703,-6.645951400939607e-29,0.02611986574209419,-1.0192521919875879,2.417498474959379e-28,0.0,-1.0,-1.0
8.64,14.333686230993811,3.423355774214524,-7.711099964290882e-29,0.024488770764554007,-0.9819949458760645,3.4026216002945056e-28,0.0,-1.0,-1.0
8.66,14.334181608363485,3.4034912384762794,-7.014857498901845e-29,0.023491567706005377,-0.9420073791532977,3.1228347469583627e-28,0.0,-1.0,-1.0
8.68,14.334676985733159,3.3836267027380353,-6.318615033512807e-29,0.022494364647456744,-0.902019812430531,2.84304789362222e-28,0.0,-1.0,-1.0
8.700000000000001,14.335172363102833,3.363762166999789,-5.622372568123709e-29,0.02149716158890802,-0.8620322457077607,2.563261040286052e-28,0.0,-1.0,-1.0
8.72,14.335667740472507,3.3438976312615445,-4.9261301027346714e-29,0.020499958530359387,-0.822044678984994,2.283474186949909e-28,0.0,-1.0,-1.0
8.74,14.336163117842183,3.3240330955233,-4.229887637345634e-29,0.019502755471810757,-0.7820571122622273,2.0036873336137656e-28,0.0,-1.0,-1.0
8.76,14.336658495211857,3.3041685597850554,-3.5336451719565965e-29,0.018505552413262124,-0.7420695455394606,1.7239004802776225e-28,0.0,-1.0,-1.0
8.78,14.337153872581531,3.2843040240468113,-2.8374027065675596e-29,0.01750834935471349,-0.7020819788166939,1.4441136269414794e-28,0.0,-1.0,-1.0
8.8,14.33764901547044,3.2644488909224045,-2.1418181306109644e-29,0.016511146299271733,-0.6620944120931971,1.1645464248925064e-28,0.0,-1.0,-1.0
8.82,14.337979266717133,3.251205867025536,-1.908874779910237e-29,0.015513945428709906,-0.6221068448588405,1.039442473985869e-28,0.0,-1.0,-1.0
8.84,14.338309517963824,3.237962843128668,-1.6759314292095097e-29,0.014516744558148078,-0.5821192776244839,9.143385230792315e-29,0.0,-1.0,-1.0
8.86,14.338639769210516,3.224719819231799,-1.442988078508782e-29,0.01351954368758625,-0.5421317103901273,7.89234572172594e-29,0.0,-1.0,-1.0
8.88,14.338970020457209,3.2114767953349297,-1.210044727808034e-29,0.012522342817024336,-0.5021441431557672,6.641306212659453e-29,0.0,-1.0,-1.0
8.9,14.3393002717039,3.198233771438061,-9.771013771073065e-30,0.011525141946462508,-0.46215657592141063,5.390266703593079e-29,0.0,-1.0,-1.0
8.92,14.339630522950593,3.184990747541193,-7.441580264065791e-30,0.01052794107590068,-0.42216900868705404,4.139227194526704e-29,0.0,-1.0,-1.0
8.94,14.339960774197285,3.1717477236443243,-5.1121467570585145e-30,0.009530740205338853,-0.38218144145269745,2.88818768546033e-29,0.0,-1.0,-1.0
8.96,14.340291025443976,3.158504699747455,-2.7827132500510332e-30,0.008533539334776937,-0.34219387421833736,1.6371481763938437e-29,0.0,-1.0,-1.0
8.98,14.340502063043582,3.150042120662559,-1.9488602587449795e-30,0.007536339661706694,-0.3022063067891414,1.1768795555176349e-29,0.0,-1.0,-1.0
9.0,14.340667188529599,3.143420608691781,-1.690992183544524e-30,0.006539140449819976,-0.262218739284908,1.0211562927222696e-29,0.0,-1.0,-1.0
9.02,14.340832314015614,3.136799096721002,-1.4331241083440683e-30,0.005541941237933257,-0.22223117178067467,8.654330299269042e-30,0.0,-1.0,-1.0
9.040000000000001,14.340997439501631,3.130177584750223,-1.1752560331435899e-30,0.004544742026046451,-0.18224360427643777,7.09709767131525e-30,0.0,-1.0,-1.0
9.06,14.341162564987648,3.1235560727794445,-9.173879579431342e-31,0.0035475428141597317,-0.1422560367722044,5.5398650433615986e-30,0.0,-1.0,-1.0
9.08,14.341327690473666,3.116934560808666,-6.595198827426786e-31,0.0025503436022730128,-0.10226846926797103,3.9826324154079454e-30,0.0,-1.0,-1.0
9.1,14.34149281595968,3.110313048837887,-4.01651807542223e-31,0.0015531443903862947,-0.062280901763737684,2.425399787454292e-30,0.0,-1.0,-1.0
9.120000000000001,14.341657941445698,3.103691536867108,-1.4378373234174475e-31,0.0005559451784994873,-0.022293334259500752,8.681671595005016e-31,5.0,-1.0,-1.0
