0.0,2.0,5.0,3.0543261909900767,-8.013937890796521e-20,-1.2553574662468962e-19,8.20236967549886e-22,1.0,0.0,6.0
0.02,2.0,5.0,3.0543261909900767,0.03942607099419373,-0.006751658325872878,1.3967508557780357e-16,0.0,-1.0,-1.0
0.04,2.0,5.0,3.0543261909900767,0.07885214198838746,-0.013503316651745756,2.793493509186396e-16,0.0,-1.0,-1.0
0.06,2.0,5.0,3.0543261909900767,0.11827821298258118,-0.020254974977618634,4.1902361625947554e-16,0.0,-1.0,-1.0
0.08,2.0,5.0,3.0543261909900767,0.1577042839767749,-0.027006633303491512,5.586978816003116e-16,0.0,-1.0,-1.0
0.1,2.0,5.0,3.0543261909900767,0.19713035497096865,-0.03375829162936439,6.983721469411476e-16,0.0,-1.0,-1.0
0.12,2.0,5.0,3.0543261909900767,0.23655642596516235,-0.04050994995523727,8.380464122819835e-16,0.0,-1.0,-1.0
0.14,2.0,5.0,3.0543261909900767,0.2759824969593561,-0.04726160828111015,9.777206776228196e-16,0.0,-1.0,-1.0
0.16,2.0,5.0,3.0543261909900767,0.3154085679535498,-0.054013266606983024,1.1173949429636557e-15,0.0,-1.0,-1.0
0.18,2.001385446453427,4.999762744274373,3.0543261909900767,0.35483522622880526,-0.060761490884853935,1.2239595010567951e-15,0.0,-1.0,-1.0
0.2,2.008324708338031,4.998574405591437,3.0543261909900767,0.3942642387275784,-0.06749594915340885,1.1977977436874154e-15,0.0,-1.0,-1.0
0.22,2.0152639702226347,4.997386066908501,3.0543261909900767,0.4336932512263515,-0.07423040742196377,1.1716359863180359e-15,0.0,-1.0,-1.0
0.24,2.0222032321072385,4.996197728225565,3.0543261909900767,0.4731222637251246,-0.08096486569051867,1.1454742289486562e-15,0.0,-1.0,-1.0
0.26,2.0291424939918423,4.995009389542628,3.0543261909900767,0.5125512762238977,-0.0876993239590736,1.1193124715792764e-15,0.0,-1.0,-1.0
0.28,2.036081755876446,4.993821050859691,3.0543261909900767,0.5519802887226709,-0.09443378222762851,1.093150714209897e-15,0.0,-1.0,-1.0
0.3,2.04302101776105,4.992632712176755,3.0543261909900767,0.591409301221444,-0.1011682404961834,1.0669889568405172e-15,0.0,-1.0,-1.0
0.32,2.0499602796456537,4.9914443734938185,3.0543261909900767,0.6308383137202171,-0.10790269876473832,1.0408271994711375e-15,0.0,-1.0,-1.0
0.34,2.0568995415302576,4.990256034810883,3.0543261909900767,0.6702673262189903,-0.11463715703329325,1.014665442101758e-15,0.0,-1.0,-1.0
0.36,2.066609903052794,4.9885943935092145,3.0543261909900767,0.7096980279336247,-0.12136170606454753,9.894033662773575e-16,0.0,-1.0,-1.0
0.38,2.080488944547205,4.986220743472699,3.0543261909900767,0.7491312708056513,-0.1280713482196628,9.654947186683416e-16,0.0,-1.0,-1.0
0.4,2.0943679860416156,4.983847093436183,3.0543261909900767,0.788564513677678,-0.13478099037477803,9.41586071059326e-16,0.0,-1.0,-1.0
0.42,2.1082470275360263,4.981473443399668,3.0543261909900767,0.8279977565497045,-0.14149063252989327,9.1767742345031e-16,0.0,-1.0,-1.0
0.44,2.122126069030437,4.979099793363153,3.0543261909900767,0.8674309994217311,-0.14820027468500852,8.93768775841294e-16,0.0,-1.0,-1.0
0.46,2.1360051105248474,4.976726143326637,3.0543261909900767,0.9068642422937577,-0.15490991684012378,8.698601282322783e-16,0.0,-1.0,-1.0
0.48,2.149884152019258,4.974352493290121,3.0543261909900767,0.9462974851657843,-0.161619558995239,8.459514806232624e-16,0.0,-1.0,-1.0
0.5,2.163763193513669,4.971978843253606,3.0543261909900767,0.9857307280378109,-0.16832920115035427,8.220428330142465e-16,0.0,-1.0,-1.0
0.52,2.1776422350080797,4.96960519321709,3.0543261909900767,1.0251639709098375,-0.1750388433054695,7.981341854052306e-16,0.0,-1.0,-1.0
0.54,2.195678371929947,4.966524205394194,3.0543261909900767,1.064601169183112,-0.18172516863292515,8.080073620235005e-16,0.0,-1.0,-1.0
0.56,2.2164979376091916,4.962969611812145,3.0543261909900767,1.1040410158385978,-0.18839588192313725,8.404995289131631e-16,0.0,-1.0,-1.0
0.58,2.237317503288436,4.9594150182300965,3.0543261909900767,1.1434808624940835,-0.1950665952133493,8.729916958028254e-16,0.0,-1.0,-1.0
0.6,2.2581370689676805,4.955860424648048,3.0543261909900767,1.1829207091495693,-0.2017373085035614,9.05483862692488e-16,0.0,-1.0,-1.0
0.62,2.278956634646925,4.952305831065999,3.0543261909900767,1.222360555805055,-0.20840802179377346,9.379760295821505e-16,0.0,-1.0,-1.0
0.64,2.2997762003261695,4.94875123748395,3.0543261909900767,1.261800402460541,-0.21507873508398556,9.704681964718132e-16,0.0,-1.0,-1.0
0.66,2.320595766005414,4.945196643901902,3.0543261909900767,1.3012402491160266,-0.22174944837419763,1.0029603633614757e-15,0.0,-1.0,-1.0
0.68,2.341415331684659,4.941642050319853,3.0543261909900767,1.3406800957715126,-0.22842016166440973,1.0354525302511382e-15,0.0,-1.0,-1.0
0.7000000000000001,2.3622348973639036,4.9380874567378035,3.0543261909900767,1.3801199424269983,-0.23509087495462183,1.067944697140801e-15,0.0,-1.0,-1.0
0.72,2.38859818518382,4.933595218005051,3.0543261909900767,1.4195691745941874,-0.24170579474146897,1.0653077510913894e-15,0.0,-1.0,-1.0
0.74,2.416359437359579,4.928866532627635,3.0543261909900767,1.4590207735125393,-0.24830664504088287,1.053812271642384e-15,0.0,-1.0,-1.0
0.76,2.4441206895353385,4.9241378472502175,3.0543261909900767,1.4984723724308915,-0.2549074953402968,1.0423167921933788e-15,0.0,-1.0,-1.0
0.78,2.4718819417110978,4.9194091618728,3.0543261909900767,1.5379239713492434,-0.2615083456397107,1.0308213127443735e-15,0.0,-1.0,-1.0
0.8,2.4996431938868575,4.914680476495383,3.0543261909900767,1.5773755702675956,-0.2681091959391246,1.0193258332953683e-15,0.0,-1.0,-1.0
0.8200000000000001,2.527404446062617,4.909951791117966,3.0543261909900767,1.6168271691859475,-0.2747100462385385,1.007830353846363e-15,0.0,-1.0,-1.0
0.84,2.555165698238376,4.90522310574055,3.0543261909900767,1.6562787681042994,-0.2813108965379524,9.963348743973579e-16,0.0,-1.0,-1.0
0.86,2.5829269504141354,4.900494420363133,3.0543261909900767,1.6957303670226516,-0.2879117468373663,9.848393949483524e-16,0.0,-1.0,-1.0
0.88,2.6106882025898948,4.895765734985716,3.0543261909900767,1.7351819659410035,-0.2945125971367802,9.733439154993472e-16,0.0,-1.0,-1.0
0.9,2.6453811723354206,4.889877268224266,3.0543261909900767,1.7746602768601623,-0.3009517518980857,8.913684575964347e-16,0.0,-1.0,-1.0
0.92,2.680086179487452,4.883986787422308,3.0543261909900767,1.814138634166556,-0.30739062586391697,8.092706063411319e-16,0.0,-1.0,-1.0
0.9400000000000001,2.714791186639484,4.878096306620349,3.0543261909900767,1.8536169914729497,-0.3138294998297482,7.271727550858291e-16,0.0,-1.0,-1.0
0.96,2.7494961937915154,4.872205825818391,3.0543261909900767,1.8930953487793432,-0.3202683737955795,6.450749038305267e-16,0.0,-1.0,-1.0
0.98,2.784201200943547,4.8663153450164325,3.0543261909900767,1.9325737060857369,-0.3267072477614107,5.629770525752239e-16,0.0,-1.0,-1.0
1.0,2.8189062080955787,4.860424864214474,3.0543261909900767,1.9720520633921308,-0.333146121727242,4.80879201319921e-16,0.0,-1.0,-1.0
1.02,2.8536112152476107,4.854534383412516,3.0543261909900767,2.0115304206985245,-0.3395849956930732,3.9878135006461816e-16,0.0,-1.0,-1.0
1.04,2.8883162223996424,4.848643902610558,3.0543261909900767,2.051008778004918,-0.3460238696589045,3.1668349880931535e-16,0.0,-1.0,-1.0
1.06,2.92439646779412,4.842529122057539,3.0543261909900767,2.087165472990854,-0.3491762763236318,2.5832088583340444e-16,0.0,-1.0,-1.0
1.08,2.966049939584268,4.835505354788932,3.0543261909900767,2.1098609540936213,-0.3390100988000352,2.9614659310879286e-16,0.0,-1.0,-1.0
1.1,3.0077034113744165,4.828481587520324,3.0543261909900767,2.132556435196389,-0.32884392127643863,3.3397230038418124e-16,0.0,-1.0,-1.0
1.12,3.049356883164565,4.821457820251717,3.0543261909900767,2.155251916299156,-0.318677743752842,3.7179800765956966e-16,0.0,-1.0,-1.0
1.1400000000000001,3.091010354954713,4.81443405298311,3.0543261909900767,2.177947397401923,-0.30851156622924547,4.0962371493495803e-16,0.0,-1.0,-1.0
1.16,3.132663826744861,4.807410285714503,3.0543261909900767,2.20064287850469,-0.298345388705649,4.47449422210346e-16,0.0,-1.0,-1.0
1.18,3.1743172985350094,4.800386518445896,3.0543261909900767,2.223338359607457,-0.28817921118205236,4.852751294857344e-16,0.0,-1.0,-1.0
1.2,3.2159707703251574,4.7933627511772885,3.0543261909900767,2.2460338407102247,-0.27801303365845575,5.231008367611228e-16,0.0,-1.0,-1.0
1.22,3.257624242115306,4.786338983908681,3.0543261909900767,2.268729321812992,-0.2678468561348592,5.609265440365112e-16,0.0,-1.0,-1.0
1.24,3.30086584399477,4.780026601093456,3.0543261909900767,2.2789555086018827,-0.2559013538615329,5.375958212118232e-16,0.0,-1.0,-1.0
1.26,3.346513877834796,4.774792151563662,3.0543261909900767,2.27028745708849,-0.24125970977037084,4.2159713058226234e-16,0.0,-1.0,-1.0
1.28,3.392161911674821,4.769557702033868,3.0543261909900767,2.2616194055750967,-0.22661806567920875,3.0559843995270144e-16,0.0,-1.0,-1.0
1.3,3.437809945514847,4.764323252504074,3.0543261909900767,2.252951354061704,-0.2119764215880467,1.895997493231406e-16,0.0,-1.0,-1.0
1.32,3.483457979354873,4.759088802974279,3.0543261909900767,2.244283302548311,-0.1973347774968846,7.360105869357964e-17,0.0,-1.0,-1.0
1.34,3.5291060131948986,4.753854353444485,3.0543261909900767,2.235615251034918,-0.18269313340572252,-4.239763193598121e-17,0.0,-1.0,-1.0
1.36,3.574754047034924,4.74861990391469,3.0543261909900767,2.226947199521525,-0.16805148931456046,-1.5839632256554206e-16,0.0,-1.0,-1.0
1.3800000000000001,3.6204020808749497,4.743385454384896,3.0543261909900767,2.2182791480081323,-0.15340984522339837,-2.74395013195103e-16,0.0,-1.0,-1.0
1.4000000000000001,3.6660501147149755,4.738151004855101,3.0543261909900767,2.2096110964947395,-0.1387682011322363,-3.9039370382466395e-16,0.0,-1.0,-1.0
1.42,3.7107869979018338,4.734455625963788,3.0543261909900767,2.1825917425966876,-0.12873382146755513,-3.550154263696586e-16,0.0,-1.0,-1.0
1.44,3.7549093945691996,4.731798207322633,3.0543261909900767,2.1431961390726055,-0.12180661389562533,-2.1754743858366414e-16,0.0,-1.0,-1.0
1.46,3.7990317912365654,4.7291407886814785,3.0543261909900767,2.1038005355485234,-0.11487940632369552,-8.007945079766973e-17,0.0,-1.0,-1.0
1.48,3.8431541879039313,4.726483370040324,3.0543261909900767,2.0644049320244413,-0.1079521987517657,5.73885369883247e-17,0.0,-1.0,-1.0
1.5,3.887276584571297,4.723825951399168,3.0543261909900767,2.025009328500359,-0.1010249911798359,1.9485652477431913e-16,0.0,-1.0,-1.0
1.52,3.9313989812386625,4.721168532758013,3.0543261909900767,1.9856137249762773,-0.09409778360790609,3.3232451256031356e-16,0.0,-1.0,-1.0
1.54,3.9755213779060283,4.7185111141168585,3.0543261909900767,1.9462181214521952,-0.08717057603597628,4.697925003463079e-16,0.0,-1.0,-1.0
1.56,4.019643774573394,4.715853695475704,3.0543261909900767,1.906822517928113,-0.08024336846404648,6.072604881323023e-16,0.0,-1.0,-1.0
1.58,4.0637661712407604,4.713196276834549,3.0543261909900767,1.867426914404031,-0.07331616089211668,7.447284759182968e-16,0.0,-1.0,-1.0
1.6,4.1023630849675605,4.71151044293485,3.0543261909900767,1.827959506684297,-0.06681414648904054,0.050069421243203294,0.0,-1.0,-1.0
1.62,4.139551582236331,4.710072260861238,3.0543261909900767,1.7884737964538142,-0.060420511582073094,0.11290127387593701,0.0,-1.0,-1.0
1.6400000000000001,4.176740079505101,4.708634078787625,3.0543261909900767,1.7489880862233314,-0.05402687667510565,0.17573312650867073,0.0,-1.0,-1.0
1.6600000000000001,4.2139285767738714,4.707195896714013,3.0543261909900767,1.7095023759928485,-0.04763324176813821,0.23856497914140445,0.0,-1.0,-1.0
1.68,4.251117074042641,4.7057577146404,3.0543261909900767,1.6700166657623663,-0.04123960686117084,0.30139683177413745,0.0,-1.0,-1.0
1.7,4.288305571311412,4.704319532566787,3.0543261909900767,1.6305309555318834,-0.03484597195420341,0.3642286844068712,0.0,-1.0,-1.0
1.72,4.3254940685801815,4.702881350493175,3.0543261909900767,1.5910452453014006,-0.028452337047235966,0.4270605370396049,0.0,-1.0,-1.0
1.74,4.362682565848952,4.701443168419562,3.0543261909900767,1.5515595350709177,-0.022058702140268525,0.4898923896723386,0.0,-1.0,-1.0
1.76,4.399871063117722,4.70000498634595,3.0543261909900767,1.512073824840435,-0.01566506723330109,0.5527242423050723,0.0,-1.0,-1.0
1.78,4.430133897211735,4.699688226720346,3.0653466904426696,1.4724497915998875,-0.010193983822036273,0.6155560942390663,2.0,-1.0,-1.0
1.8,4.460372635676762,4.699375368725324,3.0764055321968375,1.4328252771086865,-0.004726110133508507,0.6783879461706294,0.0,-1.0,-1.0
1.82,4.49061137414179,4.699062510730301,3.0874643739510055,1.3932007626174854,0.0007417635550192626,0.7412197981021924,0.0,-1.0,-1.0
1.84,4.520850112606817,4.6987496527352794,3.0985232157051734,1.3535762481262843,0.006209637243547027,0.8040516500337553,0.0,-1.0,-1.0
1.86,4.551088851071844,4.698436794740258,3.109582057459341,1.313951733635083,0.011677510932074794,0.8668835019653184,0.0,-1.0,-1.0
1.8800000000000001,4.581327589536871,4.698123936745236,3.120640899213509,1.274327219143882,0.017145384620602565,0.9297153538968814,0.0,-1.0,-1.0
1.9000000000000001,4.609535733145655,4.698091284989434,3.134919617273513,1.2346332703723382,0.02202821589094015,0.9925472056067869,0.0,-1.0,-1.0
1.92,4.634537042308574,4.698501151354426,3.1542833527692835,1.194829666914513,0.0259871138748446,1.0553790569666375,0.0,-1.0,-1.0
1.94,4.659538351471494,4.698911017719418,3.1736470882650534,1.1550260634566878,0.029946011858749087,1.1182109083264886,0.0,-1.0,-1.0
1.96,4.684539660634414,4.699320884084409,3.1930108237608237,1.1152224599988623,0.03390490984265358,1.1810427596863398,0.0,-1.0,-1.0
1.98,4.7095409697973345,4.699730750449402,3.212374559256594,1.075418856541037,0.03786380782655807,1.243874611046191,0.0,-1.0,-1.0
2.0,4.734542278960254,4.7001406168143935,3.2317382947523643,1.0356152530832117,0.04182270581046256,1.306706462406042,0.0,-1.0,-1.0
2.02,4.759543588123174,4.700550483179385,3.251102030248134,0.9958116496253862,0.045781603794367055,1.3695383137658932,0.0,-1.0,-1.0
2.04,4.780447111561381,4.701367918564133,3.2769343123374943,0.9558646027890549,0.04742722425946128,1.4323701642550246,0.0,-1.0,-1.0
2.06,4.800187320070923,4.70230105817477,3.3046029414993,0.9158768340031528,0.04841613145242232,1.4952020144969684,0.0,-1.0,-1.0
2.08,4.819927528580465,4.703234197785408,3.332271570661106,0.8758890652172506,0.049405038645383356,1.5580338647389123,0.0,-1.0,-1.0
2.1,4.839667737090006,4.704167337396046,3.359940199822912,0.8359012964313485,0.0503939458383444,1.620865714980856,0.0,-1.0,-1.0
2.12,4.859407945599548,4.705100477006684,3.3876088289847175,0.7959135276454463,0.05138285303130544,1.6836975652228001,0.0,-1.0,-1.0
2.14,4.87914815410909,4.706033616617321,3.4152774581465235,0.7559257588595443,0.05237176022426648,1.7465294154647437,0.0,-1.0,-1.0
2.16,4.897989524622711,4.706988984708978,3.4443584105278062,0.7171182004476951,0.049490996721654155,1.8052319258783607,0.0,-1.0,-1.0
2.18,4.912444290151957,4.708052834602783,3.480331933207887,0.6840704304881967,0.02772505386731286,1.8437819919634713,0.0,-1.0,-1.0
2.2,4.9268990556812025,4.709116684496587,3.5163054558879674,0.6510226605286982,0.005959111012971557,1.882332058048582,0.0,-1.0,-1.0
2.22,4.941353821210448,4.710180534390392,3.5522789785680478,0.6179748905691997,-0.015806831841369738,1.9208821241336926,0.0,-1.0,-1.0
2.24,4.955808586739694,4.711244384284196,3.5882525012481286,0.5849271206097013,-0.03757277469571104,1.9594321902188034,0.0,-1.0,-1.0
2.2600000000000002,4.9702633522689394,4.712308234178001,3.624226023928209,0.5518793506502029,-0.05933871755005234,1.997982256303914,0.0,-1.0,-1.0
2.2800000000000002,4.984718117798185,4.713372084071805,3.6601995466082893,0.5188315806907045,-0.08110466040439362,2.0365323223890246,0.0,-1.0,-1.0
2.3000000000000003,4.9967213330440226,4.712821292389533,3.699032791004909,0.49898091534595995,-0.10083772848355185,2.0471164297784115,0.0,-1.0,-1.0
2.32,5.006807960288731,4.711008196323062,3.7401017261665004,0.489447563305145,-0.11898152326561304,2.0358371386321865,0.0,-1.0,-1.0
2.34,5.016894587533441,4.709195100256592,3.7811706613280927,0.47991421126432987,-0.13712531804767464,2.024557847485961,0.0,-1.0,-1.0
2.36,5.026981214778151,4.707382004190121,3.8222395964896854,0.47038085922351475,-0.1552691128297362,2.0132785563397357,0.0,-1.0,-1.0
2.38,5.037067842022861,4.7055689081236505,3.8633085316512776,0.4608475071826996,-0.17341290761179778,2.0019992651935103,0.0,-1.0,-1.0
2.4,5.0471544692675705,4.70375581205718,3.90437746681287,0.45131415514188444,-0.19155670239385938,1.9907199740472847,0.0,-1.0,-1.0
2.42,5.057241096512279,4.701942715990709,3.9454464019744626,0.4417808031010693,-0.20970049717592099,1.9794406829010596,0.0,-1.0,-1.0
2.44,5.066127606162994,4.697845566293725,3.9850954298784163,0.4546371517454786,-0.22435792083115785,1.9207034130207157,0.0,-1.0,-1.0
2.46,5.074954148382891,4.6936342870908,4.024673507909902,0.4686122681119888,-0.23884113762499928,1.859594764643163,0.0,-1.0,-1.0
2.48,5.0837806906027865,4.689423007887876,4.064251585941387,0.4825873844784991,-0.2533243544188407,1.79848611626561,0.0,-1.0,-1.0
2.5,5.092607232822683,4.685211728684951,4.103829663972872,0.49656250084500936,-0.26780757121268217,1.7373774678880574,0.0,-1.0,-1.0
2.52,5.1014337750425796,4.681000449482026,4.143407742004357,0.5105376172115196,-0.2822907880065236,1.6762688195105047,0.0,-1.0,-1.0
2.54,5.110260317262475,4.676789170279101,4.182985820035842,0.5245127335780299,-0.296774004800365,1.6151601711329517,0.0,-1.0,-1.0
2.56,5.119721524267584,4.671920151459949,4.21978871493611,0.5465643279810778,-0.3099950862044067,1.5534594556368921,0.0,-1.0,-1.0
2.58,5.130395248336852,4.665794531475847,4.25128966622587,0.5840459063154628,-0.32080487784876865,1.4906276052471938,0.0,-1.0,-1.0
2.6,5.14106897240612,4.659668911491746,4.282790617515631,0.6215274846498479,-0.33161466949313056,1.4277957548574955,0.0,-1.0,-1.0
2.62,5.151742696475388,4.653543291507645,4.314291568805391,0.6590090629842329,-0.3424244611374925,1.3649639044677973,0.0,-1.0,-1.0
2.64,5.162416420544656,4.647417671523543,4.345792520095151,0.696490641318618,-0.35323425278185444,1.302132054078099,0.0,-1.0,-1.0
2.66,5.173090144613924,4.641292051539442,4.377293471384912,0.7339722196530031,-0.36404404442621635,1.2393002036884009,0.0,-1.0,-1.0
2.68,5.183763868683192,4.635166431555341,4.4087944226746725,0.7714537979873881,-0.3748538360705783,1.1764683532987026,0.0,-1.0,-1.0
2.7,5.1980777329163805,4.627990985003713,4.434193263211879,0.8104314163971428,-0.3731706348556661,1.1136365020982164,0.0,-1.0,-1.0
2.72,5.213705640505078,4.620436564686413,4.457389320963835,0.8499490858577062,-0.36697762535922784,1.0508046506050466,0.0,-1.0,-1.0
2.74,5.229333548093776,4.612882144369113,4.480585378715791,0.8894667553182697,-0.36078461586278965,0.9879727991118769,0.0,-1.0,-1.0
2.7600000000000002,5.244961455682475,4.605327724051813,4.503781436467747,0.9289844247788331,-0.3545916063663514,0.925140947618707,0.0,-1.0,-1.0
2.7800000000000002,5.260589363271173,4.597773303734513,4.526977494219703,0.9685020942393966,-0.3483985968699132,0.8623090961255372,0.0,-1.0,-1.0
2.8000000000000003,5.2762172708598705,4.590218883417213,4.5501735519716595,1.00801976369996,-0.34220558737347495,0.7994772446323674,0.0,-1.0,-1.0
2.82,5.2925029823415946,4.582767550802501,4.572323722223606,1.047537286946332,-0.3360116441485837,0.7366453930697153,0.0,-1.0,-1.0
2.84,5.313354196831118,4.576031700752153,4.587214886291906,1.087053795389762,-0.3298112203599457,0.6738135410248095,0.0,-1.0,-1.0
2.86,5.3342054113206405,4.5692958507018036,4.602106050360205,1.1265703038331922,-0.32361079657130765,0.6109816889799037,0.0,-1.0,-1.0
2.88,5.355056625810163,4.562560000651455,4.616997214428504,1.1660868122766221,-0.31741037278266965,0.548149836934998,0.0,-1.0,-1.0
2.9,5.3759078402996865,4.555824150601107,4.631888378496804,1.2056033207200523,-0.31120994899403165,0.4853179848900921,0.0,-1.0,-1.0
2.92,5.396759054789209,4.549088300550758,4.646779542565103,1.2451198291634822,-0.30500952520539365,0.42248613284518627,0.0,-1.0,-1.0
2.94,5.417610269278732,4.54235245050041,4.6616707066334016,1.2846363376069123,-0.29880910141675565,0.3596542808002805,0.0,-1.0,-1.0
2.96,5.4411624376073995,4.536040399492434,4.672267312840037,1.3238375378861855,-0.2910121438858241,0.30354616842172516,0.0,-1.0,-1.0
2.98,5.467236805538576,4.530124099704166,4.678853583151753,1.3627442976923272,-0.28172431423710703,0.2537168058937113,0.0,-1.0,-1.0
3.0,5.493311173469753,4.5242077999158985,4.6854398534634685,1.4016510574984689,-0.27243648458839004,0.20388744336569745,0.0,-1.0,-1.0
3.02,5.519385541400929,4.5182915001276305,4.692026123775183,1.4405578173046103,-0.263148654939673,0.15405808083768358,0.0,-1.0,-1.0
3.04,5.545459909332106,4.5123752003393625,4.698612394086899,1.479464577110752,-0.253860825290956,0.1042287183096697,0.0,-1.0,-1.0
3.06,5.571534277263283,4.506458900551094,4.705198664398614,1.5183713369168936,-0.24457299564223897,0.054399355781655834,0.0,-1.0,-1.0
3.08,5.59760864519446,4.500542600762827,4.711784934710329,1.5572780967230353,-0.23528516599352195,0.004569993253641991,0.0,-1.0,-1.0
3.1,5.628353933347445,4.495741344004076,4.71238898038469,1.576671463570742,-0.21671250280579502,3.375851137804562e-15,0.0,-1.0,-1.0
3.12,5.659570860284713,4.491052676952253,4.71238898038469,1.5940944964167745,-0.19720231823156364,2.9758165287611335e-15,0.0,-1.0,-1.0
3.14,5.690787787221981,4.486364009900432,4.71238898038469,1.6115175292628068,-0.17769213365733225,2.5757819197177052e-15,0.0,-1.0,-1.0
3.16,5.72200471415925,4.481675342848609,4.71238898038469,1.6289405621088393,-0.15818194908310088,2.175747310674277e-15,0.0,-1.0,-1.0
3.18,5.753221641096518,4.4769866757967876,4.71238898038469,1.6463635949548716,-0.13867176450886948,1.7757127016308486e-15,0.0,-1.0,-1.0
3.2,5.785273890976623,4.4732333972584275,4.71238898038469,1.6551772805861806,-0.11975603656764612,1.7028278658233277e-15,0.0,-1.0,-1.0
3.22,5.8183969150614185,4.4706791638320995,4.71238898038469,1.65295491483667,-0.10160232388517851,2.0493060335755413e-15,0.0,-1.0,-1.0
3.24,5.851519939146213,4.468124930405772,4.71238898038469,1.6507325490871592,-0.08344861120271091,2.3957842013277548e-15,0.0,-1.0,-1.0
3.2600000000000002,5.884642963231007,4.465570696979444,4.71238898038469,1.6485101833376485,-0.0652948985202433,2.742262369079968e-15,0.0,-1.0,-1.0
3.2800000000000002,5.917765987315802,4.463016463553116,4.71238898038469,1.646287817588138,-0.0471411858377757,3.088740536832182e-15,0.0,-1.0,-1.0
3.3000000000000003,5.950889011400596,4.460462230126788,4.71238898038469,1.644065451838627,-0.028987473155308086,3.4352187045843954e-15,0.0,-1.0,-1.0
3.3200000000000003,5.983776640991936,4.459830850309124,4.71238898038469,1.6230097311315583,-0.013801305689964103,3.402470189504185e-15,0.0,-1.0,-1.0
3.34,6.016656536050151,4.459262651132221,4.71238898038469,1.6013351887791287,0.0012873549202237142,3.3572611393592373e-15,0.0,-1.0,-1.0
3.36,6.0495364311083675,4.458694451955317,4.71238898038469,1.5796606464266985,0.016376015530411868,3.3120520892142893e-15,0.0,-1.0,-1.0
3.38,6.082416326166584,4.458126252778414,4.71238898038469,1.5579861040742682,0.03146467614060002,3.266843039069341e-15,0.0,-1.0,-1.0
3.4,6.115296221224799,4.457558053601511,4.71238898038469,1.536311561721838,0.046553336750788175,3.2216339889243924e-15,0.0,-1.0,-1.0
3.42,6.146994923855965,4.457812137606291,4.71238898038469,1.505782636603744,0.057420095187802396,3.1899365218512473e-15,0.0,-1.0,-1.0
3.44,6.1775036023919485,4.4588946529291675,4.71238898038469,1.4663331253069771,0.06403338467385011,3.1718516627251773e-15,0.0,-1.0,-1.0
3.46,6.208012280927933,4.459977168252043,4.71238898038469,1.4268836140102101,0.07064667415989782,3.1537668035991074e-15,0.0,-1.0,-1.0
3.48,6.238520959463916,4.461059683574919,4.71238898038469,1.3874341027134431,0.07725996364594553,3.1356819444730375e-15,0.0,-1.0,-1.0
3.5,6.2690296379999,4.462142198897795,4.71238898038469,1.3479845914166764,0.08387325313199324,3.1175970853469676e-15,0.0,-1.0,-1.0
3.52,6.299417094192635,4.4632450358525935,4.71238898038469,1.3085210967200258,0.0902431667811887,3.0984542438040893e-15,0.0,-1.0,-1.0
3.54,6.32560995689916,4.465051051632394,4.71238898038469,1.2685737417341305,0.08819167334812227,3.04270258877728e-15,0.0,-1.0,-1.0
3.56,6.351802819605684,4.466857067412195,4.71238898038469,1.2286263867482352,0.08614017991505585,2.986950933750471e-15,0.0,-1.0,-1.0
3.58,6.377995682312209,4.468663083191996,4.71238898038469,1.18867903176234,0.08408868648198942,2.931199278723662e-15,0.0,-1.0,-1.0
3.6,6.404188545018734,4.470469098971797,4.71238898038469,1.1487316767764446,0.08203719304892299,2.8754476236968525e-15,0.0,-1.0,-1.0
3.62,6.430381407725259,4.472275114751597,4.71238898038469,1.1087843217905493,0.07998569961585655,2.8196959686700436e-15,0.0,-1.0,-1.0
3.64,6.454135487315823,4.473955887006543,4.71238898038469,1.0688513399819395,0.07768215608245738,2.9120158033810274e-15,0.0,-1.0,-1.0
3.66,6.475958069597422,4.475537467361382,4.71238898038469,1.0289297416182397,0.0751789908248749,3.1216071092988107e-15,0.0,-1.0,-1.0
3.68,6.497780651879022,4.4771190477162195,4.71238898038469,0.9890081432545399,0.07267582556729245,3.331198415216594e-15,0.0,-1.0,-1.0
3.7,6.519603234160622,4.478700628071058,4.71238898038469,0.9490865448908401,0.07017266030970998,3.5407897211343774e-15,0.0,-1.0,-1.0
3.72,6.541425816442222,4.480282208425896,4.71238898038469,0.9091649465271403,0.06766949505212752,3.750381027052161e-15,0.0,-1.0,-1.0
3.74,6.56286411299147,4.481839693285223,4.71238898038469,0.8692449001815717,0.06514283548200586,3.847849231657611e-15,0.0,-1.0,-1.0
3.7600000000000002,6.580319232648267,4.483147424867609,4.71238898038469,0.8293409407271783,0.06237265398293416,2.783145363090169e-15,0.0,-1.0,-1.0
3.7800000000000002,6.597774352305064,4.484455156449997,4.71238898038469,0.789436981272785,0.05960247248386246,1.718441494522727e-15,0.0,-1.0,-1.0
3.8000000000000003,6.615229471961861,4.485762888032383,4.71238898038469,0.7495330218183918,0.056832290984790756,6.537376259552852e-16,0.0,-1.0,-1.0
3.8200000000000003,6.632684591618658,4.48707061961477,4.71238898038469,0.7096290623639985,0.05406210948571905,-4.1096624261215703e-16,0.0,-1.0,-1.0
3.84,6.650139711275455,4.488378351197158,4.71238898038469,0.6697251029096061,0.05129192798664741,-1.4756701111795748e-15,0.0,-1.0,-1.0
3.86,6.664897199963573,4.4894988099499065,4.71238898038469,0.6298289507745923,0.04841276777781301,-1.7227260950636885e-15,0.0,-1.0,-1.0
3.88,6.677986786709815,4.490503480917063,4.71238898038469,0.5899376257798752,0.04546622778139954,-1.4642435117873185e-15,0.0,-1.0,-1.0
3.9,6.691076373456057,4.491508151884219,4.71238898038469,0.550046300785158,0.04251968778498607,-1.2057609285109484e-15,0.0,-1.0,-1.0
3.92,6.704165960202299,4.492512822851374,4.71238898038469,0.5101549757904409,0.0395731477885726,-9.472783452345782e-16,0.0,-1.0,-1.0
3.94,6.717255546948541,4.49351749381853,4.71238898038469,0.47026365079572374,0.036626607792159135,-6.887957619582082e-16,0.0,-1.0,-1.0
3.96,6.729699725023117,4.494474492203606,4.71238898038469,0.43037372222662484,0.033661557467126436,-3.698022717692802e-16,0.0,-1.0,-1.0
3.98,6.7384251610812775,4.495156808760259,4.71238898038469,0.39049183963962625,0.03058985357545305,2.978454306513544e-16,0.0,-1.0,-1.0
4.0,6.747150597139438,4.495839125316913,4.71238898038469,0.35060995705262765,0.027518149683779664,9.65493133071989e-16,0.0,-1.0,-1.0
4.0200000000000005,6.755876033197598,4.4965214418735675,4.71238898038469,0.31072807446562817,0.02444644579210621,1.6331408354926383e-15,0.0,-1.0,-1.0
4.04,6.764601469255758,4.497203758430222,4.71238898038469,0.27084619187863046,0.021374741900432898,2.300788537913258e-15,0.0,-1.0,-1.0
4.0600000000000005,6.773326905313918,4.497886074986876,4.71238898038469,0.23096430929163095,0.01830303800875944,2.968436240333908e-15,0.0,-1.0,-1.0
4.08,6.7790948503944035,4.49834060549241,4.71238898038469,0.19108737909930565,0.01516800182393136,2.7890293770438633e-15,0.0,-1.0,-1.0
4.1,6.783457168773292,4.498686874583751,4.71238898038469,0.15121280266502762,0.01200286527260892,2.2070371722392907e-15,0.0,-1.0,-1.0
4.12,6.787819487152179,4.499033143675092,4.71238898038469,0.11133822623074778,0.00883772872128634,1.6250449674346923e-15,0.0,-1.0,-1.0
4.14,6.792181805531067,4.499379412766434,4.71238898038469,0.07146364979646974,0.0056725921699638995,1.04305276263012e-15,0.0,-1.0,-1.0
4.16,6.796544123909954,4.499725681857775,4.71238898038469,0.03158907336218991,0.002507455618641319,4.610605578255214e-16,0.0,-1.0,-1.0
4.18,6.8,4.5,4.71238898038469,-0.00827468453878866,0.0007821141349237162,-0.007573352121488565,3.0,-1.0,-1.0
4.2,6.8,4.5,4.71238898038469,-0.04809719600740448,0.004546094376317389,-0.04402065114540935,0.0,-1.0,-1.0
4.22,6.8,4.5,4.71238898038469,-0.08791970747601854,0.008310074617710895,-0.08046795016932852,0.0,-1.0,-1.0
4.24,6.8,4.5,4.71238898038469,-0.12774221894463436,0.012074054859104568,-0.1169152491932493,0.0,-1.0,-1.0
4.26,6.8,4.5,4.71238898038469,-0.1675647304132484,0.015838035100498072,-0.15336254821716847,0.0,-1.0,-1.0
4.28,6.8,4.5,4.71238898038469,-0.20738724188186425,0.019602015341891744,-0.18980984724108926,0.0,-1.0,-1.0
4.3,6.8,4.5,4.71238898038469,-0.2472097533504783,0.02336599558328525,-0.22625714626500842,0.0,-1.0,-1.0
4.32,6.8,4.5,4.71238898038469,-0.2870322648190941,0.027129975824678923,-0.2627044452889292,0.0,-1.0,-1.0
4.34,6.8,4.5,4.71238898038469,-0.32685477628770815,0.03089395606607243,-0.29915174431284836,0.0,-1.0,-1.0
4.36,6.793532509324172,4.500611300147013,4.7064696508923225,-0.36667849715586,0.03464511788236738,-0.3554792349515911,0.0,-1.0,-1.0
4.38,6.786985773095556,4.501230090497028,4.700477792414407,-0.4065022328426684,0.03839612263570935,-0.41205031570170825,0.0,-1.0,-1.0
4.4,6.78043903686694,4.501848880847043,4.694485933936492,-0.4463259685294786,0.04214712738905149,-0.4686213964518279,0.0,-1.0,-1.0
4.42,6.773892300638324,4.502467671197057,4.688494075458577,-0.486149704216287,0.045898132142393466,-0.525192477201945,0.0,-1.0,-1.0
4.44,6.767345564409708,4.503086461547072,4.682502216980661,-0.5259734399030972,0.04964913689573561,-0.5817635579520646,0.0,-1.0,-1.0
4.46,6.760798828181092,4.503705251897087,4.676510358502746,-0.5657971755899056,0.05340014164907758,-0.6383346387021818,0.0,-1.0,-1.0
4.48,6.754252091952476,4.504324042247101,4.67051850002483,-0.6056209112767158,0.057151146402419715,-0.6949057194523014,0.0,-1.0,-1.0
4.5,6.74770535572386,4.504942832597116,4.6645266415469155,-0.6454446469635242,0.06090215115576169,-0.7514768002024186,0.0,-1.0,-1.0
4.5200000000000005,6.736130560352461,4.5060352167328315,4.651392240189051,-0.6852695906472543,0.06464030107069232,-0.8065674673082424,0.0,-1.0,-1.0
4.54,6.72303688663636,4.50727066429021,4.6361002162976455,-0.7250948992432301,0.06837456779031158,-0.8612109304012093,0.0,-1.0,-1.0
4.5600000000000005,6.709943212920259,4.508506111847587,4.620808192406239,-0.7649202078392077,0.07210883450993098,-0.9158543934941789,0.0,-1.0,-1.0
4.58,6.696849539204159,4.509741559404964,4.605516168514833,-0.8047455164351834,0.07584310122955022,-0.9704978565871458,0.0,-1.0,-1.0
4.6000000000000005,6.683755865488058,4.510977006962342,4.590224144623426,-0.844570825031161,0.07957736794916963,-1.0251413196801153,0.0,-1.0,-1.0
4.62,6.6706621917719575,4.5122124545197195,4.57493212073202,-0.8843961336271368,0.08331163466878888,-1.0797847827730824,0.0,-1.0,-1.0
4.64,6.657568518055856,4.513447902077097,4.5596400968406146,-0.9242214422231125,0.08704590138840812,-1.1344282458660495,0.0,-1.0,-1.0
4.66,6.644474844339756,4.514683349634475,4.544348072949208,-0.9640467508190902,0.09078016810802753,-1.1890717089590188,0.0,-1.0,-1.0
4.68,6.627792600105261,4.516255283710859,4.524132247395203,-1.0038732078094916,0.09450214941959792,-1.2396059681031655,0.0,-1.0,-1.0
4.7,6.6081517303187525,4.518104636778439,4.499856954335308,-1.0437006116028276,0.09821400192863168,-1.2867523613159912,0.0,-1.0,-1.0
4.72,6.588510860532244,4.519953989846018,4.475581661275414,-1.0835280153961617,0.10192585443766529,-1.333898754528815,0.0,-1.0,-1.0
4.74,6.568869990745735,4.521803342913596,4.451306368215519,-1.1233554191894979,0.10563770694669905,-1.381045147741641,0.0,-1.0,-1.0
4.76,6.549229120959226,4.523652695981176,4.427031075155625,-1.163182822982832,0.10934955945573265,-1.4281915409544648,0.0,-1.0,-1.0
4.78,6.529588251172718,4.525502049048755,4.40275578209573,-1.203010226776168,0.1130614119647664,-1.4753379341672905,0.0,-1.0,-1.0
4.8,6.509947381386209,4.527351402116334,4.378480489035836,-1.2428376305695024,0.11677326447380001,-1.5224843273801143,0.0,-1.0,-1.0
4.82,6.4903065115997,4.529200755183913,4.354205195975942,-1.2826650343628383,0.12048511698283378,-1.5696307205929403,0.0,-1.0,-1.0
4.84,6.468516645459217,4.531250391391961,4.327385990497272,-1.3224933995678776,0.12418660864033565,-1.6075068449056718,0.0,-1.0,-1.0
4.86,6.442328235156308,4.53370996512117,4.295359930619512,-1.3623237325807445,0.12786689381094055,-1.6264086759027476,0.0,-1.0,-1.0
4.88,6.4161398248534,4.5361695388503795,4.263333870741754,-1.4021540655936093,0.1315471789815453,-1.6453105068998228,0.0,-1.0,-1.0
4.9,6.389951414550491,4.5386291125795895,4.231307810863994,-1.441984398606476,0.1352274641521502,-1.6642123378968987,0.0,-1.0,-1.0
4.92,6.363763004247583,4.541088686308799,4.199281750986235,-1.481814731619341,0.13890774932275496,-1.683114168893974,0.0,-1.0,-1.0
4.94,6.337574593944674,4.543548260038009,4.167255691108475,-1.521645064632208,0.14258803449335986,-1.7020159998910498,0.0,-1.0,-1.0
4.96,6.311386183641766,4.546007833767218,4.135229631230716,-1.5614753976450728,0.14626831966396459,-1.7209178308881248,0.0,-1.0,-1.0
4.98,6.285197773338857,4.548467407496428,4.103203571352957,-1.6013057306579395,0.1499486048345695,-1.7398196618852009,0.0,-1.0,-1.0
5.0,6.2583000774774105,4.550992518541682,4.070840913843644,-1.641136538584912,0.15362371599394276,-1.754643449732016,0.0,-1.0,-1.0
5.0200000000000005,6.225563645100638,4.554057123329192,4.035707433132488,-1.6809712559363863,0.15725623543839357,-1.7358973739804002,0.0,-1.0,-1.0
5.04,6.192827212723867,4.557121728116703,4.000573952421333,-1.720805973287859,0.1608887548828442,-1.7171512982287853,0.0,-1.0,-1.0
5.0600000000000005,6.160090780347095,4.560186332904213,3.9654404717101763,-1.7606406906393333,0.164521274327295,-1.6984052224771695,0.0,-1.0,-1.0
5.08,6.127354347970323,4.563250937691723,3.930306990999022,-1.8004754079908059,0.16815379377174564,-1.6796591467255546,0.0,-1.0,-1.0
5.1000000000000005,6.094617915593551,4.566315542479233,3.8951735102878655,-1.8403101253422802,0.17178631321619645,-1.6609130709739388,0.0,-1.0,-1.0
5.12,6.06188148321678,4.569380147266744,3.860040029576711,-1.8801448426937528,0.1754188326606471,-1.642166995222324,0.0,-1.0,-1.0
5.14,6.029145050840008,4.572444752054254,3.8249065488655565,-1.9199795600452254,0.17905135210509773,-1.6234209194707088,0.0,-1.0,-1.0
5.16,5.996408618463236,4.575509356841764,3.7897730681544,-1.9598142773966998,0.18268387154954854,-1.604674843719093,0.0,-1.0,-1.0
5.18,5.957854106946818,4.57910451103465,3.7573775547123085,-1.9996554618215443,0.1862446638657634,-1.5607096957945186,0.0,-1.0,-1.0
5.2,5.918568931720236,4.582766294296624,3.7253258890033076,-2.039497458414068,0.18979644832760278,-1.5135774096446808,0.0,-1.0,-1.0
5.22,5.879283756493654,4.5864280775585975,3.693274223294308,-2.0793394550065902,0.193348232789442,-1.4664451234948452,0.0,-1.0,-1.0
5.24,5.839998581267071,4.590089860820571,3.6612225575853072,-2.1191814515991143,0.19690001725128134,-1.4193128373450077,0.0,-1.0,-1.0
5.26,5.800713406040491,4.593751644082545,3.6291708918763077,-2.159023448191636,0.20045180171312055,-1.3721805511951721,0.0,-1.0,-1.0
5.28,5.761428230813908,4.597413427344518,3.597119226167307,-2.1988654447841602,0.2040035861749599,-1.3250482650453346,0.0,-1.0,-1.0
5.3,5.722143055587327,4.601075210606492,3.5650675604583073,-2.2387074413766825,0.2075553706367991,-1.277915978895499,0.0,-1.0,-1.0
5.32,5.682857880360745,4.604736993868467,3.5330158947493064,-2.2785494379692066,0.21110715509863848,-1.2307836927456612,0.0,-1.0,-1.0
5.34,5.63919385330996,4.6087891375340355,3.506144323283496,-2.3184010847892242,0.21454807324034456,-1.1786133261541965,0.0,-1.0,-1.0
5.36,5.593358738541814,4.613034826610962,3.481841105221194,-2.358257516308801,0.21793402251907634,-1.12394501832036,0.0,-1.0,-1.0
5.38,5.547523623773669,4.617280515687889,3.4575378871588938,-2.398113947828376,0.221319971797808,-1.0692767104865262,0.0,-1.0,-1.0
5.4,5.501688509005523,4.621526204764816,3.433234669096592,-2.437970379347953,0.22470592107653978,-1.01460840265269,0.0,-1.0,-1.0
5.42,5.455853394237378,4.625771893841742,3.4089314510342916,-2.477826810867528,0.22809187035527143,-0.9599400948188561,0.0,-1.0,-1.0
5.44,5.410018279469231,4.630017582918669,3.3846282329719903,-2.517683242387105,0.2314778196340032,-0.9052717869850199,0.0,-1.0,-1.0
5.46,5.364183164701086,4.6342632719955965,3.36032501490969,-2.55753967390668,0.23486376891273486,-0.8506034791511861,0.0,-1.0,-1.0
5.48,5.31834804993294,4.638508961072524,3.336021796847388,-2.5973961054262573,0.23824971819146668,-0.7959351713173497,0.0,-1.0,-1.0
5.5,5.2695733091757155,4.643004382102813,3.315750660242465,-2.629941580398154,0.233543313980538,-0.7423009842030366,0.0,-1.0,-1.0
5.5200000000000005,5.217185881794684,4.647806714043131,3.3004347957712343,-2.6535021725906964,0.2188917203761916,-0.6899376914489872,0.0,-1.0,-1.0
5.54,5.1647984544136545,4.65260904598345,3.285118931300004,-2.677062764783238,0.20424012677184583,-0.6375743986949401,0.0,-1.0,-1.0
5.5600000000000005,5.112411027032622,4.657411377923768,3.269803066828773,-2.7006233569757803,0.18958853316749946,-0.5852111059408908,0.0,-1.0,-1.0
5.58,5.0600235996515925,4.662213709864086,3.254487202357543,-2.7241839491683217,0.1749369395631537,-0.5328478131868437,0.0,-1.0,-1.0
5.6000000000000005,5.00763617227056,4.667016041804405,3.239171337886312,-2.747744541360864,0.16028534595880733,-0.4804845204327944,0.0,-1.0,-1.0
5.62,4.955248744889531,4.671818373744722,3.2238554734150817,-2.7713051335534056,0.14563375235446158,-0.4281212276787474,0.0,-1.0,-1.0
5.64,4.902861317508501,4.676620705685041,3.208539608943852,-2.794865725745947,0.13098215875011585,-0.37575793492470033,0.0,-1.0,-1.0
5.66,4.8495878866276145,4.680872059827101,3.1951928826107823,-2.8116745761748687,0.1158481332534312,-0.3260396723452451,0.0,-1.0,-1.0
5.68,4.793327147976498,4.683265700926006,3.1884854321516296,-2.805718809267203,0.0990875086058111,-0.2852395677576743,0.0,-1.0,-1.0
5.7,4.7370664093253785,4.685659342024911,3.1817779816924765,-2.7997630423595377,0.08232688395819027,-0.24443946317010168,0.0,-1.0,-1.0
5.72,4.680805670674262,4.688052983123816,3.175070531233324,-2.793807275451872,0.06556625931057017,-0.20363935858253088,0.0,-1.0,-1.0
5.74,4.624544932023142,4.690446624222721,3.1683630807741707,-2.7878515085442066,0.04880563466294932,-0.16283925399495824,0.0,-1.0,-1.0
5.76,4.568284193372025,4.692840265321626,3.161655630315018,-2.781895741636541,0.03204501001532922,-0.12203914940738744,0.0,-1.0,-1.0
5.78,4.512023454720906,4.6952339064205315,3.1549481798558654,-2.7759399747288755,0.015284385367708389,-0.08123904481981481,0.0,-1.0,-1.0
5.8,4.455762716069789,4.697627547519436,3.1482407293967127,-2.76998420782121,-0.0014762392799117091,-0.04043894023224398,0.0,-1.0,-1.0
5.82,4.399510644591211,4.699996797596598,3.141592653589793,-2.7637666980257642,-0.018247184146994392,3.2016107715442855e-17,0.0,-1.0,-1.0
5.84,4.3442290212402135,4.699635027693821,3.141592653589793,-2.728242295567778,-0.036173665909773785,-6.367413630362205e-17,0.0,-1.0,-1.0
5.86,4.288947397889214,4.699273257791043,3.141592653589793,-2.6927178931097906,-0.05410014767255397,-1.5936438032269119e-16,0.0,-1.0,-1.0
5.88,4.233665774538217,4.698911487888266,3.141592653589793,-2.657193490651805,-0.07202662943533336,-2.550546243417561e-16,0.0,-1.0,-1.0
5.9,4.178384151187217,4.698549717985488,3.141592653589793,-2.6216690881938174,-0.08995311119811354,-3.5074486836082525e-16,0.0,-1.0,-1.0
5.92,4.12310252783622,4.698187948082711,3.141592653589793,-2.5861446857358312,-0.10787959296089294,-4.464351123798901e-16,0.0,-1.0,-1.0
5.94,4.06782090448522,4.697826178179933,3.141592653589793,-2.5506202832778437,-0.12580607472367314,-5.421253563989593e-16,0.0,-1.0,-1.0
5.96,4.012539281134224,4.697464408277155,3.141592653589793,-2.515095880819858,-0.14373255648645253,-6.378156004180241e-16,0.0,-1.0,-1.0
5.98,3.9619985357520364,4.694710275475438,3.141592653589793,-2.4753540645393897,-0.1455996185299821,-5.397166072943455e-16,0.0,-1.0,-1.0
6.0,3.911736000825751,4.691815750877693,3.141592653589793,-2.4353647564166976,-0.14652426051735967,-4.3024541847852e-16,0.0,-1.0,-1.0
6.0200000000000005,3.861473465899463,4.688921226279948,3.141592653589793,-2.3953754482940037,-0.14744890250473727,-3.2077422966268955e-16,0.0,-1.0,-1.0
6.04,3.811210930973178,4.686026701682203,3.141592653589793,-2.3553861401713116,-0.14837354449211482,-2.1130304084686402e-16,0.0,-1.0,-1.0
6.0600000000000005,3.7609483960468904,4.683132177084458,3.141592653589793,-2.3153968320486173,-0.14929818647949242,-1.0183185203103361e-16,0.0,-1.0,-1.0
6.08,3.710685861120605,4.680237652486713,3.141592653589793,-2.2754075239259253,-0.15022282846686996,7.639336784791964e-18,0.0,-1.0,-1.0
6.1000000000000005,3.6604233261943175,4.6773431278889674,3.141592653589793,-2.2354182158032314,-0.15114747045424756,1.1711052560062237e-16,0.0,-1.0,-1.0
6.12,3.615134337555839,4.674333603809116,3.141592653589793,-2.1954247420858763,-0.15186585815071663,1.381369183071346e-16,0.0,-1.0,-1.0
6.140000000000001,3.5705217181699522,4.671308440563717,3.141592653589793,-2.15543070187532,-0.15255619663390543,1.471354063398906e-16,0.0,-1.0,-1.0
6.16,3.5259090987840676,4.668283277318317,3.141592653589793,-2.1154366616647655,-0.1532465351170942,1.5613389437264624e-16,0.0,-1.0,-1.0
6.18,3.4812964793981824,4.665258114072918,3.141592653589793,-2.0754426214542114,-0.153936873600283,1.6513238240540184e-16,0.0,-1.0,-1.0
6.2,3.436683860012296,4.662232950827518,3.141592653589793,-2.035448581243655,-0.1546272120834718,1.7413087043815787e-16,0.0,-1.0,-1.0
6.22,3.392071240626411,4.659207787582119,3.141592653589793,-1.9954545410331006,-0.15531755056666058,1.8312935847091348e-16,0.0,-1.0,-1.0
6.24,3.3474586212405244,4.656182624336719,3.141592653589793,-1.9554605008225445,-0.15600788904984939,1.921278465036695e-16,0.0,-1.0,-1.0
6.26,3.307456901953371,4.653077872188485,3.141592653589793,-1.9154649102617995,-0.1565998443941431,9.878116710689109e-17,0.0,-1.0,-1.0
6.28,3.2684948666840126,4.649955174019191,3.141592653589793,-1.8754689701219511,-0.15716961591858827,-1.764270602578619e-17,0.0,-1.0,-1.0
6.3,3.229532831414656,4.646832475849898,3.141592653589793,-1.8354730299821045,-0.15773938744303342,-1.340665791584583e-16,0.0,-1.0,-1.0
6.32,3.190570796145298,4.643709777680605,3.141592653589793,-1.7954770898422558,-0.1583091589674786,-2.5049045229113554e-16,0.0,-1.0,-1.0
6.34,3.1516087608759418,4.640587079511311,3.141592653589793,-1.7554811497024092,-0.15887893049192375,-3.669143254238076e-16,0.0,-1.0,-1.0
6.36,3.1126467256065835,4.637464381342018,3.141592653589793,-1.7154852095625608,-0.15944870201636893,-4.833381985564849e-16,0.0,-1.0,-1.0
6.38,3.073684690337227,4.634341683172725,3.141592653589793,-1.6754892694227141,-0.16001847354081408,-5.99762071689157e-16,0.0,-1.0,-1.0
6.4,3.03897052222542,4.631158471017823,3.141592653589793,-1.6354925929526334,-0.1605330148812778,-6.748708739794097e-16,0.0,-1.0,-1.0
6.42,3.005659339505344,4.62795527230622,3.141592653589793,-1.5954956732874355,-0.1610293147988263,-7.363341363550832e-16,0.0,-1.0,-1.0
6.44,2.9723481567852663,4.624752073594618,3.141592653589793,-1.555498753622236,-0.1615256147163748,-7.977973987307594e-16,0.0,-1.0,-1.0
6.46,2.93903697406519,4.621548874883016,3.141592653589793,-1.515501833957038,-0.16202191463392326,-8.59260661106433e-16,0.0,-1.0,-1.0
6.48,2.9057257913451124,4.618345676171414,3.141592653589793,-1.4755049142918384,-0.16251821455147178,-9.207239234821091e-16,0.0,-1.0,-1.0
6.5,2.8724146086250366,4.615142477459811,3.141592653589793,-1.4355079946266405,-0.16301451446902027,-9.821871858577827e-16,0.0,-1.0,-1.0
6.5200000000000005,2.839103425904959,4.611939278748209,3.141592653589793,-1.3955110749614408,-0.16351081438656878,-1.043650448233459e-15,0.0,-1.0,-1.0
6.54,2.8096769534956456,4.6086878767893795,3.141592653589793,-1.3555137542419455,-0.1639731122092829,-9.662014882150883e-16,0.0,-1.0,-1.0
6.5600000000000005,2.7820167617177276,4.605414558019479,3.141592653589793,-1.3155162511730887,-0.1644199501297834,-8.255926145220481e-16,0.0,-1.0,-1.0
6.58,2.754356569939811,4.602141239249579,3.141592653589793,-1.2755187481042336,-0.16486678805028385,-6.84983740829014e-16,0.0,-1.0,-1.0
6.6000000000000005,2.7266963781618934,4.5988679204796785,3.141592653589793,-1.235521245035377,-0.1653136259707843,-5.443748671359736e-16,0.0,-1.0,-1.0
6.62,2.6990361863839767,4.595594601709778,3.141592653589793,-1.195523741966522,-0.16576046389128476,-4.037659934429395e-16,0.0,-1.0,-1.0
6.640000000000001,2.6713759946060587,4.592321282939878,3.141592653589793,-1.155526238897665,-0.16620730181178525,-2.631571197498992e-16,0.0,-1.0,-1.0
6.66,2.643715802828142,4.589047964169978,3.141592653589793,-1.1155287358288102,-0.1666541397322857,-1.2254824605686507e-16,0.0,-1.0,-1.0
6.68,2.61957711184592,4.585735304441972,3.141592653589793,-1.0755309948828635,-0.1670788122069576,-5.291540961996964e-17,0.0,-1.0,-1.0
6.7,2.5975679934367295,4.582398853884361,3.141592653589793,-1.0355331100844616,-0.16749008047466096,-2.6204222517356663e-17,0.0,-1.0,-1.0
6.72,2.5755588750275398,4.579062403326751,3.141592653589793,-0.9955352252860614,-0.16790134874236431,5.069645852551332e-19,0.0,-1.0,-1.0
6.74,2.5535497566183496,4.57572595276914,3.141592653589793,-0.9555373404876595,-0.16831261701006767,2.721815168786812e-17,0.0,-1.0,-1.0
6.76,2.53154063820916,4.57238950221153,3.141592653589793,-0.9155394556892593,-0.168723885277771,5.392933879047991e-17,0.0,-1.0,-1.0
6.78,2.5095315197999692,4.56905305165392,3.141592653589793,-0.8755415708908575,-0.16913515354547434,8.06405258930929e-17,0.0,-1.0,-1.0
6.8,2.4875224013907795,4.56571660109631,3.141592653589793,-0.8355436860924573,-0.1695464218131777,1.073517129957047e-16,0.0,-1.0,-1.0
6.82,2.4686715477406644,4.5623476764695585,3.141592653589793,-0.795545652137082,-0.1699427023189692,1.977963716813408e-16,0.0,-1.0,-1.0
6.84,2.45231355663311,4.558953119605887,3.141592653589793,-0.7555475004500232,-0.17032715277468038,3.3854675079781467e-16,0.0,-1.0,-1.0
6.86,2.435955565525555,4.555558562742214,3.141592653589793,-0.7155493487629627,-0.17071160323039158,4.792971299142948e-16,0.0,-1.0,-1.0
6.88,2.4195975744180007,4.552164005878542,3.141592653589793,-0.675551197075904,-0.17109605368610276,6.200475090307688e-16,0.0,-1.0,-1.0
6.9,2.4032395833104454,4.548769449014871,3.141592653589793,-0.6355530453888436,-0.17148050414181393,7.607978881472489e-16,0.0,-1.0,-1.0
6.92,2.386881592202891,4.545374892151198,3.141592653589793,-0.5955548937017848,-0.1718649545975251,9.015482672637227e-16,0.0,-1.0,-1.0
6.94,2.3705236010953357,4.541980335287526,3.141592653589793,-0.5555567420147244,-0.1722494050532363,1.042298646380203e-15,0.0,-1.0,-1.0
6.96,2.356960623751416,4.538558913574609,3.141592653589793,-0.5160072807597316,-0.16824996900227002,1.057597629375123e-15,0.0,-1.0,-1.0
6.98,2.3462537976530347,4.535110039376975,3.141592653589793,-0.47691632448710275,-0.15977075432936574,9.44701121546644e-16,0.0,-1.0,-1.0
7.0,2.335546971554654,4.53166116517934,3.141592653589793,-0.43782536821447565,-0.1512915396564618,8.3180461371817e-16,0.0,-1.0,-1.0
7.0200000000000005,2.324840145456273,4.528212290981705,3.141592653589793,-0.3987344119418468,-0.14281232498355753,7.18908105889691e-16,0.0,-1.0,-1.0
7.04,2.314133319357892,4.5247634167840705,3.141592653589793,-0.35964345566921974,-0.1343331103106536,6.06011598061217e-16,0.0,-1.0,-1.0
7.0600000000000005,2.303426493259511,4.521314542586436,3.141592653589793,-0.32055249939659086,-0.1258538956377493,4.93115090232738e-16,0.0,-1.0,-1.0
7.08,2.2927196671611303,4.517865668388801,3.141592653589793,-0.28146154312396376,-0.11737468096484538,3.80218582404264e-16,0.0,-1.0,-1.0
7.1000000000000005,2.284389428585791,4.514932299507953,3.141592653589793,-0.2434035422382467,-0.1056887172443427,2.9666052442879743e-16,0.0,-1.0,-1.0
7.12,2.2792055937993934,4.512681416698513,3.141592653589793,-0.20671308818666906,-0.08975728507139541,2.5194412866194705e-16,0.0,-1.0,-1.0
7.140000000000001,2.274021759012996,4.510430533889072,3.141592653589793,-0.17002263413508978,-0.07382585289844742,2.072277328950947e-16,0.0,-1.0,-1.0
7.16,2.2688379242265984,4.508179651079632,3.141592653589793,-0.13333218008351216,-0.057894420725500134,1.6251133712824435e-16,0.0,-1.0,-1.0
7.18,2.263654089440201,4.505928768270191,3.141592653589793,-0.09664172603193452,-0.04196298855255286,1.1779494136139397e-16,0.0,-1.0,-1.0
7.2,2.2584702546538034,4.5036778854607515,3.141592653589793,-0.05995127198035524,-0.02603155637960486,7.307854559454165e-17,0.0,-1.0,-1.0
7.22,2.253286419867406,4.501427002651311,3.141592653589793,-0.0232608179287776,-0.010100124206657582,2.836214982769127e-17,0.0,-1.0,-1.0
7.24,2.2499999999554006,4.499999999980187,3.141592653589793,0.013380208604035082,0.005943844781086388,-2.9066066644102326e-17,1.0,0.0,7.0
7.26,2.249999999833552,4.499999999926058,3.141592653589793,0.04993562413958085,0.0221827332978975,-1.0854269325833309e-16,0.0,-1.0,-1.0
7.28,2.2499999997117035,4.499999999871929,3.141592653589793,0.08649103967512825,0.03842162181470933,-1.8801931987256738e-16,0.0,-1.0,-1.0
7.3,2.2499999995898547,4.4999999998178,3.141592653589793,0.12304645521067403,0.054660510331520445,-2.674959464867981e-16,0.0,-1.0,-1.0
7.32,2.2499999994680064,4.499999999763671,3.141592653589793,0.15960187074622142,0.07089939884833228,-3.469725731010324e-16,0.0,-1.0,-1.0
7.34,2.2499999993461577,4.499999999709542,3.141592653589793,0.19615728628176718,0.0871382873651434,-4.2644919971526317e-16,0.0,-1.0,-1.0
7.36,2.2499999992243094,4.4999999996554125,3.141592653589793,0.2327127018173146,0.10337717588195523,-5.059258263294974e-16,0.0,-1.0,-1.0
7.38,2.249999999102461,4.499999999601284,3.141592653589793,0.2692681173528604,0.11961606439876633,-5.854024529437282e-16,0.0,-1.0,-1.0
7.4,2.25279252632577,4.501240514518023,3.141592653589793,0.3071246251107549,0.1317456775344127,-6.535945769635998e-16,0.0,-1.0,-1.0
7.42,2.258554677966243,4.50380021563852,3.141592653589793,0.34636473802444445,0.13950541241983522,-7.097865554887881e-16,0.0,-1.0,-1.0
7.44,2.2643168296067158,4.506359916759018,3.141592653589793,0.3856048509381358,0.14726514730525808,-7.659785340139789e-16,0.0,-1.0,-1.0
7.46,2.270078981247188,4.508919617879514,3.141592653589793,0.42484496385182535,0.15502488219068064,-8.221705125391673e-16,0.0,-1.0,-1.0
7.48,2.275841132887661,4.511479319000012,3.141592653589793,0.4640850767655167,0.1627846170761035,-8.78362491064358e-16,0.0,-1.0,-1.0
7.5,2.281603284528134,4.514039020120509,3.141592653589793,0.5033251896792063,0.17054435196152606,-9.345544695895464e-16,0.0,-1.0,-1.0
7.5200000000000005,2.287365436168607,4.516598721241007,3.141592653589793,0.5425653025928976,0.17830408684694893,-9.907464481147372e-16,0.0,-1.0,-1.0
7.54,2.2931275878090798,4.519158422361503,3.141592653589793,0.5818054155065873,0.18606382173237146,-1.0469384266399256e-15,0.0,-1.0,-1.0
7.5600000000000005,2.3026209805358793,4.522455976649935,3.141592653589793,0.621418386698926,0.1871126584881508,-1.0099599722466494e-15,0.0,-1.0,-1.0
7.58,2.31456846702939,4.5262388281406345,3.141592653589793,0.6612765924275273,0.1837476359172446,-9.11701913191824e-16,0.0,-1.0,-1.0
7.6000000000000005,2.326515953522901,4.530021679631333,3.141592653589793,0.7011347981561306,0.1803826133463383,-8.134438541369942e-16,0.0,-1.0,-1.0
7.62,2.3384634400164117,4.5338045311220325,3.141592653589793,0.7409930038847319,0.17701759077543208,-7.151857950821689e-16,0.0,-1.0,-1.0
7.640000000000001,2.350410926509923,4.537587382612731,3.141592653589793,0.7808512096133351,0.17365256820452576,-6.169277360273391e-16,0.0,-1.0,-1.0
7.66,2.3623584130034336,4.54137023410343,3.141592653589793,0.8207094153419364,0.17028754563361956,-5.186696769725137e-16,0.0,-1.0,-1.0
7.68,2.3743058994969446,4.545153085594129,3.141592653589793,0.8605676210705377,0.16692252306271338,-4.204116179176883e-16,0.0,-1.0,-1.0
7.7,2.3862533859904556,4.548935937084828,3.141592653589793,0.900425826799141,0.16355750049180706,-3.2215355886285855e-16,0.0,-1.0,-1.0
7.72,2.4027360675260114,4.5523359054677455,3.141592653589793,0.9402921336524326,0.160290424364335,-1.7597609339185825e-16,0.0,-1.0,-1.0
7.74,2.420966317517552,4.5555883356664655,3.141592653589793,0.9801615621509551,0.15706109040965457,-1.1333613228863713e-17,0.0,-1.0,-1.0
7.76,2.439196567509092,4.5588407658651855,3.141592653589793,1.0200309906494758,0.1538317564549743,1.5330886693412348e-16,0.0,-1.0,-1.0
7.78,2.457426817500633,4.5620931960639055,3.141592653589793,1.0599004191479984,0.15060242250029388,3.17951347097118e-16,0.0,-1.0,-1.0
7.8,2.4756570674921727,4.565345626262625,3.141592653589793,1.0997698476465192,0.1473730885456136,4.825938272601052e-16,0.0,-1.0,-1.0
7.82,2.4938873174837135,4.568598056461345,3.141592653589793,1.1396392761450416,0.14414375459093318,6.472363074230999e-16,0.0,-1.0,-1.0
7.84,2.5121175674752534,4.571850486660065,3.141592653589793,1.1795087046435624,0.1409144206362529,8.11878787586087e-16,0.0,-1.0,-1.0
7.86,2.530347817466794,4.575102916858785,3.141592653589793,1.219378133142085,0.13768508668157248,9.765212677490818e-16,0.0,-1.0,-1.0
7.88,2.5538599303867753,4.5779275280507825,3.141592653589793,1.2592606902208294,0.13462302764771902,1.0110215683835279e-15,0.0,-1.0,-1.0
7.9,2.5783747128975025,4.5806709252631315,3.141592653589793,1.299145739531642,0.13159272284124307,1.020816645187979e-15,0.0,-1.0,-1.0
7.92,2.602889495408228,4.58341432247548,3.141592653589793,1.3390307888424526,0.12856241803476728,1.0306117219924294e-15,0.0,-1.0,-1.0
7.94,2.6274042779189553,4.586157719687829,3.141592653589793,1.3789158381532651,0.12553211322829133,1.0404067987968805e-15,0.0,-1.0,-1.0
7.96,2.651919060429681,4.588901116900178,3.141592653589793,1.4188008874640758,0.12250180842181554,1.0502018756013312e-15,0.0,-1.0,-1.0
7.98,2.676433842940408,4.591644514112527,3.141592653589793,1.4586859367748883,0.1194715036153396,1.0599969524057822e-15,0.0,-1.0,-1.0
8.0,2.700948625451134,4.594387911324876,3.141592653589793,1.498570986085699,0.1164411988088638,1.0697920292102329e-15,0.0,-1.0,-1.0
8.02,2.72546340796186,4.597131308537225,3.141592653589793,1.5384560353965098,0.113410894002388,1.0795871060146834e-15,0.0,-1.0,-1.0
8.040000000000001,2.7560078057980673,4.5994165999525976,3.141592653589793,1.5783631754205758,0.11068766009433646,1.1148110855209498e-15,0.0,-1.0,-1.0
8.06,2.786809583103123,4.601682336716414,3.141592653589793,1.6182712584062928,0.10797753377946813,1.1511205202540504e-15,0.0,-1.0,-1.0
8.08,2.8176113604081787,4.60394807348023,3.141592653589793,1.6581793413920098,0.10526740746459981,1.1874299549871513e-15,0.0,-1.0,-1.0
8.1,2.848413137713235,4.606213810244046,3.141592653589793,1.6980874243777269,0.10255728114973148,1.223739389720252e-15,0.0,-1.0,-1.0
8.120000000000001,2.8792149150182933,4.608479547007863,3.141592653589793,1.7379955073634474,0.0998471548348629,1.260048824453356e-15,0.0,-1.0,-1.0
8.14,2.910016692323349,4.61074528377168,3.141592653589793,1.7779035903491645,0.09713702851999456,1.2963582591864566e-15,0.0,-1.0,-1.0
8.16,2.9408184696284048,4.613011020535496,3.141592653589793,1.8178116733348815,0.09442690220512624,1.3326676939195572e-15,0.0,-1.0,-1.0
8.18,2.972108832427691,4.615243577845279,3.141592653589793,1.857722569892547,0.09176338792089575,1.354918423341549e-15,0.0,-1.0,-1.0
8.2,3.0092012352758597,4.617082123209612,3.141592653589793,1.8976668781198551,0.08965339982955119,1.2102195150568296e-15,0.0,-1.0,-1.0
8.22,3.0462936381240318,4.618920668573945,3.141592653589793,1.9376111863471666,0.08754341173820643,1.0655206067720976e-15,0.0,-1.0,-1.0
8.24,3.0833860409722007,4.620759213938277,3.141592653589793,1.9775554945744747,0.08543342364686186,9.208216984873785e-16,0.0,-1.0,-1.0
8.26,3.1204784438203697,4.62259775930261,3.141592653589793,2.0174998028017828,0.08332343555551729,7.761227902026591e-16,0.0,-1.0,-1.0
8.28,3.157570846668538,4.6244363046669426,3.141592653589793,2.0574441110290906,0.08121344746417272,6.314238819179399e-16,0.0,-1.0,-1.0
8.3,3.19466324951671,4.626274850031276,3.141592653589793,2.097388419256402,0.07910345937282796,4.867249736332078e-16,0.0,-1.0,-1.0
8.32,3.231755652364879,4.628113395395609,3.141592653589793,2.1373327274837104,0.0769934712814834,3.4202606534848865e-16,0.0,-1.0,-1.0
8.34,3.2700838750646244,4.629886660741696,3.141592653589793,2.1771650047724798,0.07668168026385974,1.896281888777299e-16,0.0,-1.0,-1.0
8.36,3.3134726135630572,4.631392613207797,3.141592653589793,2.2165385304610936,0.08373326400438727,5.7040749142227706e-18,0.0,-1.0,-1.0
8.38,3.356861352061494,4.632898565673899,3.141592653589793,2.255912056149711,0.09078484774491542,-1.782200390493007e-16,0.0,-1.0,-1.0
8.4,3.4002500905599273,4.63440451814,3.141592653589793,2.295285581838325,0.09783643148544294,-3.6214415301280775e-16,0.0,-1.0,-1.0
8.42,3.44363882905836,4.635910470606102,3.141592653589793,2.3346591075269387,0.10488801522597047,-5.460682669763149e-16,0.0,-1.0,-1.0
8.44,3.487027567556793,4.637416423072203,3.141592653589793,2.3740326332155526,0.111939598966498,-7.299923809398221e-16,0.0,-1.0,-1.0
8.46,3.53041630605523,4.638922375538305,3.141592653589793,2.41340615890417,0.11899118270702613,-9.139164949033455e-16,0.0,-1.0,-1.0
8.48,3.573805044553663,4.640428328004407,3.141592653589793,2.452779684592784,0.12604276644755366,-1.0978406088668526e-15,0.0,-1.0,-1.0
8.5,3.6191480633300235,4.642284281411273,3.141592653589793,2.4834839924696808,0.13525405140954205,-1.229606813416929e-15,0.0,-1.0,-1.0
8.52,3.668743166251119,4.644901759901149,3.141592653589793,2.4953259887217834,0.1491643713179803,-1.2478888764422382e-15,0.0,-1.0,-1.0
8.540000000000001,3.7183382691722193,4.647519238391025,3.141592653589793,2.507167984973887,0.16307469122641977,-1.266170939467549e-15,0.0,-1.0,-1.0
8.56,3.767933372093315,4.6501367168809,3.141592653589793,2.5190099812259894,0.176985011134858,-1.284453002492858e-15,0.0,-1.0,-1.0
8.58,3.8175284750144107,4.652754195370776,3.141592653589793,2.530851977478092,0.19089533104329626,-1.3027350655181673e-15,0.0,-1.0,-1.0
8.6,3.867123577935507,4.655371673860651,3.141592653589793,2.542693973730194,0.2048056509517345,-1.3210171285434765e-15,0.0,-1.0,-1.0
8.620000000000001,3.916718680856607,4.6579891523505275,3.141592653589793,2.554535969982298,0.21871597086017397,-1.3392991915687872e-15,0.0,-1.0,-1.0
8.64,3.9663137837777027,4.660606630840403,3.141592653589793,2.5663779662344,0.23262629076861221,-1.3575812545940964e-15,0.0,-1.0,-1.0
8.66,4.0167180523751185,4.664174603924003,3.141592653589793,2.56595104574175,0.2474024208794539,0.025759868648198632,0.0,-1.0,-1.0
8.68,4.068179783771742,4.668984736312094,3.141592653589793,2.549490421121687,0.26331004001289166,0.08518416919849726,0.0,-1.0,-1.0
8.700000000000001,4.119641515168372,4.673794868700184,3.141592653589793,2.5330297965016224,0.2792176591463308,0.1446084697488012,0.0,-1.0,-1.0
8.72,4.1711032465649955,4.678605001088274,3.141592653589793,2.5165691718815593,0.2951252782797685,0.20403277029909986,0.0,-1.0,-1.0
8.74,4.22256497796162,4.683415133476363,3.141592653589793,2.500108547261496,0.3110328974132062,0.26345707084939846,0.0,-1.0,-1.0
8.76,4.274026709358245,4.688225265864453,3.141592653589793,2.483647922641433,0.3269405165466439,0.32288137139969714,0.0,-1.0,-1.0
8.78,4.325488440754869,4.693035398252543,3.141592653589793,2.46718729802137,0.34284813568008166,0.38230567194999576,0.0,-1.0,-1.0
8.8,4.376950172151498,4.697845530640634,3.141592653589793,2.450726673401305,0.3587557548135208,0.44172997250029966,0.0,-1.0,-1.0
8.82,4.426979401615699,4.7040400391186274,3.1467641113768474,2.421270058478337,0.3659177554676536,0.5030355733215612,2.0,-1.0,-1.0
8.84,4.475846480051227,4.711357655398809,3.1561310364445614,2.3812701394541365,0.36598466655711775,0.5658674234243464,0.0,-1.0,-1.0
8.86,4.524713558486755,4.718675271678989,3.1654979615122754,2.3412702204299354,0.36605157764658186,0.6286992735271314,0.0,-1.0,-1.0
8.88,4.573580636922288,4.72599288795917,3.17486488657999,2.301270301405731,0.36611848873604597,0.6915311236299221,0.0,-1.0,-1.0
8.9,4.622447715357816,4.733310504239351,3.184231811647704,2.26127038238153,0.36618539982551007,0.7543629737327071,0.0,-1.0,-1.0
8.92,4.667799205844558,4.740634001326931,3.199121020270233,2.2245163878677454,0.35076881875949995,0.8171948224596267,0.0,-1.0,-1.0
8.94,4.7129895508035045,4.7479577679756275,3.214263356196371,2.1879111782019107,0.33464251415595775,0.8800266711234802,0.0,-1.0,-1.0
8.96,4.7581798957624555,4.7552815346243245,3.2294056921225103,2.1513059685360734,0.3185162095524141,0.9428585197873391,0.0,-1.0,-1.0
8.98,4.803370240721402,4.7626053012730205,3.2445480280486487,2.1147007588702387,0.30238990494887186,1.0056903684511926,0.0,-1.0,-1.0
9.0,4.847348469131026,4.769395073966544,3.2617709291261763,2.0806863821208172,0.2823074271947303,1.064214314899153,0.0,-1.0,-1.0
9.02,4.889174117283606,4.7752365345147325,3.2826886757784743,2.051273028093411,0.25519923873465133,1.115087920078874,0.0,-1.0,-1.0
9.040000000000001,4.930999765436189,4.781077995062922,3.303606422430774,2.0218596740660018,0.22809105027456994,1.165961525258599,0.0,-1.0,-1.0
9.06,4.972825413588769,4.78691945561111,3.3245241690830722,1.9924463200385956,0.20098286181449093,1.2168351304383198,0.0,-1.0,-1.0
9.08,5.014651061741349,4.792760916159298,3.34544191573537,1.9630329660111894,0.17387467335441192,1.2677087356180405,0.0,-1.0,-1.0
9.1,5.054410271863926,4.796697888307211,3.369933792436515,1.9369961409984109,0.14361728558938636,1.2920967994867925,0.0,-1.0,-1.0
9.120000000000001,5.093532287958014,4.800047604211108,3.3955277657363125,1.9120004815535878,0.11238883023727603,1.308317945925771,0.0,-1.0,-1.0
9.14,5.132654304052097,4.803397320115005,3.4211217390361077,1.887004822108767,0.08116037488516847,1.324539092364748,0.0,-1.0,-1.0
9.16,5.171776320146181,4.806747036018902,3.4467157123359025,1.8620091626639463,0.04993191953306092,1.3407602388037252,0.0,-1.0,-1.0
9.18,5.210511442296394,4.809613383989304,3.4725607637612312,1.8375711026992756,0.018302038165383047,1.3511461498932626,0.0,-1.0,-1.0
9.200000000000001,5.247335894293053,4.810092626401853,3.499645760882967,1.8158867397134224,-0.015310279782041067,1.3327148354930518,0.0,-1.0,-1.0
9.22,5.284160346289709,4.810571868814402,3.5267307580047005,1.7942023767275712,-0.0489225977294622,1.3142835210928427,0.0,-1.0,-1.0
9.24,5.320984798286364,4.811051111226951,3.553815755126434,1.77251801374172,-0.08253491567688333,1.2958522066926335,0.0,-1.0,-1.0
9.26,5.357809250283021,4.8115303536395,3.5809007522481675,1.7508336507558686,-0.11614723362430444,1.2774208922924244,0.0,-1.0,-1.0
9.28,5.393492664232856,4.81024090523808,3.607015887769757,1.7305684721319547,-0.15060423681689133,1.239152190470291,0.0,-1.0,-1.0
9.3,5.42832392161179,4.807630553030499,3.6324067056949887,1.7113631769034414,-0.18569207268330684,1.1860684173293339,0.0,-1.0,-1.0
9.32,5.463155178990722,4.805020200822919,3.657797523620218,1.6921578816749296,-0.22077990854971924,1.1329846441883815,0.0,-1.0,-1.0
9.34,5.497986436369655,4.802409848615339,3.6831883415454474,1.6729525864464179,-0.25586774441613164,1.0799008710474292,0.0,-1.0,-1.0
9.36,5.532817693748587,4.799799496407758,3.7085791594706765,1.653747291217906,-0.29095558028254404,1.0268170979064768,0.0,-1.0,-1.0
9.38,5.565925041803602,4.794039583275102,3.7292050617631274,1.6363901903886273,-0.32699204821429423,0.9642139312770427,0.0,-1.0,-1.0
9.4,5.598990976811467,4.788204009019627,3.7497164976662956,1.6190774882761112,-0.36305130489943027,0.9013820826131889,0.0,-1.0,-1.0
9.42,5.6320569118193315,4.782368434764153,3.7702279335694637,1.6017647861635949,-0.3991105615845663,0.8385502339493349,0.0,-1.0,-1.0
9.44,5.665122846827196,4.776532860508678,3.790739369472632,1.5844520840510787,-0.43516981826970236,0.7757183852854811,0.0,-1.0,-1.0
9.46,5.697583087660557,4.769435733806376,3.809052599430719,1.5677022735653503,-0.47148539322271354,0.7128865360739434,0.0,-1.0,-1.0
9.48,5.729057664661206,4.760285645936145,3.8237886246077273,1.5518684730754497,-0.5082180823844062,0.6500546859711581,0.0,-1.0,-1.0
9.5,5.7605322416618545,4.751135558065913,3.838524649784736,1.5360346725855492,-0.5449507715460988,0.5872228358683729,0.0,-1.0,-1.0
9.52,5.792006818662503,4.741985470195682,3.853260674961744,1.5202008720956484,-0.5816834607077915,0.5243909857655877,0.0,-1.0,-1.0
9.540000000000001,5.823481395663154,4.73283538232545,3.8679967001387534,1.5043670716057465,-0.6184161498694875,0.4615591356627969,0.0,-1.0,-1.0
9.56,5.853813921673078,4.721035860791087,3.878200826817691,1.4894603431879578,-0.6555310156262585,0.3987272849327268,0.0,-1.0,-1.0
9.58,5.883833079119315,4.708509358387517,3.887161441136275,1.4748079950439335,-0.6927507472179594,0.33589543403053534,0.0,-1.0,-1.0
9.6,5.9138522365655515,4.695982855983948,3.896122055454859,1.460155646899909,-0.7299704788096603,0.2730635831283439,0.0,-1.0,-1.0
9.620000000000001,5.943871394011791,4.683456353580376,3.905082669773444,1.4455032987558833,-0.7671902104013645,0.2102317322261469,0.0,-1.0,-1.0
9.64,5.973636322130728,4.670284060670616,3.912953103935864,1.4310326397233566,-0.8044787813366938,0.15271908853783683,0.0,-1.0,-1.0
9.66,6.0023086573771725,4.654336375512907,3.9161383073225435,1.417342819905332,-0.8420632008155193,0.11806662369253285,0.0,-1.0,-1.0
9.68,6.0309809926236175,4.638388690355197,3.919323510709223,1.4036530000873075,-0.8796476202943448,0.08341415884722886,0.0,-1.0,-1.0
9.700000000000001,6.059653327870064,4.622441005197486,3.922508714095903,1.3899631802692818,-0.9172320397731737,0.04876169400192179,0.0,-1.0,-1.0
9.72,6.088325663116509,4.606493320039776,3.9256939174825822,1.3762733604512574,-0.9548164592519992,0.014109229156617803,0.0,-1.0,-1.0
9.74,6.116252004101883,4.588497561086388,3.9269908169872414,1.3558020834025069,-0.9885693691214592,1.6954230080998574e-15,0.0,-1.0,-1.0
9.76,6.143665991330601,4.569095171602601,3.9269908169872414,1.3306732570010615,-1.0196907730337499,1.6059410861410824e-15,0.0,-1.0,-1.0
9.78,6.17107997855932,4.549692782118814,3.9269908169872414,1.3055444305996162,-1.0508121769460406,1.5164591641823072e-15,0.0,-1.0,-1.0
9.8,6.198493965788041,4.530290392635025,3.9269908169872414,1.2804156041981687,-1.0819335808583341,1.426977242223524e-15,0.0,-1.0,-1.0
9.82,6.225907953016759,4.510888003151238,3.9269908169872414,1.2552867777967234,-1.1130549847706248,1.337495320264749e-15,0.0,-1.0,-1.0
9.84,6.252590368957811,4.490579581480733,3.9269908169872414,1.2269873344591926,-1.140004113458562,1.2103737753737837e-15,0.0,-1.0,-1.0
9.86,6.27733106266131,4.467866386858444,3.9269908169872414,1.1902725015139248,-1.155879270654063,9.833498777079778e-16,0.0,-1.0,-1.0
9.88,6.302071756364812,4.445153192236153,3.9269908169872414,1.153557668568654,-1.1717544278495657,7.563259800421517e-16,0.0,-1.0,-1.0
9.9,6.326812450068313,4.422439997613863,3.9269908169872414,1.1168428356233864,-1.187629585045067,5.293020823763458e-16,0.0,-1.0,-1.0
9.92,6.351553143771812,4.399726802991573,3.9269908169872414,1.0801280026781188,-1.2035047422405682,3.022781847105399e-16,0.0,-1.0,-1.0
9.94,6.376293837475313,4.377013608369284,3.9269908169872414,1.043413169732851,-1.2193798994360696,7.525428704473398e-17,0.0,-1.0,-1.0
9.96,6.397306463378588,4.352688431405896,3.9269908169872414,1.0036709104129728,-1.2172301440858946,3.0481415691516156e-16,0.0,-1.0,-1.0
9.98,6.418141303158627,4.328286381352612,3.9269908169872414,0.9637842775389244,-1.2142208069108014,5.561478416172572e-16,0.0,-1.0,-1.0
10.0,6.4389761429386665,4.303884331299329,3.9269908169872414,0.9238976446648758,-1.211211469735708,8.074815263193529e-16,0.0,-1.0,-1.0
10.02,6.459810982718706,4.279482281246047,3.9269908169872414,0.8840110117908273,-1.2082021325606147,1.0588152110214484e-15,0.0,-1.0,-1.0
10.040000000000001,6.480645822498746,4.255080231192761,3.9269908169872414,0.8441243789167752,-1.2051927953855213,1.3101488957235663e-15,0.0,-1.0,-1.0
10.06,6.498784884054983,4.230881570220987,3.9269908169872414,0.8080300773812293,-1.1906242193238334,1.1777433696155974e-15,0.0,-1.0,-1.0
10.08,6.515376442604872,4.206799664111431,3.9269908169872414,0.7741127517169114,-1.1694200985536998,8.25053557085711e-16,0.0,-1.0,-1.0
10.1,6.53196800115476,4.182717758001875,3.9269908169872414,0.7401954260525934,-1.148215977783566,4.723637445558245e-16,0.0,-1.0,-1.0
10.120000000000001,6.54855955970465,4.158635851892316,3.9269908169872414,0.7062781003882723,-1.1270118570134307,1.1967393202590674e-16,0.0,-1.0,-1.0
10.14,6.565151118254538,4.13455394578276,3.9269908169872414,0.6723607747239544,-1.105807736243297,-2.330158805039797e-16,0.0,-1.0,-1.0
10.16,6.580602009211109,4.11118515171649,3.9269908169872414,0.640710568773718,-1.0819041521464987,-4.47529817031621e-16,0.0,-1.0,-1.0
10.18,6.593585322567106,4.089359015051045,3.9269908169872414,0.6139647660493317,-1.0521608867284515,-3.631313459828765e-16,0.0,-1.0,-1.0
10.200000000000001,6.606568635923105,4.067532878385597,3.9269908169872414,0.587218963324943,-1.0224176213104015,-2.7873287493412446e-16,0.0,-1.0,-1.0
10.22,6.619551949279102,4.045706741720152,3.9269908169872414,0.5604731606005567,-0.9926743558923542,-1.9433440388537996e-16,0.0,-1.0,-1.0
10.24,6.632535262635099,4.023880605054706,3.9269908169872414,0.5337273578761704,-0.9629310904743069,-1.0993593283663546e-16,0.0,-1.0,-1.0
10.26,6.645518575991097,4.002054468389261,3.9269908169872414,0.5069815551517841,-0.9331878250562596,-2.5537461787891e-17,0.0,-1.0,-1.0
10.28,6.655665251406913,3.983382878103266,3.9269908169872414,0.4842841633440627,-0.9002523279974393,-2.8375706727583767e-16,0.0,-1.0,-1.0
10.3,6.665803251571294,3.964720935323784,3.9269908169872414,0.4615991527366746,-0.8673070681797768,-5.430244969919914e-16,0.0,-1.0,-1.0
10.32,6.675941251735674,3.9460589925443035,3.9269908169872414,0.4389141421292886,-0.8343618083621173,-8.02291926708122e-16,0.0,-1.0,-1.0
10.34,6.686079251900055,3.9273970497648234,3.9269908169872414,0.41622913152190255,-0.8014165485444577,-1.0615593564242528e-15,0.0,-1.0,-1.0
10.36,6.696217252064435,3.908735106985343,3.9269908169872414,0.39354412091451646,-0.7684712887267982,-1.3208267861403834e-15,0.0,-1.0,-1.0
10.38,6.704719572259543,3.8924486491681085,3.9269908169872414,0.3726934138436221,-0.7343683403654252,-1.3612726741571424e-15,0.0,-1.0,-1.0
10.4,6.712444260675597,3.877291539775997,3.9269908169872414,0.35271476778050576,-0.6997150059757707,-1.2976868518375201e-15,0.0,-1.0,-1.0
10.42,6.7201689490916525,3.8621344303838856,3.9269908169872414,0.3327361217173894,-0.6650616715861164,-1.2341010295178978e-15,0.0,-1.0,-1.0
10.44,6.727893637507708,3.846977320991774,3.9269908169872414,0.3127574756542731,-0.6304083371964619,-1.1705152071982755e-15,0.0,-1.0,-1.0
10.46,6.735618325923763,3.8318202115996614,3.9269908169872414,0.292778829591155,-0.5957550028068044,-1.1069293848786475e-15,0.0,-1.0,-1.0
10.48,6.742580852655938,3.8179850858698585,3.9269908169872414,0.27347822085018375,-0.5607346774030735,-9.38031774148485e-16,0.0,-1.0,-1.0
10.5,6.748180141966205,3.8065145208857967,3.9269908169872414,0.2553903808307955,-0.5250579350021694,-5.807686578231621e-16,0.0,-1.0,-1.0
10.52,6.75377943127647,3.795043955901735,3.9269908169872414,0.23730254081140728,-0.4893811926012651,-2.2350554149783926e-16,0.0,-1.0,-1.0
10.540000000000001,6.759378720586737,3.783573390917672,3.9269908169872414,0.21921470079201744,-0.4537044502003577,1.3375757482751544e-16,0.0,-1.0,-1.0
10.56,6.764978009897003,3.7721028259336102,3.9269908169872414,0.20112686077262917,-0.41802770779945353,4.910206911528383e-16,0.0,-1.0,-1.0
10.58,6.770501445449971,3.760781876102953,3.9269908169872414,0.1830935284101321,-0.382324633223887,8.175771426553825e-16,0.0,-1.0,-1.0
10.6,6.774176486296081,3.7531067292947173,3.9269908169872414,0.16638843169567188,-0.34597989956642866,3.958774926094448e-16,0.0,-1.0,-1.0
10.620000000000001,6.777851527142192,3.745431582486481,3.9269908169872414,0.14968333498121017,-0.3096351659089671,-2.582215743653052e-17,0.0,-1.0,-1.0
10.64,6.781526567988302,3.737756435678245,3.9269908169872414,0.13297823826674995,-0.2732904322515088,-4.4752180748246825e-16,0.0,-1.0,-1.0
10.66,6.785201608834413,3.730081288870009,3.9269908169872414,0.11627314155228974,-0.23694569859405046,-8.69221457528406e-16,0.0,-1.0,-1.0
10.68,6.788876649680523,3.7224061420617733,3.9269908169872414,0.09956804483782952,-0.20060096493659213,-1.2909211075743437e-15,0.0,-1.0,-1.0
10.700000000000001,6.791271712765089,3.717515801090102,3.9269908169872414,0.0820454666272039,-0.164647660544288,-1.2181232746425543e-15,0.0,-1.0,-1.0
10.72,6.7931696062756455,3.7137071357326947,3.9269908169872414,0.06420536186305806,-0.12884639529427497,-9.532524929872506e-16,0.0,-1.0,-1.0
10.74,6.795067499786202,3.709898470375287,3.9269908169872414,0.046365257098912226,-0.09304513004426193,-6.883817113319469e-16,0.0,-1.0,-1.0
10.76,6.796965393296759,3.70608980501788,3.9269908169872414,0.028525152334766393,-0.057243864794248894,-4.2351092967664324e-16,0.0,-1.0,-1.0
10.78,6.7988632868073156,3.7022811396604722,3.9269908169872414,0.010685047570620554,-0.021442599544235857,-1.5864014802133956e-16,0.0,-1.0,-1.0
10.8,6.800000000043363,3.6999999999687088,3.926990817040857,-0.013009204019114698,0.009387584084604878,-0.016084987198948925,3.0,-1.0,-1.0
10.82,6.800000000151484,3.699999999890688,3.9269908171745405,-0.045445780879618085,0.03279417316163947,-0.05619058649713158,0.0,-1.0,-1.0
10.84,6.800000000259604,3.699999999812667,3.926990817308224,-0.07788235774012146,0.056200762238674054,-0.09629618579531424,0.0,-1.0,-1.0
10.86,6.800000000367724,3.699999999734646,3.9269908174419075,-0.11031893460062484,0.07960735131570865,-0.1364017850934969,0.0,-1.0,-1.0
10.88,6.800000000475845,3.6999999996566255,3.9269908175755908,-0.1427555114611311,0.1030139403927453,-0.17650738439168312,0.0,-1.0,-1.0
10.9,6.800000000583966,3.6999999995786044,3.926990817709274,-0.1751920883216345,0.12642052946977989,-0.21661298368986576,0.0,-1.0,-1.0
10.92,6.800000000692085,3.6999999995005837,3.926990817842958,-0.20762866518213788,0.1498271185468145,-0.25671858298804845,0.0,-1.0,-1.0
10.94,6.800000000800206,3.699999999422563,3.926990817976641,-0.24006524204264126,0.17323370762384907,-0.2968241822862311,0.0,-1.0,-1.0
10.96,6.800000000908327,3.6999999993445423,3.9269908181103244,-0.2725018189031475,0.19664029670088573,-0.3369297815844173,0.0,-1.0,-1.0
10.98,6.796078617933602,3.7028297122423552,3.9221422974123668,-0.30597085817612485,0.2185107013221938,-0.39281299397203634,0.0,-1.0,-1.0
11.0,6.790430230764258,3.7069056502795097,3.9151584546514955,-0.3398946010267578,0.23970455969879736,-0.45564477613997506,0.0,-1.0,-1.0
11.02,6.7847818435949145,3.710981588316664,3.908174611890624,-0.3738183438773907,0.26089841807540093,-0.5184765583079138,0.0,-1.0,-1.0
11.040000000000001,6.779133456425571,3.715057526353819,3.901190769129752,-0.40774208672802664,0.28209227645200635,-0.5813083404758581,0.0,-1.0,-1.0
11.06,6.773485069256228,3.7191334643909735,3.8942069263688808,-0.4416658295786595,0.30328613482860994,-0.6441401226437968,0.0,-1.0,-1.0
11.08,6.767836682086885,3.723209402428128,3.8872230836080095,-0.47558957242929245,0.3244799932052135,-0.7069719048117356,0.0,-1.0,-1.0
11.1,6.762188294917541,3.7272853404652824,3.8802392408471382,-0.5095133152799254,0.34567385158181707,-0.7698036869796743,0.0,-1.0,-1.0
11.120000000000001,6.756539907748198,3.7313612785024373,3.873255398086266,-0.5434370581305614,0.36686770995842255,-0.8326354691476185,0.0,-1.0,-1.0
11.14,6.750891520578854,3.7354372165395917,3.866271555325395,-0.5773608009811942,0.3880615683350261,-0.8954672513155573,0.0,-1.0,-1.0
11.16,6.739410029015148,3.743157386552398,3.848483941698697,-0.6121605630596532,0.4077831085752889,-0.958298986393229,0.0,-1.0,-1.0
11.18,6.727854284902885,3.750923945844983,3.8305588013852505,-0.6469714764318063,0.4274859069301816,-1.0211307208714648,0.0,-1.0,-1.0
11.200000000000001,6.71629854079062,3.7586905051375683,3.812633661071802,-0.6817823898039627,0.44718870528507615,-1.0839624553497063,0.0,-1.0,-1.0
11.22,6.704742796678357,3.766457064430153,3.7947085207583555,-0.7165933031761159,0.4668915036399689,-1.1467941898279421,0.0,-1.0,-1.0
11.24,6.693187052566094,3.774223623722738,3.776783380444909,-0.751404216548269,0.48659430199486164,-1.209625924306178,0.0,-1.0,-1.0
11.26,6.68163130845383,3.781990183015323,3.7588582401314623,-0.7862151299204223,0.5062971003497544,-1.2724576587844139,0.0,-1.0,-1.0
11.28,6.670075564341567,3.7897567423079073,3.7409330998180157,-0.8210260432925756,0.5259998987046471,-1.3352893932626497,0.0,-1.0,-1.0
11.3,6.658519820229302,3.797523301600493,3.7230079595045673,-0.8558369566647319,0.5457026970595417,-1.3981211277408914,0.0,-1.0,-1.0
11.32,6.645263045117317,3.806252635710982,3.7020125542149858,-0.8909651046452047,0.5648030854017998,-1.4458261287912832,0.0,-1.0,-1.0
11.34,6.627645455420861,3.8174501685010727,3.673146124653475,-0.9269065248746163,0.5823591171924393,-1.4547517779319783,0.0,-1.0,-1.0
11.36,6.610027865724406,3.828647701291163,3.6442796950919645,-0.962847945104028,0.5999151489830788,-1.4636774270726736,0.0,-1.0,-1.0
11.38,6.592410276027948,3.8398452340812548,3.615413265530451,-0.998789365333443,0.6174711807737199,-1.4726030762133695,0.0,-1.0,-1.0
11.4,6.5747926863314925,3.8510427668713456,3.5865468359689405,-1.0347307855628547,0.6350272125643593,-1.4815287253540645,0.0,-1.0,-1.0
11.42,6.557175096635038,3.8622402996614364,3.55768040640743,-1.0706722057922664,0.6525832443549988,-1.4904543744947596,0.0,-1.0,-1.0
11.44,6.539557506938582,3.8734378324515273,3.5288139768459192,-1.106613626021678,0.6701392761456384,-1.4993800236354549,0.0,-1.0,-1.0
11.46,6.521939917242125,3.884635365241619,3.4999475472844064,-1.142555046251093,0.6876953079362794,-1.5083056727761508,0.0,-1.0,-1.0
11.48,6.504322327545669,3.8958328980317094,3.4710811177228957,-1.1784964664805044,0.7052513397269189,-1.5172313219168458,0.0,-1.0,-1.0
11.5,6.483113522836464,3.9087846042664895,3.4413228501375115,-1.2152595801292965,0.720913656163403,-1.4884887655995742,0.0,-1.0,-1.0
11.52,6.459237225211893,3.9230392804486054,3.4109021405646964,-1.2526330335564142,0.7351693533156064,-1.431766912348814,0.0,-1.0,-1.0
11.540000000000001,6.435360927587318,3.9372939566307226,3.380481430991879,-1.290006486983535,0.7494250504678112,-1.3750450590980487,0.0,-1.0,-1.0
11.56,6.411484629962747,3.951548632812838,3.350060721419064,-1.3273799404106525,0.7636807476200146,-1.3183232058472887,0.0,-1.0,-1.0
11.58,6.387608332338175,3.965803308994954,3.319640011846249,-1.36475339383777,0.777936444772218,-1.2616013525965286,0.0,-1.0,-1.0
11.6,6.363732034713603,3.9800579851770697,3.289219302273434,-1.4021268472648878,0.7921921419244214,-1.2048794993457683,0.0,-1.0,-1.0
11.620000000000001,6.339855737089029,3.994312661359187,3.2587985927006167,-1.4395003006920086,0.8064478390766262,-1.1481576460950031,0.0,-1.0,-1.0
11.64,6.315979439464457,4.008567337541303,3.2283778831278016,-1.4768737541191261,0.8207035362288296,-1.091435792844243,0.0,-1.0,-1.0
11.66,6.292103141839886,4.0228220137234185,3.1979571735549865,-1.5142472075462436,0.8349592333810331,-1.0347139395934828,0.0,-1.0,-1.0
11.68,6.262584489999415,4.039228904527182,3.176099889581766,-1.5530581509064332,0.844440590059435,-0.9726949587449615,0.0,-1.0,-1.0
11.700000000000001,6.2322001154048055,4.055966015855652,3.1555565168078847,-1.5920896525116923,0.8531894058469245,-0.9098632242624953,0.0,-1.0,-1.0
11.72,6.201815740810199,4.07270312718412,3.135013144034005,-1.6311211541169481,0.8619382216344131,-0.8470314897800347,0.0,-1.0,-1.0
11.74,6.171431366215592,4.089440238512588,3.1144697712601257,-1.670152655722204,0.8706870374219019,-0.7841997552975741,0.0,-1.0,-1.0
11.76,6.1410469916209856,4.106177349841056,3.093926398486246,-1.7091841573274598,0.8794358532093906,-0.7213680208151136,0.0,-1.0,-1.0
11.78,6.110662617026379,4.1229144611695245,3.0733830257123667,-1.7482156589327156,0.8881846689968793,-0.658536286332653,0.0,-1.0,-1.0
11.8,6.080278242431769,4.139651572497994,3.052839652938485,-1.787247160537975,0.8969334847843687,-0.5957045518501869,0.0,-1.0,-1.0
11.82,6.049893867837162,4.156388683826462,3.032296280164606,-1.8262786621432308,0.9056823005718574,-0.5328728173677264,0.0,-1.0,-1.0
11.84,6.018420921231008,4.1733697959135165,3.013505257794416,-1.865462454193159,0.9128397337619513,-0.4700410752477951,0.0,-1.0,-1.0
11.86,5.98123974319948,4.191630394137642,3.0039031742693365,-1.905444823730696,0.911652307764154,-0.407209293078653,0.0,-1.0,-1.0
11.88,5.944058565167949,4.209890992361768,2.9943010907442558,-1.9454271932682368,0.9104648817663565,-0.3443775109095053,0.0,-1.0,-1.0
11.9,5.906877387136421,4.228151590585892,2.9846990072191764,-1.985409562805774,0.9092774557685592,-0.28154572874036315,0.0,-1.0,-1.0
11.92,5.869696209104894,4.246412188810017,2.975096923694097,-2.025391932343311,0.9080900297707618,-0.218713946571221,0.0,-1.0,-1.0
11.94,5.832515031073366,4.264672787034141,2.965494840169017,-2.065374301880848,0.9069026037729645,-0.15588216440207892,0.0,-1.0,-1.0
11.96,5.795333853041835,4.282933385258267,2.955892756643937,-2.105356671418389,0.9057151777751671,-0.09305038223293122,0.0,-1.0,-1.0
11.98,5.758152675010306,4.301193983482392,2.9462906731188574,-2.145339040955926,0.9045277517773698,-0.03021860006378907,0.0,-1.0,-1.0
12.0,5.720971496978779,4.319454581706516,2.9366885895937775,-2.1853214104934633,0.9033403257795724,0.03261318210535308,0.0,-1.0,-1.0
12.02,5.680633980346493,4.3376214406511595,2.932046651795646,-2.2233428129390096,0.8944734194819214,0.09434005186621425,0.0,-1.0,-1.0
12.040000000000001,5.636490418201808,4.3556752648396735,2.9333858658233516,-2.2589995989905396,0.8763462736377967,0.15473457188737974,0.0,-1.0,-1.0
12.06,5.592346856057127,4.373729089028186,2.9347250798510567,-2.2946563850420665,0.8582191277936736,0.21512909190853988,0.0,-1.0,-1.0
12.08,5.548203293912445,4.391782913216698,2.936064293878762,-2.3303131710935934,0.8400919819495505,0.2755236119297,0.0,-1.0,-1.0
12.1,5.5040597317677635,4.40983673740521,2.9374035079064673,-2.3659699571451207,0.8219648361054275,0.3359181319508601,0.0,-1.0,-1.0
12.120000000000001,5.459916169623078,4.427890561593724,2.938742721934173,-2.4016267431966507,0.8038376902613028,0.39631265197202564,0.0,-1.0,-1.0
12.14,5.415772607478397,4.445944385782236,2.940081935961878,-2.4372835292481776,0.7857105444171797,0.4567071719931858,0.0,-1.0,-1.0
12.16,5.371629045333715,4.4639982099707485,2.941421149989583,-2.4729403152997045,0.7675833985730567,0.5171016920143459,0.0,-1.0,-1.0
12.18,5.327485483189034,4.482052034159261,2.9427603640172886,-2.5085971013512314,0.7494562527289336,0.577496212035506,0.0,-1.0,-1.0
12.200000000000001,5.278706647795174,4.497749384769541,2.9519506811322502,-2.5370704598473375,0.7221910130913772,0.5888830760857657,0.0,-1.0,-1.0
12.22,5.228353942880746,4.512646613846214,2.963806776765037,-2.563104743649251,0.6918230076567535,0.5836297871480588,0.0,-1.0,-1.0
12.24,5.17800123796632,4.527543842922888,2.975662872397824,-2.5891390274511643,0.6614550022221299,0.578376498210352,0.0,-1.0,-1.0
12.26,5.127648533051892,4.54244107199956,2.987518968030611,-2.6151733112530775,0.6310869967875063,0.573123209272645,0.0,-1.0,-1.0
12.280000000000001,5.07729582813746,4.557338301076235,2.999375063663399,-2.6412075950549934,0.60071899135288,0.5678699203349377,0.0,-1.0,-1.0
12.3,5.026943123223033,4.572235530152907,3.011231159296186,-2.6672418788569066,0.5703509859182563,0.5626166313972307,0.0,-1.0,-1.0
12.32,4.976590418308605,4.58713275922958,3.023087254928973,-2.69327616265882,0.5399829804836327,0.5573633424595238,0.0,-1.0,-1.0
12.34,4.926237713394178,4.602029988306254,3.03494335056176,-2.7193104464607334,0.5096149750490091,0.5521100535218169,0.0,-1.0,-1.0
12.36,4.875705000306937,4.616717244671102,3.046763123515185,-2.744158036670957,0.4788719050719104,0.544570545504755,0.0,-1.0,-1.0
12.38,4.8208187800947275,4.626326299959383,3.057704430558283,-2.7403053799657626,0.43905787941287744,0.4817387088362916,0.0,-1.0,-1.0
12.4,4.765932559882523,4.635935355247664,3.06864573760138,-2.7364527232605687,0.39924385375384797,0.41890687216783373,0.0,-1.0,-1.0
12.42,4.711046339670319,4.645544410535945,3.079587044644477,-2.7326000665553742,0.3594298280948185,0.35607503549937586,0.0,-1.0,-1.0
12.44,4.656160119458114,4.655153465824226,3.090528351687574,-2.7287474098501803,0.3196158024357891,0.293243198830918,0.0,-1.0,-1.0
12.46,4.601273899245906,4.664762521112507,3.1014696587306725,-2.724894753144986,0.2798017767767561,0.23041136216245456,0.0,-1.0,-1.0
12.48,4.5463876790337014,4.674371576400789,3.1124109657737695,-2.721042096439792,0.23998775111772663,0.16757952549399668,0.0,-1.0,-1.0
12.5,4.491501458821498,4.68398063168907,3.1233522728168666,-2.717189439734598,0.20017372545869716,0.10474768882553881,0.0,-1.0,-1.0
12.52,4.436615238609293,4.693589686977351,3.1342935798599636,-2.713336783029404,0.16035969979966774,0.041915852157080935,0.0,-1.0,-1.0
12.540000000000001,4.381952349008581,4.700890804499764,3.141592653589793,-2.700779986368621,0.12499190031573817,6.112321073725122e-16,0.0,-1.0,-1.0
12.56,4.327737016293786,4.703566790552545,3.141592653589793,-2.670780002018807,0.09853438468247849,4.646195674795829e-16,0.0,-1.0,-1.0
12.58,4.27352168357899,4.706242776605326,3.141592653589793,-2.640780017668993,0.07207686904921884,3.180070275866536e-16,0.0,-1.0,-1.0
12.6,4.219306350864195,4.708918762658108,3.141592653589793,-2.6107800333191786,0.04561935341595917,1.713944876937244e-16,0.0,-1.0,-1.0
12.620000000000001,4.165091018149395,4.71159474871089,3.141592653589793,-2.580780048969362,0.019161837782697144,2.4781947800782137e-17,0.0,-1.0,-1.0
12.64,4.1108756854346,4.71427073476367,3.141592653589793,-2.550780064619548,-0.0072956778505625375,-1.2183059209214712e-16,0.0,-1.0,-1.0
12.66,4.056660352719804,4.716946720816452,3.141592653589793,-2.5207800802697338,-0.03375319348382219,-2.6844313198507648e-16,0.0,-1.0,-1.0
12.68,4.003488817448417,4.718702163483113,3.141592653589793,-2.4889066124300756,-0.057044132939318024,-3.793616835041915e-16,0.0,-1.0,-1.0
12.700000000000001,3.95352594108738,4.717627833230808,3.141592653589793,-2.4512740104489668,-0.07060093965454248,-3.8055604038674733e-16,0.0,-1.0,-1.0
12.72,3.903563064726347,4.716553502978504,3.141592653589793,-2.4136414084678615,-0.08415774636976572,-3.81750397269303e-16,0.0,-1.0,-1.0
12.74,3.853600188365314,4.7154791727262,3.141592653589793,-2.376008806486756,-0.09771455308498897,-3.8294475415185876e-16,0.0,-1.0,-1.0
12.76,3.8036373120042812,4.714404842473896,3.141592653589793,-2.3383762045056504,-0.11127135980021222,-3.8413911103441445e-16,0.0,-1.0,-1.0
12.780000000000001,3.7536744356432443,4.713330512221591,3.141592653589793,-2.300743602524542,-0.12482816651543666,-3.8533346791697024e-16,0.0,-1.0,-1.0
12.8,3.703711559282211,4.712256181969288,3.141592653589793,-2.2631110005434363,-0.1383849732306599,-3.86527824799526e-16,0.0,-1.0,-1.0
12.82,3.6545916550619206,4.710878178577823,3.141592653589793,-2.2251951498835667,-0.1508673592110657,-4.1109547358194146e-16,0.0,-1.0,-1.0
12.84,3.609963148063789,4.707882189694613,3.141592653589793,-2.1857701362662336,-0.15762517842282273,-5.601971766206701e-16,0.0,-1.0,-1.0
12.86,3.565334641065657,4.704886200811401,3.141592653589793,-2.1463451226489,-0.16438299763457978,-7.092988796593986e-16,0.0,-1.0,-1.0
12.88,3.5207061340675216,4.70189021192819,3.141592653589793,-2.1069201090315635,-0.17114081684633742,-8.584005826981404e-16,0.0,-1.0,-1.0
12.9,3.47607762706939,4.698894223044979,3.141592653589793,-2.0674950954142304,-0.17789863605809447,-1.007502285736869e-15,0.0,-1.0,-1.0
12.92,3.431449120071258,4.695898234161769,3.141592653589793,-2.028070081796897,-0.1846564552698515,-1.1566039887755975e-15,0.0,-1.0,-1.0
12.94,3.3868206130731267,4.692902245278558,3.141592653589793,-1.9886450681795635,-0.19141427448160855,-1.3057056918143263e-15,0.0,-1.0,-1.0
12.96,3.3425866255783503,4.689838632031153,3.141592653589793,-1.9491871463361878,-0.19790318670242962,-1.431303512327323e-15,0.0,-1.0,-1.0
12.98,3.3035465598173634,4.6858847316067385,3.141592653589793,-1.909295981651868,-0.20085188899015594,-1.247468401795589e-15,0.0,-1.0,-1.0
13.0,3.2645064940563766,4.681930831182324,3.141592653589793,-1.8694048169675481,-0.20380059127788228,-1.063633291263855e-15,0.0,-1.0,-1.0
13.02,3.2254664282953898,4.677976930757909,3.141592653589793,-1.8295136522832283,-0.2067492935656086,-8.797981807321212e-16,0.0,-1.0,-1.0
13.040000000000001,3.1864263625343994,4.674023030333495,3.141592653589793,-1.789622487598905,-0.20969799585333518,-6.95963070200371e-16,0.0,-1.0,-1.0
13.06,3.1473862967734125,4.670069129909081,3.141592653589793,-1.7497313229145852,-0.21264669814106152,-5.121279596686371e-16,0.0,-1.0,-1.0
13.08,3.1083462310124257,4.6661152294846655,3.141592653589793,-1.7098401582302654,-0.21559540042878783,-3.282928491369031e-16,0.0,-1.0,-1.0
13.1,3.0693061652514384,4.662161329060251,3.141592653589793,-1.6699489935459457,-0.21854410271651417,-1.4445773860516928e-16,0.0,-1.0,-1.0
13.120000000000001,3.0358254213388243,4.657796490896058,3.141592653589793,-1.6299549047247397,-0.21916004845209364,-3.2011661591273473e-16,0.0,-1.0,-1.0
13.14,3.0024398730850064,4.653424615994305,3.141592653589793,-1.589959053470765,-0.2197360489744181,-5.019313280393519e-16,0.0,-1.0,-1.0
13.16,2.9690543248311885,4.649052741092551,3.141592653589793,-1.5499632022167904,-0.22031204949674257,-6.837460401659691e-16,0.0,-1.0,-1.0
13.18,2.9356687765773706,4.6446808661907975,3.141592653589793,-1.5099673509628158,-0.22088805001906703,-8.655607522925862e-16,0.0,-1.0,-1.0
13.200000000000001,2.90228322832355,4.640308991289044,3.141592653589793,-1.4699714997088376,-0.22146405054139157,-1.0473754644192194e-15,0.0,-1.0,-1.0
13.22,2.868897680069732,4.63593711638729,3.141592653589793,-1.4299756484548631,-0.22204005106371602,-1.2291901765458366e-15,0.0,-1.0,-1.0
13.24,2.835512131815914,4.631565241485537,3.141592653589793,-1.3899797972008885,-0.22261605158604048,-1.4110048886724537e-15,0.0,-1.0,-1.0
13.26,2.807204817503626,4.62712023236333,3.141592653589793,-1.3499920684913052,-0.2217551650277641,-1.172558404411994e-15,0.0,-1.0,-1.0
13.280000000000001,2.7794886259336584,4.622666710182952,3.141592653589793,-1.3100052852719755,-0.2207270201979562,-8.851921669931494e-16,0.0,-1.0,-1.0
13.3,2.7517724343636933,4.618213188002574,3.141592653589793,-1.2700185020526493,-0.2196988753681484,-5.978259295743302e-16,0.0,-1.0,-1.0
13.32,2.724056242793728,4.613759665822196,3.141592653589793,-1.2300317188333232,-0.21867073053834057,-3.1045969215551093e-16,0.0,-1.0,-1.0
13.34,2.6963400512237623,4.6093061436418195,3.141592653589793,-1.1900449356139973,-0.21764258570853276,-2.3093454736691952e-17,0.0,-1.0,-1.0
13.36,2.6686238596537972,4.604852621461442,3.141592653589793,-1.1500581523946711,-0.21661444087872495,2.642727826821272e-16,0.0,-1.0,-1.0
13.38,2.6409076680838295,4.600399099281064,3.141592653589793,-1.1100713691753414,-0.21558629604891705,5.516390201009718e-16,0.0,-1.0,-1.0
13.4,2.6177729942169474,4.596063377617753,3.141592653589793,-1.0701219563467557,-0.21362710547622726,5.807732036810192e-16,0.0,-1.0,-1.0
13.42,2.5957248739494463,4.591755593547206,3.141592653589793,-1.0301814062870602,-0.2114471079202019,5.486650248480315e-16,0.0,-1.0,-1.0
13.44,2.573676753681945,4.58744780947666,3.141592653589793,-0.9902408562273647,-0.20926711036417653,5.165568460150436e-16,0.0,-1.0,-1.0
13.46,2.5516286334144422,4.583140025406113,3.141592653589793,-0.9503003061676658,-0.20708711280815098,4.84448667182053e-16,0.0,-1.0,-1.0
13.48,2.529580513146941,4.578832241335566,3.141592653589793,-0.9103597561079703,-0.2049071152521256,4.523404883490653e-16,0.0,-1.0,-1.0
13.5,2.50753239287944,4.57452445726502,3.141592653589793,-0.8704192060482748,-0.20272711769610025,4.202323095160774e-16,0.0,-1.0,-1.0
13.52,2.485484272611939,4.570216673194473,3.141592653589793,-0.8304786559885794,-0.20054712014007486,3.881241306830897e-16,0.0,-1.0,-1.0
13.540000000000001,2.4675173809448174,4.566131646906709,3.141592653589793,-0.7905789341324359,-0.19774339933640575,3.6337488353275533e-16,0.0,-1.0,-1.0
13.56,2.4511307784932472,4.562132874479309,3.141592653589793,-0.7506950213318736,-0.19469816715999816,3.414750823494979e-16,0.0,-1.0,-1.0
13.58,2.4347441760416766,4.558134102051909,3.141592653589793,-0.7108111085313114,-0.1916529349835906,3.1957528116624044e-16,0.0,-1.0,-1.0
13.6,2.4183575735901064,4.554135329624509,3.141592653589793,-0.670927195730749,-0.188607702807183,2.97675479982983e-16,0.0,-1.0,-1.0
13.620000000000001,2.4019709711385344,4.550136557197108,3.141592653589793,-0.6310432829301833,-0.18556247063077516,2.757756787997236e-16,0.0,-1.0,-1.0
13.64,2.385584368686964,4.546137784769709,3.141592653589793,-0.5911593701296209,-0.18251723845436757,2.5387587761646614e-16,0.0,-1.0,-1.0
13.66,2.3691977662353936,4.542139012342308,3.141592653589793,-0.5512754573290587,-0.17947200627796,2.319760764332087e-16,0.0,-1.0,-1.0
13.68,2.3563923150591504,4.538413669383745,3.141592653589793,-0.5120973675064172,-0.17211982657346178,2.0869348972577985e-16,0.0,-1.0,-1.0
13.700000000000001,2.3456592021702396,4.534846554412104,3.141592653589793,-0.47332772286488,-0.1622753052788455,1.846107135919334e-16,0.0,-1.0,-1.0
13.72,2.33492608928133,4.531279439440462,3.141592653589793,-0.43455807822334624,-0.15243078398423013,1.605279374580891e-16,0.0,-1.0,-1.0
13.74,2.3241929763924203,4.527712324468822,3.141592653589793,-0.3957884335818124,-0.14258626268961477,1.3644516132424477e-16,0.0,-1.0,-1.0
13.76,2.3134598635035104,4.52414520949718,3.141592653589793,-0.3570187889402786,-0.1327417413949994,1.1236238519040043e-16,0.0,-1.0,-1.0
13.780000000000001,2.3027267506146,4.520578094525539,3.141592653589793,-0.3182491442987414,-0.12289722010038312,8.827960905655398e-17,0.0,-1.0,-1.0
13.8,2.29199363772569,4.5170109795538975,3.141592653589793,-0.27947949965720764,-0.11305269880576775,6.419683292270965e-17,0.0,-1.0,-1.0
13.82,2.2842611460631166,4.514205792627583,3.141592653589793,-0.24170356147002256,-0.10021820826617767,4.9160115130017335e-17,0.0,-1.0,-1.0
13.84,2.27902357676405,4.5120341249548765,3.141592653589793,-0.20475385900827844,-0.08489765215122923,4.164491090219501e-17,0.0,-1.0,-1.0
13.86,2.273786007464983,4.50986245728217,3.141592653589793,-0.1678041565465343,-0.06957709603628079,3.4129706674372694e-17,0.0,-1.0,-1.0
13.88,2.2685484381659156,4.507690789609464,3.141592653589793,-0.1308544540847869,-0.05425653992133099,2.6614502446549702e-17,0.0,-1.0,-1.0
13.9,2.263310868866849,4.505519121936757,3.141592653589793,-0.09390475162304279,-0.03893598380638255,1.9099298218727382e-17,0.0,-1.0,-1.0
13.92,2.2580732995677817,4.503347454264051,3.141592653589793,-0.056955049161298676,-0.023615427691434113,1.1584093990905059e-17,0.0,-1.0,-1.0
13.94,2.252835730268715,4.501175786591345,3.141592653589793,-0.020005346699554533,-0.008294871576485674,4.068889763082736e-18,1.0,0.0,4.0
