0.0,1.9,5.0,4.71238898038469,1.1190763291375909e-20,-2.014350422855709e-21,1.8026424262542516e-26,6.0,0.0,1.0
0.02,1.9,5.0,4.71238898038469,-0.004868038414133154,-0.03970267063556822,6.698867350180946e-16,0.0,-1.0,-1.0
0.04,1.9,5.0,4.71238898038469,-0.009736076828266308,-0.07940534127113644,1.3397734700181628e-15,0.0,-1.0,-1.0
0.06,1.8999140473776588,4.999298988963365,4.71238898038469,-0.01209428000328908,-0.11917571464778154,1.9778954435859594e-15,0.0,-1.0,-1.0
0.08,1.8996541659649826,4.9971794522518564,4.71238898038469,-0.009373724727562174,-0.15908308740312094,2.5517400701605023e-15,0.0,-1.0,-1.0
0.1,1.8993942845523064,4.995059915540348,4.71238898038469,-0.006653169451835269,-0.1989904601584603,3.125584696735045e-15,0.0,-1.0,-1.0
0.12,1.8992304742221813,4.991531128101028,4.71238898038469,0.0023111489013664015,-0.23770691350200127,4.101177899169755e-15,0.0,-1.0,-1.0
0.14,1.8991158303134381,4.987281126605646,4.71238898038469,0.01447084590886306,-0.2758138884876631,5.282374486577266e-15,0.0,-1.0,-1.0
0.16,1.8990011864046952,4.983031125110264,4.71238898038469,0.026630542916359703,-0.3139208634733248,6.463571073984773e-15,0.0,-1.0,-1.0
0.18,1.8995306363315512,4.9767626138060885,4.71238898038469,0.04745960904630138,-0.3480593509441153,1.6042510493475385e-15,0.0,-1.0,-1.0
0.2,1.9000651407998728,4.970478262198895,4.71238898038469,0.06835670825354997,-0.3821666956161533,-3.302472070928683e-15,0.0,-1.0,-1.0
0.22,1.90095992883474,4.96360587128242,4.71238898038469,0.0916860810795431,-0.41434665398271764,-6.095609074733619e-15,0.0,-1.0,-1.0
0.24,1.9026100300179618,4.955500690798802,4.71238898038469,0.12011457142079629,-0.44248596116876787,-4.45773802769588e-15,0.0,-1.0,-1.0
0.26,1.9042601312011835,4.947395510315183,4.71238898038469,0.1485430617620495,-0.4706252683548181,-2.819866980658139e-15,0.0,-1.0,-1.0
0.28,1.9069023117044837,4.938308342240753,4.71238898038469,0.18082225562221171,-0.49380175590859915,-1.4254219573554598e-15,0.0,-1.0,-1.0
0.3,1.910070074746882,4.928700938010912,4.71238898038469,0.2151414703676221,-0.514349047096097,-1.599388678900509e-16,0.0,-1.0,-1.0
0.32,1.9132378377892805,4.919093533781069,4.71238898038469,0.2494606851130326,-0.5348963382835948,1.1055442215753618e-15,0.0,-1.0,-1.0
0.34,1.918209208828868,4.908406289613709,4.71238898038469,0.28762909926452407,-0.5468024834468669,-1.189826592481043e-15,0.0,-1.0,-1.0
0.36,1.9232091114830001,4.897701963255033,4.71238898038469,0.32585840462626225,-0.5585719326939693,-3.5415272249809075e-15,0.0,-1.0,-1.0
0.38,1.9288522283623262,4.8867996140155645,4.71238898038469,0.36462468739640885,-0.5673608423133304,-4.109204814998008e-15,0.0,-1.0,-1.0
0.4,1.9358930117650972,4.875466972751262,4.71238898038469,0.40455779036141715,-0.5696732153507481,-8.003056971840424e-16,0.0,-1.0,-1.0
0.42,1.9429337951678682,4.8641343314869605,4.71238898038469,0.4444908933264254,-0.5719855883881657,2.5085934206299135e-15,0.0,-1.0,-1.0
0.44,1.9513515391350489,4.852721955710529,4.71238898038469,0.48403592666200024,-0.568103429866539,1.610362961004275e-15,0.0,-1.0,-1.0
0.46,1.9605241609351836,4.841265867850192,4.71238898038469,0.523368212320936,-0.5608253029487786,-1.5943016409355594e-15,0.0,-1.0,-1.0
0.48,1.9696967827353182,4.829809779989854,4.71238898038469,0.5627004979798715,-0.5535471760310184,-4.798966242875386e-15,0.0,-1.0,-1.0
0.5,1.980920119235002,4.818733160589215,4.71238898038469,0.6002833701437424,-0.5398913526093697,0.01783224116919014,0.0,-1.0,-1.0
0.52,1.99219250465474,4.807665617301478,4.71238898038469,0.6378243998988767,-0.5260829876732834,0.0360909932380659,0.0,-1.0,-1.0
0.54,2.004080918900674,4.796824662120107,4.712688597035542,0.6754034351553199,-0.512379411464684,0.05960699483091128,2.0,-1.0,-1.0
0.56,2.017357441308682,4.786494281747092,4.713663344947881,0.7130681088499777,-0.4989119574661702,0.09496924559904903,0.0,-1.0,-1.0
0.58,2.03063396371669,4.776163901374076,4.714638092860221,0.7507327825446355,-0.4854445034676564,0.13033149636718658,0.0,-1.0,-1.0
0.6,2.043910486124698,4.765833521001061,4.71561284077256,0.7883974562392934,-0.47197704946914254,0.1656937471353243,0.0,-1.0,-1.0
0.62,2.057187008532706,4.755503140628045,4.716587588684899,0.8260621299339512,-0.4585095954706287,0.20105599790346207,0.0,-1.0,-1.0
0.64,2.070463530940714,4.74517276025503,4.717562336597238,0.8637268036286091,-0.44504214147211485,0.23641824867159983,0.0,-1.0,-1.0
0.66,2.083740053348722,4.734842379882014,4.7185370845095775,0.901391477323267,-0.43157468747360095,0.27178049943973753,0.0,-1.0,-1.0
0.68,2.09701657575673,4.724511999508999,4.719511832421917,0.9390561510179248,-0.4181072334750871,0.3071427502078753,0.0,-1.0,-1.0
0.7000000000000001,2.110293098164738,4.714181619135983,4.7204865803342555,0.9767208247125827,-0.40463977947657326,0.34250500097601305,0.0,-1.0,-1.0
0.72,2.1254596922718476,4.704527056476614,4.723235860794925,1.0144312240806714,-0.39130275985831053,0.3651673978890901,0.0,-1.0,-1.0
0.74,2.145538080456397,4.6966287644629,4.730596679783605,1.0522604523228463,-0.3783047045326277,0.3548262494978945,0.0,-1.0,-1.0
0.76,2.165616468640946,4.688730472449184,4.737957498772285,1.090089680565021,-0.36530664920694494,0.3444851011066989,0.0,-1.0,-1.0
0.78,2.1856948568254952,4.68083218043547,4.745318317760964,1.127918908807196,-0.3523085938812621,0.33414395271550323,0.0,-1.0,-1.0
0.8,2.2057732450100445,4.672933888421754,4.752679136749645,1.1657481370493707,-0.33931053855557936,0.32380280432430764,0.0,-1.0,-1.0
0.8200000000000001,2.2258516331945937,4.66503559640804,4.760039955738325,1.2035773652915454,-0.3263124832298966,0.31346165593311204,0.0,-1.0,-1.0
0.84,2.245930021379143,4.6571373043943245,4.767400774727005,1.24140659353372,-0.3133144279042138,0.3031205075419165,0.0,-1.0,-1.0
0.86,2.266008409563692,4.64923901238061,4.774761593715684,1.2792358217758948,-0.30031637257853105,0.2927793591507209,0.0,-1.0,-1.0
0.88,2.2860867977482413,4.641340720366895,4.782122412704364,1.3170650500180696,-0.2873183172528483,0.2824382107595253,0.0,-1.0,-1.0
0.9,2.3078619621961627,4.634025437649733,4.789019394180583,1.3549511779326822,-0.2744908710272217,0.25986221068115656,0.0,-1.0,-1.0
0.92,2.3347719330732737,4.628474465259655,4.79451270453498,1.3930094963771602,-0.26217972428241515,0.20026094306478875,0.0,-1.0,-1.0
0.9400000000000001,2.3616819039503847,4.622923492869577,4.8000060148893775,1.4310678148216383,-0.24986857753760863,0.14065967544842092,0.0,-1.0,-1.0
0.96,2.3885918748274957,4.617372520479499,4.805499325243774,1.4691261332661159,-0.2375574307928022,0.08105840783205343,0.0,-1.0,-1.0
0.98,2.4155018457046067,4.611821548089421,4.810992635598172,1.507184451710594,-0.22524628404799568,0.02145714021568562,0.0,-1.0,-1.0
1.0,2.4424118165817177,4.606270575699344,4.816485945952569,1.545242770155072,-0.21293513730318914,-0.03814412740068224,0.0,-1.0,-1.0
1.02,2.4693217874588287,4.600719603309265,4.8219792563069666,1.58330108859955,-0.20062399055838265,-0.09774539501705004,0.0,-1.0,-1.0
1.04,2.49623175833594,4.595168630919187,4.827472566661364,1.6213594070440278,-0.1883128438135761,-0.1573466626334179,0.0,-1.0,-1.0
1.06,2.523141729213051,4.589617658529109,4.832965877015761,1.6594177254885059,-0.1760016970687696,-0.2169479302497857,0.0,-1.0,-1.0
1.08,2.5515559782449873,4.584553291692456,4.836103411063173,1.6975500881415846,-0.16393121343498188,-0.273729172130617,0.0,-1.0,-1.0
1.1,2.585338903228612,4.581225590062463,4.830833324773682,1.735946710008162,-0.15271964160047855,-0.3204459160986423,0.0,-1.0,-1.0
1.12,2.619121828212237,4.577897888432469,4.82556323848419,1.7743433318747395,-0.14150806976597521,-0.36716266006666765,0.0,-1.0,-1.0
1.1400000000000001,2.6529047531958616,4.574570186802476,4.8202931521947,1.8127399537413167,-0.13029649793147188,-0.41387940403469303,0.0,-1.0,-1.0
1.16,2.6866876781794864,4.571242485172483,4.8150230659052085,1.8511365756078937,-0.11908492609696868,-0.46059614800271786,0.0,-1.0,-1.0
1.18,2.720470603163111,4.5679147835424905,4.809752979615717,1.8895331974744711,-0.10787335426246536,-0.5073128919707431,0.0,-1.0,-1.0
1.2,2.754253528146736,4.564587081912498,4.804482893326226,1.9279298193410483,-0.09666178242796203,-0.5540296359387685,0.0,-1.0,-1.0
1.22,2.7880364531303607,4.561259380282505,4.799212807036734,1.9663264412076258,-0.0854502105934587,-0.6007463799067938,0.0,-1.0,-1.0
1.24,2.8218193781139855,4.557931678652511,4.793942720747243,2.004723063074203,-0.07423863875895537,-0.6474631238748192,0.0,-1.0,-1.0
1.26,2.856915376805862,4.554987386278031,4.787075032240226,2.043119856247721,-0.06302765403808294,-0.6815770392464562,0.0,-1.0,-1.0
1.28,2.8976323501321413,4.553684383106348,4.773368366237777,2.0815173827479074,-0.051819182619248394,-0.6617410663392617,0.0,-1.0,-1.0
1.3,2.9383493234584206,4.5523813799346655,4.759661700235327,2.1199149092480933,-0.040610711200413846,-0.6419050934320673,0.0,-1.0,-1.0
1.32,2.9790662967847,4.551078376762983,4.745955034232877,2.1583124357482797,-0.029402239781579298,-0.6220691205248727,0.0,-1.0,-1.0
1.34,3.0197832701109797,4.5497753735913005,4.732248368230428,2.196709962248466,-0.01819376836274475,-0.6022331476176782,0.0,-1.0,-1.0
1.36,3.060500243437259,4.548472370419618,4.718541702227978,2.235107488748652,-0.006985296943910202,-0.5823971747104837,0.0,-1.0,-1.0
1.3800000000000001,3.1012172167635383,4.547169367247935,4.7048350362255285,2.2735050152488383,0.004223174474924346,-0.5625612018032892,0.0,-1.0,-1.0
1.4000000000000001,3.1419341900898177,4.545866364076253,4.691128370223078,2.3119025417490247,0.015431645893758894,-0.5427252288960946,0.0,-1.0,-1.0
1.42,3.1826511634160966,4.5445633609045695,4.677421704220629,2.35030006824921,0.026640117312593317,-0.5228892559889005,0.0,-1.0,-1.0
1.44,3.224476660472264,4.5435839425487865,4.664287696112508,2.3886979128919354,0.037847497811085117,-0.4966669270386141,0.0,-1.0,-1.0
1.46,3.2721278455090377,4.544305077931155,4.654163209697106,2.427097429487289,0.04904914513368071,-0.4368820169391831,0.0,-1.0,-1.0
1.48,3.3197790305458117,4.545026213313524,4.644038723281706,2.4654969460826432,0.06025079245627629,-0.37709710683975217,0.0,-1.0,-1.0
1.5,3.3674302155825853,4.545747348695892,4.633914236866304,2.503896462677997,0.07145243977887189,-0.3173121967403212,0.0,-1.0,-1.0
1.52,3.4150814006193593,4.546468484078261,4.623789750450903,2.542295979273351,0.08265408710146747,-0.25752728664089025,0.0,-1.0,-1.0
1.54,3.462732585656133,4.54718961946063,4.613665264035501,2.5806954958687047,0.09385573442406306,-0.19774237654145932,0.0,-1.0,-1.0
1.56,3.510383770692907,4.547910754842999,4.6035407776201005,2.619095012464059,0.10505738174665866,-0.1379574664420284,0.0,-1.0,-1.0
1.58,3.5580349557296804,4.5486318902253675,4.593416291204699,2.6574945290594125,0.11625902906925425,-0.0781725563425974,0.0,-1.0,-1.0
1.6,3.6056861407664544,4.5493530256077355,4.583291804789297,2.6958940456547666,0.12746067639184983,-0.018387646243166467,0.0,-1.0,-1.0
1.62,3.654241315468633,4.550337866742493,4.5745747564269985,2.73165386860619,0.13540455674353138,0.03762040592143416,0.0,-1.0,-1.0
1.6400000000000001,3.708827071607312,4.5530819083149465,4.57524683066298,2.7498041014302648,0.12161563441936989,0.06843276147384567,0.0,-1.0,-1.0
1.6600000000000001,3.7634128277459906,4.555825949887399,4.575918904898961,2.767954334254339,0.1078267120952084,0.09924511702625716,0.0,-1.0,-1.0
1.68,3.8179985838846693,4.558569991459853,4.576590979134942,2.7861045670784135,0.09403778977104706,0.13005747257866832,0.0,-1.0,-1.0
1.7,3.872584340023348,4.561314033032307,4.577263053370924,2.804254799902488,0.08024886744688556,0.16086982813107983,0.0,-1.0,-1.0
1.72,3.927170096162027,4.56405807460476,4.577935127606906,2.822405032726562,0.06645994512272406,0.19168218368349133,0.0,-1.0,-1.0
1.74,3.981755852300706,4.566802116177214,4.578607201842886,2.8405552655506368,0.05267102279856256,0.22249453923590282,0.0,-1.0,-1.0
1.76,4.036341608439385,4.5695461577496665,4.579279276078868,2.8587054983747113,0.03888210047440108,0.2533068947883143,0.0,-1.0,-1.0
1.78,4.090927364578064,4.57229019932212,4.5799513503148495,2.876855731198786,0.02509317815023958,0.28411925034072577,0.0,-1.0,-1.0
1.8,4.145843704024558,4.5747830932868645,4.581184632250964,2.891857899564304,0.010388804854866249,0.3091662315475135,0.0,-1.0,-1.0
1.82,4.203707211843317,4.575036992514997,4.587421111701912,2.878794900128589,-0.012476864201472248,0.282814583349789,0.0,-1.0,-1.0
1.84,4.2615707196620765,4.57529089174313,4.593657591152859,2.8657319006928743,-0.03534253325781074,0.25646293515206453,0.0,-1.0,-1.0
1.86,4.319434227480835,4.5755447909712625,4.599894070603807,2.8526689012571596,-0.058208202314149235,0.23011128695434005,0.0,-1.0,-1.0
1.8800000000000001,4.377297735299594,4.575798690199394,4.606130550054756,2.839605901821445,-0.08107387137048773,0.20375963875661557,0.0,-1.0,-1.0
1.9000000000000001,4.435161243118354,4.576052589427527,4.6123670295057035,2.82654290238573,-0.10393954042682622,0.1774079905588911,0.0,-1.0,-1.0
1.92,4.493024750937112,4.57630648865566,4.618603508956651,2.8134799029500153,-0.12680520948316448,0.1510563423611669,0.0,-1.0,-1.0
1.94,4.550888258755871,4.5765603878837915,4.624839988407599,2.8004169035143005,-0.14967087853950298,0.12470469416344243,0.0,-1.0,-1.0
1.96,4.60875176657463,4.576814287111924,4.631076467858547,2.7873539040785857,-0.17253654759584147,0.09835304596571798,0.0,-1.0,-1.0
1.98,4.666446947828439,4.576773545010056,4.636973386518443,2.772385640303564,-0.19407977387636532,0.07601867106875011,0.0,-1.0,-1.0
2.0,4.721951407762671,4.572898131634211,4.6384510201744,2.732620914907746,-0.19841179179085736,0.105967940581293,0.0,-1.0,-1.0
2.02,4.7774558676969034,4.569022718258367,4.6399286538303555,2.6928561895119283,-0.2027438097053494,0.1359172100938359,0.0,-1.0,-1.0
2.04,4.8329603276311355,4.565147304882522,4.641406287486312,2.6530914641161107,-0.20707582761984142,0.16586647960637876,0.0,-1.0,-1.0
2.06,4.888464787565368,4.561271891506678,4.6428839211422686,2.6133267387202928,-0.21140784553433345,0.19581574911892163,0.0,-1.0,-1.0
2.08,4.9439692474996,4.557396478130833,4.644361554798224,2.573562013324475,-0.2157398634488255,0.22576501863146453,0.0,-1.0,-1.0
2.1,4.9994737074338325,4.553521064754989,4.645839188454181,2.5337972879286577,-0.22007188136331754,0.25571428814400743,0.0,-1.0,-1.0
2.12,5.054978167368065,4.549645651379145,4.647316822110137,2.4940325625328397,-0.22440389927780957,0.28566355765655027,0.0,-1.0,-1.0
2.14,5.110482627302297,4.545770238003301,4.648794455766093,2.454267837137022,-0.2287359171923016,0.31561282716909317,0.0,-1.0,-1.0
2.16,5.165686554176478,4.5418620841876045,4.650498439422542,2.414602131146693,-0.2322928075218503,0.34271288300995467,0.0,-1.0,-1.0
2.18,5.214009899866205,4.537204351425833,4.657384613531582,2.3772034338448083,-0.21810346961416116,0.30458136008044795,0.0,-1.0,-1.0
2.2,5.262333245555931,4.532546618664061,4.664270787640622,2.3398047365429235,-0.20391413170647202,0.26644983715094117,0.0,-1.0,-1.0
2.22,5.310656591245658,4.52788888590229,4.671156961749663,2.302406039241039,-0.18972479379878288,0.22831831422143448,0.0,-1.0,-1.0
2.24,5.358979936935385,4.523231153140519,4.678043135858704,2.2650073419391537,-0.17553545589109373,0.19018679129192775,0.0,-1.0,-1.0
2.2600000000000002,5.4073032826251115,4.518573420378748,4.684929309967744,2.227608644637269,-0.1613461179834046,0.152055268362421,0.0,-1.0,-1.0
2.2800000000000002,5.455626628314838,4.513915687616976,4.691815484076784,2.190209947335384,-0.14715678007571548,0.11392374543291428,0.0,-1.0,-1.0
2.3000000000000003,5.5039499740045645,4.5092579548552045,4.698701658185825,2.1528112500334995,-0.1329674421680263,0.07579222250340756,0.0,-1.0,-1.0
2.32,5.55227331969429,4.504600222093433,4.7055878322948645,2.115412552731615,-0.11877810426033748,0.03766069957390167,0.0,-1.0,-1.0
2.34,5.600513273426101,4.499974128847341,4.71238898038469,2.077997681389544,-0.1046394835203527,4.000177979573538e-15,0.0,-1.0,-1.0
2.36,5.64208278603268,4.497878849505145,4.71238898038469,2.0392890643972463,-0.09455767940468617,3.4964399201484223e-15,0.0,-1.0,-1.0
2.38,5.6836522986392595,4.49578357016295,4.71238898038469,2.0005804474049484,-0.08447587528901965,2.9927018607233073e-15,0.0,-1.0,-1.0
2.4,5.725221811245839,4.493688290820755,4.71238898038469,1.9618718304126508,-0.07439407117335313,2.4889638012981923e-15,0.0,-1.0,-1.0
2.42,5.766791323852419,4.491593011478559,4.71238898038469,1.923163213420353,-0.06431226705768661,1.9852257418730773e-15,0.0,-1.0,-1.0
2.44,5.8083608364589985,4.489497732136364,4.71238898038469,1.884454596428055,-0.05423046294202008,1.4814876824479624e-15,0.0,-1.0,-1.0
2.46,5.846758940761673,4.488228457952067,4.71238898038469,1.845223189374196,-0.04653310535833629,8.687370777742659e-16,0.0,-1.0,-1.0
2.48,5.884280374347425,4.48718751593587,4.71238898038469,1.8058472677406454,-0.03949487906597348,2.2585219298310444e-16,0.0,-1.0,-1.0
2.5,5.921801807933176,4.4861465739196715,4.71238898038469,1.766471346107095,-0.03245665277361068,-4.1703269180805687e-16,0.0,-1.0,-1.0
2.52,5.959323241518927,4.485105631903474,4.71238898038469,1.7270954244735446,-0.025418426481247865,-1.059917576599218e-15,0.0,-1.0,-1.0
2.54,5.996844675104678,4.484064689887276,4.71238898038469,1.687719502839994,-0.01838020018888506,-1.7028024613903795e-15,0.0,-1.0,-1.0
2.56,6.032082656444891,4.483431902219349,4.71238898038469,1.6481533213064603,-0.012620424028001623,-2.1300007971882e-15,0.0,-1.0,-1.0
2.58,6.0654862254651825,4.483127005518427,4.71238898038469,1.6084342944024141,-0.007887691316866074,-2.3839272533187226e-15,0.0,-1.0,-1.0
2.6,6.0988897944854745,4.482822108817504,4.71238898038469,1.568715267498368,-0.003154958605730524,-2.637853709449245e-15,0.0,-1.0,-1.0
2.62,6.132293363505766,4.482517212116581,4.71238898038469,1.5289962405943218,0.0015777741054050255,-2.8917801655797676e-15,0.0,-1.0,-1.0
2.64,6.165696932526057,4.482212315415659,4.71238898038469,1.4892772136902757,0.006310506816540575,-3.14570662171029e-15,0.0,-1.0,-1.0
2.66,6.19774799444777,4.482068577108746,4.71238898038469,1.4495019994423899,0.010460479938906858,-3.3083998413083297e-15,0.0,-1.0,-1.0
2.68,6.22699781755743,4.482258621263058,4.71238898038469,1.409610413037585,0.013403473238487874,-3.282135765678231e-15,0.0,-1.0,-1.0
2.7,6.256247640667088,4.48244866541737,4.71238898038469,1.3697188266327802,0.016346466538068892,-3.2558716900481322e-15,0.0,-1.0,-1.0
2.72,6.285497463776747,4.482638709571682,4.71238898038469,1.3298272402279756,0.01928945983764991,-3.2296076144180337e-15,0.0,-1.0,-1.0
2.74,6.314747286886406,4.482828753725994,4.71238898038469,1.2899356538231708,0.022232453137230924,-3.2033435387879348e-15,0.0,-1.0,-1.0
2.7600000000000002,6.343593700054757,4.483048559362897,4.71238898038469,1.2500363828201568,0.02503797820683753,-3.1051394166096584e-15,0.0,-1.0,-1.0
2.7800000000000002,6.368671731284975,4.4835463765755135,4.71238898038469,1.2100653275150521,0.026559368351007875,-2.3349201944535873e-15,0.0,-1.0,-1.0
2.8000000000000003,6.393749762515193,4.484044193788131,4.71238898038469,1.1700942722099477,0.028080758495178226,-1.5647009722975167e-15,0.0,-1.0,-1.0
2.82,6.418827793745411,4.484542011000749,4.71238898038469,1.130123216904844,0.02960214863934854,-7.944817501414628e-16,0.0,-1.0,-1.0
2.84,6.443905824975629,4.485039828213366,4.71238898038469,1.0901521615997394,0.03112353878351889,-2.4262527985392093e-17,0.0,-1.0,-1.0
2.86,6.468983856205847,4.485537645425984,4.71238898038469,1.050181106294635,0.03264492892768924,7.459566941706782e-16,0.0,-1.0,-1.0
2.88,6.49043444680947,4.486173531357972,4.71238898038469,1.0101864113184311,0.03316629963938426,8.581840993648675e-16,0.0,-1.0,-1.0
2.9,6.511332375442554,4.486830452873549,4.71238898038469,0.9701881146989318,0.03353531149341091,8.701625710565404e-16,0.0,-1.0,-1.0
2.92,6.532230304075639,4.487487374389126,4.71238898038469,0.9301898180794326,0.03390432334743755,8.821410427482132e-16,0.0,-1.0,-1.0
2.94,6.553128232708723,4.4881442959047035,4.71238898038469,0.8901915214599333,0.0342733352014642,8.94119514439886e-16,0.0,-1.0,-1.0
2.96,6.5740261613418065,4.4888012174202805,4.71238898038469,0.850193224840434,0.03464234705549085,9.060979861315589e-16,0.0,-1.0,-1.0
2.98,6.592251704842298,4.4894827935305734,4.71238898038469,0.8101965439456039,0.034403911507524795,7.393765131399505e-16,0.0,-1.0,-1.0
3.0,6.608966682029546,4.4901783056562214,4.71238898038469,0.770200776339516,0.03382211617532463,4.716448551548544e-16,0.0,-1.0,-1.0
3.02,6.625681659216794,4.4908738177818694,4.71238898038469,0.7302050087334282,0.03324032084312447,2.0391319716975818e-16,0.0,-1.0,-1.0
3.04,6.642396636404043,4.491569329907518,4.71238898038469,0.6902092411273403,0.03265852551092431,-6.381846081533804e-17,0.0,-1.0,-1.0
3.06,6.659111613591291,4.492264842033166,4.71238898038469,0.6502134735212525,0.032076730178724144,-3.3155011880043406e-16,0.0,-1.0,-1.0
3.08,6.6741118417621905,4.4929354106952095,4.71238898038469,0.6102257106808585,0.031168355158412608,-5.939480879560666e-16,0.0,-1.0,-1.0
3.1,6.686644131983372,4.493570079689232,4.71238898038469,0.5702494686314645,0.029789953097284737,-8.486695907899694e-16,0.0,-1.0,-1.0
3.12,6.6991764222045544,4.494204748683255,4.71238898038469,0.5302732265820705,0.02841155103615687,-1.1033910936238722e-15,0.0,-1.0,-1.0
3.14,6.711708712425736,4.4948394176772775,4.71238898038469,0.49029698453267656,0.027033148975029,-1.358112596457775e-15,0.0,-1.0,-1.0
3.16,6.724241002646918,4.4954740866713,4.71238898038469,0.4503207424832826,0.02565474691390113,-1.6128340992916775e-15,0.0,-1.0,-1.0
3.18,6.736016380696224,4.496082656931567,4.71238898038469,0.4103497604910719,0.02415389090106645,-1.6537202323511663e-15,0.0,-1.0,-1.0
3.2,6.744368025899686,4.496573175064633,4.71238898038469,0.3704025712600544,0.022099140219682463,-7.273670920803532e-16,0.0,-1.0,-1.0
3.22,6.752719671103147,4.497063693197698,4.71238898038469,0.3304553820290368,0.020044389538298475,1.989860481904604e-16,0.0,-1.0,-1.0
3.24,6.761071316306609,4.497554211330763,4.71238898038469,0.29050819279801926,0.017989638856914486,1.1253391884612736e-15,0.0,-1.0,-1.0
3.2600000000000002,6.769422961510069,4.498044729463828,4.71238898038469,0.2505610035670017,0.015934888175530494,2.0516923287320867e-15,0.0,-1.0,-1.0
3.2800000000000002,6.777774606713531,4.498535247596894,4.71238898038469,0.2106138143359842,0.013880137494146507,2.9780454690029003e-15,0.0,-1.0,-1.0
3.3000000000000003,6.782148587326115,4.498821167880004,4.71238898038469,0.17069911244555136,0.011272250565366617,2.472031735378373e-15,0.0,-1.0,-1.0
3.3200000000000003,6.786322625804456,4.499096803804076,4.71238898038469,0.13078604357068935,0.008636559572341156,1.8940183438530927e-15,0.0,-1.0,-1.0
3.34,6.790496664282797,4.499372439728149,4.71238898038469,0.09087297469582824,0.0060008685793157554,1.316004952327826e-15,0.0,-1.0,-1.0
3.36,6.794670702761137,4.499648075652222,4.71238898038469,0.05095990582096624,0.0033651775862902945,7.379915608025462e-16,0.0,-1.0,-1.0
3.38,6.798844741239478,4.499923711576295,4.71238898038469,0.011046836946104227,0.0007294865932648345,1.5997816927726597e-16,0.0,-1.0,-1.0
3.4,6.8,4.5,4.71238898038469,-0.028800738293203343,0.0027222145316511664,-0.025249242330354586,3.0,-1.0,-1.0
3.42,6.8,4.5,4.71238898038469,-0.06862324973080783,0.0064861951011310195,-0.06016113352061193,0.0,-1.0,-1.0
3.44,6.8,4.5,4.71238898038469,-0.10844576116841233,0.010250175670610873,-0.09507302471086927,0.0,-1.0,-1.0
3.46,6.8,4.5,4.71238898038469,-0.14826827260601683,0.014014156240090725,-0.1299849159011266,0.0,-1.0,-1.0
3.48,6.8,4.5,4.71238898038469,-0.1880907840436213,0.017778136809570577,-0.16489680709138393,0.0,-1.0,-1.0
3.5,6.8,4.5,4.71238898038469,-0.2279132954812258,0.02154211737905043,-0.1998086982816413,0.0,-1.0,-1.0
3.52,6.8,4.5,4.71238898038469,-0.2677358069188303,0.02530609794853028,-0.23472058947189864,0.0,-1.0,-1.0
3.54,6.8,4.5,4.71238898038469,-0.30755831835643477,0.029070078518010137,-0.26963248066215595,0.0,-1.0,-1.0
3.56,6.796704805950637,4.500311458165915,4.70950012551469,-0.34738144598804543,0.032827528048029235,-0.3155582650133003,0.0,-1.0,-1.0
3.58,6.790158069727014,4.500930248569876,4.703760684820485,-0.38720518165085804,0.03657853305613845,-0.3723520400135402,0.0,-1.0,-1.0
3.6,6.783611333503391,4.501549038973837,4.698021244126279,-0.42702891731367065,0.040329538064247675,-0.42914581501378013,0.0,-1.0,-1.0
3.62,6.777064597279767,4.5021678293777985,4.692281803432074,-0.4668526529764833,0.0440805430723569,-0.48593959001402,0.0,-1.0,-1.0
3.64,6.770517861056144,4.50278661978176,4.686542362737868,-0.506676388639296,0.04783154808046612,-0.5427333650142598,0.0,-1.0,-1.0
3.66,6.76397112483252,4.503405410185721,4.680802922043663,-0.5465001243021086,0.051582553088575345,-0.5995271400144997,0.0,-1.0,-1.0
3.68,6.757424388608897,4.504024200589682,4.675063481349457,-0.5863238599649212,0.05533355809668456,-0.6563209150147397,0.0,-1.0,-1.0
3.7,6.750877652385274,4.504642990993643,4.669324040655251,-0.6261475956277338,0.059084563104793784,-0.7131146900149795,0.0,-1.0,-1.0
3.72,6.7424752511670825,4.505436566825746,4.660938182732144,-0.6659717771182847,0.06283082385974705,-0.7693989183144682,0.0,-1.0,-1.0
3.74,6.729381577459813,4.506672014478963,4.645861966162992,-0.705797085697728,0.06656509075569186,-0.8243949709862809,0.0,-1.0,-1.0
3.7600000000000002,6.716287903752545,4.507907462132181,4.630785749593841,-0.7456223942771714,0.07029935765163667,-0.8793910236580935,0.0,-1.0,-1.0
3.7800000000000002,6.703194230045277,4.509142909785398,4.615709533024688,-0.7854477028566147,0.07403362454758149,-0.9343870763299063,0.0,-1.0,-1.0
3.8000000000000003,6.690100556338009,4.510378357438615,4.600633316455537,-0.8252730114360579,0.07776789144352629,-0.9893831290017189,0.0,-1.0,-1.0
3.8200000000000003,6.67700688263074,4.511613805091833,4.585557099886385,-0.8650983200155012,0.08150215833947111,-1.0443791816735315,0.0,-1.0,-1.0
3.84,6.663913208923471,4.51284925274505,4.570480883317234,-0.9049236285949437,0.08523642523541583,-1.099375234345343,0.0,-1.0,-1.0
3.86,6.650819535216203,4.514084700398267,4.555404666748082,-0.944748937174387,0.08897069213136065,-1.1543712870171556,0.0,-1.0,-1.0
3.88,6.637309810438041,4.515359159569448,4.5397539118407435,-0.9845743788968155,0.0927035346770909,-1.2089189079695113,0.0,-1.0,-1.0
3.9,6.617668940662977,4.517208512761864,4.51563646112575,-1.0244017826835305,0.09641538725715876,-1.2568582058443796,0.0,-1.0,-1.0
3.92,6.5980280708879135,4.519057865954281,4.491519010410756,-1.0642291864702456,0.10012723983722661,-1.3047975037192476,0.0,-1.0,-1.0
3.94,6.57838720111285,4.520907219146697,4.467401559695762,-1.1040565902569608,0.10383909241729447,-1.3527368015941157,0.0,-1.0,-1.0
3.96,6.558746331337786,4.522756572339113,4.443284108980769,-1.1438839940436758,0.10755094499736233,-1.400676099468984,0.0,-1.0,-1.0
3.98,6.539105461562722,4.52460592553153,4.419166658265776,-1.183711397830391,0.11126279757743018,-1.448615397343852,0.0,-1.0,-1.0
4.0,6.519464591787658,4.526455278723946,4.395049207550782,-1.223538801617106,0.11497465015749803,-1.49655469521872,0.0,-1.0,-1.0
4.0200000000000005,6.499823722012594,4.528304631916362,4.3709317568357875,-1.263366205403822,0.11868650273756598,-1.5444939930935895,0.0,-1.0,-1.0
4.04,6.480182852237531,4.530153985108778,4.346814306120795,-1.303193609190536,0.12239835531763374,-1.5924332909684564,0.0,-1.0,-1.0
4.0600000000000005,6.455018131946403,4.532518152646105,4.316047928030973,-1.3430234842329778,0.12608357590065505,-1.6166707400405906,0.0,-1.0,-1.0
4.08,6.428829721655924,4.5349777265118405,4.284049358657148,-1.3828538172530123,0.12976386099366607,-1.6365157194912179,0.0,-1.0,-1.0
4.1,6.402641311365444,4.537437300377575,4.252050789283323,-1.422684150273047,0.1334441460866771,-1.6563606989418453,0.0,-1.0,-1.0
4.12,6.376452901074963,4.5398968742433095,4.220052219909496,-1.4625144832930832,0.13712443117968828,-1.6762056783924735,0.0,-1.0,-1.0
4.14,6.3502644907844825,4.542356448109044,4.188053650535671,-1.5023448163131177,0.14080471627269928,-1.6960506578431007,0.0,-1.0,-1.0
4.16,6.3240760804940015,4.544816021974779,4.156055081161845,-1.542175149333154,0.14448500136571046,-1.715895637293729,0.0,-1.0,-1.0
4.18,6.297887670203521,4.547275595840514,4.1240565117880195,-1.5820054823531884,0.14816528645872148,-1.7357406167443563,0.0,-1.0,-1.0
4.2,6.27169925991304,4.549735169706248,4.0920579424141925,-1.6218358153732246,0.15184557155173267,-1.7555855961949844,0.0,-1.0,-1.0
4.22,6.241426461687936,4.552572137153461,4.058024376381157,-1.6616688831768,0.15549606220133882,-1.7516140177948636,0.0,-1.0,-1.0
4.24,6.208690029322306,4.555636742064749,4.022763334573113,-1.7015036005558355,0.1591285813435504,-1.7332766920734826,0.0,-1.0,-1.0
4.26,6.1759535969566794,4.558701346976037,3.9875022927650705,-1.7413383179348692,0.1627611004857618,-1.7149393663521024,0.0,-1.0,-1.0
4.28,6.143217164591051,4.561765951887326,3.9522412509570266,-1.7811730353139046,0.1663936196279734,-1.6966020406307216,0.0,-1.0,-1.0
4.3,6.110480732225423,4.564830556798614,3.916980209148984,-1.821007752692938,0.1700261387701848,-1.6782647149093415,0.0,-1.0,-1.0
4.32,6.077744299859795,4.567895161709903,3.88171916734094,-1.8608424700719735,0.17365865791239637,-1.6599273891879605,0.0,-1.0,-1.0
4.34,6.045007867494167,4.570959766621192,3.846458125532898,-1.900677187451007,0.17729117705460778,-1.6415900634665803,0.0,-1.0,-1.0
4.36,6.012271435128539,4.57402437153248,3.811197083724854,-1.9405119048300423,0.18092369619681936,-1.6232527377451995,0.0,-1.0,-1.0
4.38,5.976890192581144,4.577330156104248,3.777153541348597,-1.9803495620555283,0.1845236091259299,-1.5931807727194924,0.0,-1.0,-1.0
4.4,5.937605017361069,4.580991939440322,3.7449071169067287,-2.0201915587087367,0.1880753929070457,-1.545787624458,0.0,-1.0,-1.0
4.42,5.898319842140995,4.584653722776396,3.7126606924648624,-2.060033555361943,0.19162717668816132,-1.4983944761965096,0.0,-1.0,-1.0
4.44,5.85903466692092,4.588315506112471,3.6804142680229948,-2.099875552015151,0.19517896046927707,-1.451001327935017,0.0,-1.0,-1.0
4.46,5.819749491700846,4.591977289448545,3.648167843581128,-2.1397175486683575,0.1987307442503927,-1.4036081796735265,0.0,-1.0,-1.0
4.48,5.780464316480771,4.5956390727846195,3.6159214191392604,-2.1795595453215655,0.20228252803150848,-1.356215031412034,0.0,-1.0,-1.0
4.5,5.741179141260697,4.599300856120693,3.5836749946973936,-2.219401541974772,0.2058343118126241,-1.3088218831505436,0.0,-1.0,-1.0
4.5200000000000005,5.701893966040622,4.602962639456767,3.551428570255526,-2.25924353862798,0.20938609559373988,-1.261428734889051,0.0,-1.0,-1.0
4.54,5.661403787825916,4.606731844871353,3.5206155299403954,-2.299088190909727,0.21290737026453882,-1.212654382717745,0.0,-1.0,-1.0
4.5600000000000005,5.615568673054195,4.61097753391048,3.4961604383219536,-2.3389446225531287,0.2162933180857119,-1.1577535335143583,0.0,-1.0,-1.0
4.58,5.569733558282476,4.6152232229496075,3.4717053467035126,-2.3788010541965288,0.2196792659068848,-1.102852684310974,0.0,-1.0,-1.0
4.6000000000000005,5.523898443510754,4.619468911988735,3.4472502550850708,-2.418657485839931,0.22306521372805788,-1.0479518351075872,0.0,-1.0,-1.0
4.62,5.478063328739036,4.623714601027862,3.42279516346663,-2.458513917483331,0.2264511615492308,-0.9930509859042029,0.0,-1.0,-1.0
4.64,5.432228213967316,4.627960290066988,3.398340071848189,-2.498370349126731,0.22983710937040375,-0.9381501367008187,0.0,-1.0,-1.0
4.66,5.386393099195595,4.632205979106116,3.373884980229747,-2.538226780770133,0.23322305719157682,-0.883249287497432,0.0,-1.0,-1.0
4.68,5.340557984423876,4.636451668145242,3.349429888611306,-2.5780832124135333,0.23660900501274976,-0.8283484382940477,0.0,-1.0,-1.0
4.7,5.294722869652155,4.64069735718437,3.3249747969928642,-2.617939644056935,0.23999495283392283,-0.7734475890906609,0.0,-1.0,-1.0
4.72,5.242570814990144,4.645479693082638,3.3092210705002985,-2.64208561680224,0.22599130525976313,-0.7207121018542274,0.0,-1.0,-1.0
4.74,5.190183387585076,4.650282024745547,3.2937915617798774,-2.66564620898833,0.21133971155346948,-0.6680572972259408,0.0,-1.0,-1.0
4.76,5.13779596018001,4.655084356408455,3.2783620530594577,-2.6892068011744192,0.1966881178471765,-0.6154024925976564,0.0,-1.0,-1.0
4.78,5.085408532774941,4.659886688071363,3.2629325443390367,-2.712767393360509,0.18203652414088284,-0.5627476879693697,0.0,-1.0,-1.0
4.8,5.033021105369874,4.664689019734271,3.2475030356186165,-2.7363279855465983,0.16738493043458985,-0.5100928833410854,0.0,-1.0,-1.0
4.82,4.980633677964806,4.66949135139718,3.232073526898196,-2.759888577732688,0.1527333367282962,-0.4574380787127987,0.0,-1.0,-1.0
4.84,4.92824625055974,4.674293683060087,3.216644018177776,-2.783449169918777,0.13808174302200318,-0.40478327408451437,0.0,-1.0,-1.0
4.86,4.875858823154671,4.679096014722996,3.2012145094573548,-2.807009762104867,0.12343014931570954,-0.35212846945622767,0.0,-1.0,-1.0
4.88,4.820588938679171,4.682105836692672,3.1922269107150196,-2.8086047459902184,0.10720904866931212,-0.30799824746687926,0.0,-1.0,-1.0
4.9,4.764328200005013,4.6844994774973685,3.1854537399392293,-2.8026489790130444,0.09044842479553612,-0.2667983790936155,0.0,-1.0,-1.0
4.92,4.708067461330859,4.686893118302065,3.178680569163439,-2.7966932120358714,0.07368780092176087,-0.2255985107203535,0.0,-1.0,-1.0
4.94,4.651806722656701,4.689286759106761,3.1719073983876487,-2.7907374450586975,0.056927177047984875,-0.18439864234708972,0.0,-1.0,-1.0
4.96,4.5955459839825465,4.691680399911456,3.165134227611859,-2.784781678081524,0.04016655317420963,-0.14319877397382774,0.0,-1.0,-1.0
4.98,4.53928524530839,4.694074040716152,3.1583610568360685,-2.7788259111043505,0.02340592930043363,-0.10199890560056396,0.0,-1.0,-1.0
5.0,4.483024506634235,4.696467681520848,3.151587886060278,-2.772870144127177,0.0066453054266583655,-0.06079903722730201,0.0,-1.0,-1.0
5.0200000000000005,4.426763767960078,4.698861322325544,3.144814715284488,-2.7669143771500035,-0.010115318447117619,-0.01959916885403823,0.0,-1.0,-1.0
5.04,4.371016370140513,4.699810327389829,3.141592653589793,-2.7454560554978498,-0.027487189924158238,6.92403207503099e-16,0.0,-1.0,-1.0
5.0600000000000005,4.3157347467779195,4.699448557320016,3.141592653589793,-2.7099316529544937,-0.04541367052287948,5.474369388271688e-16,0.0,-1.0,-1.0
5.08,4.260453123415328,4.699086787250203,3.141592653589793,-2.6744072504111385,-0.06334015112159994,4.0247067015124484e-16,0.0,-1.0,-1.0
5.1000000000000005,4.205171500052733,4.69872501718039,3.141592653589793,-2.638882847867782,-0.08126663172032118,2.575044014753145e-16,0.0,-1.0,-1.0
5.12,4.149889876690142,4.698363247110577,3.141592653589793,-2.603358445324427,-0.09919311231904163,1.1253813279939065e-16,0.0,-1.0,-1.0
5.14,4.09460825332755,4.698001477040764,3.141592653589793,-2.5678340427810724,-0.11711959291776207,-3.242813587653319e-17,0.0,-1.0,-1.0
5.16,4.039326629964956,4.697639706970951,3.141592653589793,-2.532309640237716,-0.13504607351648332,-1.7739440455246353e-16,0.0,-1.0,-1.0
5.18,3.9863538273280255,4.696112849609551,3.141592653589793,-2.494731345502569,-0.14515157261596734,-2.654911024726224e-16,0.0,-1.0,-1.0
5.2,3.9360912924021108,4.693218325009283,3.141592653589793,-2.4547420373754076,-0.14607621441013346,-2.8683001376787624e-16,0.0,-1.0,-1.0
5.22,3.885828757476198,4.690323800409016,3.141592653589793,-2.414752729248248,-0.14700085620429956,-3.081689250631291e-16,0.0,-1.0,-1.0
5.24,3.835566222550283,4.687429275808747,3.141592653589793,-2.3747634211210866,-0.1479254979984657,-3.29507836358383e-16,0.0,-1.0,-1.0
5.26,3.7853036876243706,4.68453475120848,3.141592653589793,-2.3347741129939266,-0.14885013979263176,-3.508467476536359e-16,0.0,-1.0,-1.0
5.28,3.7350411526984555,4.681640226608212,3.141592653589793,-2.294784804866765,-0.14977478158679788,-3.721856589488897e-16,0.0,-1.0,-1.0
5.3,3.684778617772543,4.6787457020079435,3.141592653589793,-2.2547954967396056,-0.15069942338096398,-3.9352457024414264e-16,0.0,-1.0,-1.0
5.32,3.6367518973240376,4.675799480401485,3.141592653589793,-2.214804316006867,-0.15153134540035826,-4.235263995009814e-16,0.0,-1.0,-1.0
5.34,3.5921392779390513,4.672774317180863,3.141592653589793,-2.1748102757950645,-0.15222168381124834,-4.667565523618743e-16,0.0,-1.0,-1.0
5.36,3.5475266585540624,4.6697491539602405,3.141592653589793,-2.1348162355832603,-0.15291202222213846,-5.099867052227691e-16,0.0,-1.0,-1.0
5.38,3.502914039169076,4.6667239907396185,3.141592653589793,-2.0948221953714583,-0.15360236063302854,-5.53216858083662e-16,0.0,-1.0,-1.0
5.4,3.458301419784087,4.663698827518997,3.141592653589793,-2.054828155159654,-0.15429269904391865,-5.964470109445568e-16,0.0,-1.0,-1.0
5.42,3.413688800399101,4.660673664298375,3.141592653589793,-2.0148341149478517,-0.15498303745480874,-6.396771638054497e-16,0.0,-1.0,-1.0
5.44,3.3690761810141123,4.657648501077753,3.141592653589793,-1.9748400747360475,-0.15567337586569882,-6.829073166663446e-16,0.0,-1.0,-1.0
5.46,3.32633640595174,4.654591010631207,3.141592653589793,-1.9348454048070962,-0.15632375327025524,-7.519412819872694e-16,0.0,-1.0,-1.0
5.48,3.2873743706833505,4.651468312496908,3.141592653589793,-1.894849464667104,-0.15689352478460952,-8.730244689064362e-16,0.0,-1.0,-1.0
5.5,3.248412335414963,4.648345614362609,3.141592653589793,-1.8548535245271134,-0.15746329629896377,-9.941076558255975e-16,0.0,-1.0,-1.0
5.5200000000000005,3.2094503001465733,4.64522291622831,3.141592653589793,-1.814857584387121,-0.15803306781331805,-1.1151908427447643e-15,0.0,-1.0,-1.0
5.54,3.1704882648781854,4.6421002180940105,3.141592653589793,-1.7748616442471306,-0.15860283932767233,-1.2362740296639257e-15,0.0,-1.0,-1.0
5.5600000000000005,3.131526229609796,4.638977519959711,3.141592653589793,-1.7348657041071383,-0.1591726108420266,-1.3573572165830925e-15,0.0,-1.0,-1.0
5.58,3.092564194341408,4.635854821825412,3.141592653589793,-1.6948697639671477,-0.15974238235638086,-1.4784404035022536e-15,0.0,-1.0,-1.0
5.6000000000000005,3.0551118403829656,4.632710617173123,3.141592653589793,-1.6548735621373725,-0.16029252521230566,-1.549160137111523e-15,0.0,-1.0,-1.0
5.62,3.0218006576637726,4.6295074184979415,3.141592653589793,-1.6148766424725198,-0.1607888251576654,-1.4817290683084153e-15,0.0,-1.0,-1.0
5.64,2.9884894749445796,4.626304219822761,3.141592653589793,-1.574879722807667,-0.16128512510302515,-1.4142979995053074e-15,0.0,-1.0,-1.0
5.66,2.955178292225385,4.62310102114758,3.141592653589793,-1.5348828031428123,-0.16178142504838489,-1.3468669307021967e-15,0.0,-1.0,-1.0
5.68,2.921867109506192,4.6198978224723986,3.141592653589793,-1.4948858834779597,-0.16227772499374463,-1.279435861899089e-15,0.0,-1.0,-1.0
5.7,2.8885559267869976,4.616694623797217,3.141592653589793,-1.454888963813105,-0.1627740249391044,-1.2120047930959784e-15,0.0,-1.0,-1.0
5.72,2.855244744067804,4.613491425122037,3.141592653589793,-1.4148920441482524,-0.16327032488446414,-1.1445737242928707e-15,0.0,-1.0,-1.0
5.74,2.8230800187526404,4.610274000682678,3.141592653589793,-1.3748950061241292,-0.1637565901219175,-1.0838441861700242e-15,0.0,-1.0,-1.0
5.76,2.7954198269754524,4.607000681945271,3.141592653589793,-1.3348975030558698,-0.1642034280957419,-1.0494455606470623e-15,0.0,-1.0,-1.0
5.78,2.7677596351982627,4.603727363207864,3.141592653589793,-1.2948999999876087,-0.1646502660695663,-1.0150469351240988e-15,0.0,-1.0,-1.0
5.8,2.740099443421075,4.600454044470458,3.141592653589793,-1.2549024969193496,-0.16509710404339067,-9.80648309601137e-16,0.0,-1.0,-1.0
5.82,2.7124392516438856,4.59718072573305,3.141592653589793,-1.2149049938510885,-0.1655439420172151,-9.462496840781734e-16,0.0,-1.0,-1.0
5.84,2.684779059866697,4.593907406995643,3.141592653589793,-1.1749074907828292,-0.16599077999103945,-9.118510585552115e-16,0.0,-1.0,-1.0
5.86,2.657118868089508,4.590634088258237,3.141592653589793,-1.134909987714568,-0.16643761796486387,-8.77452433032248e-16,0.0,-1.0,-1.0
5.88,2.63024188426129,4.587352019798318,3.141592653589793,-1.0949124317406953,-0.1668795261813433,-8.106307949078647e-16,0.0,-1.0,-1.0
5.9,2.608232765852638,4.584015569265668,3.141592653589793,-1.0549145469430303,-0.16729079452071496,-5.42290694096536e-16,0.0,-1.0,-1.0
5.92,2.5862236474439864,4.580679118733019,3.141592653589793,-1.0149166621453671,-0.1677020628600866,-2.7395059328521916e-16,0.0,-1.0,-1.0
5.94,2.5642145290353344,4.577342668200369,3.141592653589793,-0.974918777347702,-0.16811333119945826,-5.610492473890495e-18,0.0,-1.0,-1.0
5.96,2.542205410626683,4.574006217667719,3.141592653589793,-0.9349208925500389,-0.1685245995388299,2.6272960833742634e-16,0.0,-1.0,-1.0
5.98,2.520196292218031,4.57066976713507,3.141592653589793,-0.8949230077523739,-0.16893586787820156,5.310697091487549e-16,0.0,-1.0,-1.0
6.0,2.4981871738093795,4.5673333166024195,3.141592653589793,-0.8549251229547107,-0.1693471362175732,7.994098099600718e-16,0.0,-1.0,-1.0
6.0200000000000005,2.4765980011800237,4.563992548081353,3.141592653589793,-0.8149272183240595,-0.1697564116764894,1.049887863579918e-15,0.0,-1.0,-1.0
6.04,2.4602400100727975,4.560597991232517,3.141592653589793,-0.7749290666378225,-0.1701408622176937,1.0778619278226403e-15,0.0,-1.0,-1.0
6.0600000000000005,2.443882018965571,4.5572034343836805,3.141592653589793,-0.7349309149515837,-0.170525312758898,1.105835992065364e-15,0.0,-1.0,-1.0
6.08,2.427524027858345,4.553808877534845,3.141592653589793,-0.6949327632653466,-0.17090976330010235,1.1338100563080866e-15,0.0,-1.0,-1.0
6.1000000000000005,2.4111660367511183,4.550414320686008,3.141592653589793,-0.6549346115791079,-0.17129421384130666,1.16178412055081e-15,0.0,-1.0,-1.0
6.12,2.394808045643892,4.547019763837173,3.141592653589793,-0.6149364598928708,-0.17167866438251098,1.1897581847935326e-15,0.0,-1.0,-1.0
6.140000000000001,2.3784500545366654,4.543625206988337,3.141592653589793,-0.5749383082066322,-0.17206311492371532,1.2177322490362563e-15,0.0,-1.0,-1.0
6.16,2.3621487399424326,4.5402301053814265,3.141592653589793,-0.5349492549403023,-0.1723586702311239,1.245722048289583e-15,0.0,-1.0,-1.0
6.18,2.3514419138441585,4.536781231186549,3.141592653589793,-0.49585829866007713,-0.1638794555932485,1.2752650365300397e-15,0.0,-1.0,-1.0
6.2,2.340735087745884,4.533332356991673,3.141592653589793,-0.4567673423798503,-0.15540024095537278,1.3048080247704978e-15,0.0,-1.0,-1.0
6.22,2.33002826164761,4.529883482796796,3.141592653589793,-0.4176763860996251,-0.14692102631749743,1.3343510130109546e-15,0.0,-1.0,-1.0
6.24,2.3193214355493352,4.526434608601919,3.141592653589793,-0.37858542981939824,-0.13844181167962166,1.3638940012514127e-15,0.0,-1.0,-1.0
6.26,2.308614609451061,4.522985734407043,3.141592653589793,-0.33949447353917306,-0.12996259704174631,1.3934369894918696e-15,0.0,-1.0,-1.0
6.28,2.297907783352786,4.519536860212166,3.141592653589793,-0.3004035172589462,-0.12148338240387058,1.4229799777323277e-15,0.0,-1.0,-1.0
6.3,2.287200957254512,4.51608798601729,3.141592653589793,-0.2613125609787211,-0.1130041677659952,1.4525229659727845e-15,0.0,-1.0,-1.0
6.32,2.2817174807870733,4.513772107964309,3.141592653589793,-0.22449187125434178,-0.09747704456038006,1.2594514712977534e-15,0.0,-1.0,-1.0
6.34,2.2765336460017522,4.511521225152655,3.141592653589793,-0.18780141720969618,-0.08154561237146812,1.0536095165082453e-15,0.0,-1.0,-1.0
6.36,2.271349811216431,4.509270342341002,3.141592653589793,-0.15111096316504896,-0.06561418018255549,8.47767561718728e-16,0.0,-1.0,-1.0
6.38,2.26616597643111,4.507019459529348,3.141592653589793,-0.11442050912040336,-0.04968274799364354,6.4192560692921995e-16,0.0,-1.0,-1.0
6.4,2.260982141645789,4.5047685767176935,3.141592653589793,-0.07773005507575614,-0.0337513158047309,4.360836521397027e-16,0.0,-1.0,-1.0
6.42,2.255798306860468,4.50251769390604,3.141592653589793,-0.04103960103111054,-0.01781988361581896,2.302416973501946e-16,0.0,-1.0,-1.0
6.44,2.250614472075147,4.500266811094386,3.141592653589793,-0.004349146986463326,-0.0018884514269063152,2.4399742560677218e-17,0.0,-1.0,-1.0
6.46,2.25,4.5,3.141592653589793,0.03222227606613702,0.01431399248375204,9.557617785425245e-17,1.0,0.0,7.0
6.48,2.25,4.5,3.141592653589793,0.06877769224309177,0.03055288111233204,2.040050870276709e-16,0.0,-1.0,-1.0
6.5,2.25,4.5,3.141592653589793,0.1053331084200449,0.04679176974091132,3.124339962010845e-16,0.0,-1.0,-1.0
6.5200000000000005,2.25,4.5,3.141592653589793,0.14188852459699966,0.06303065836949132,4.208629053745029e-16,0.0,-1.0,-1.0
6.54,2.25,4.5,3.141592653589793,0.17844394077395279,0.07926954699807061,5.292918145479166e-16,0.0,-1.0,-1.0
6.5600000000000005,2.25,4.5,3.141592653589793,0.21499935695090752,0.09550843562665061,6.37720723721335e-16,0.0,-1.0,-1.0
6.58,2.25,4.5,3.141592653589793,0.2515547731278607,0.11174732425522989,7.461496328947486e-16,0.0,-1.0,-1.0
6.6000000000000005,2.25000040939656,4.500000181864847,3.141592653589793,0.28811038005050454,0.12798561044629256,8.545674870657661e-16,0.0,-1.0,-1.0
6.62,2.255762561237959,4.502559883047306,3.141592653589793,0.32735049299960917,0.1357453451526259,8.074000658821248e-16,0.0,-1.0,-1.0
6.640000000000001,2.2615247130793583,4.5051195842297656,3.141592653589793,0.36659060594871556,0.1435050798589596,7.602326446984814e-16,0.0,-1.0,-1.0
6.66,2.267286864920757,4.507679285412225,3.141592653589793,0.4058307188978202,0.15126481456529295,7.130652235148402e-16,0.0,-1.0,-1.0
6.68,2.2730490167621564,4.510238986594684,3.141592653589793,0.4450708318469248,0.15902454927162632,6.65897802331199e-16,0.0,-1.0,-1.0
6.7,2.2788111686035553,4.512798687777144,3.141592653589793,0.4843109447960312,0.16678428397796002,6.187303811475557e-16,0.0,-1.0,-1.0
6.72,2.2845733204449545,4.515358388959603,3.141592653589793,0.5235510577451358,0.17454401868429337,5.715629599639145e-16,0.0,-1.0,-1.0
6.74,2.2903354722863534,4.517918090142063,3.141592653589793,0.5627911706942421,0.18230375339062707,5.243955387802712e-16,0.0,-1.0,-1.0
6.76,2.296831689139539,4.52062295272495,3.141592653589793,0.6021046378414989,0.1887432208236671,4.580644900115899e-16,0.0,-1.0,-1.0
6.78,2.308779175815915,4.524405804244706,3.141592653589793,0.6419628435614594,0.1853781981503937,2.494216526685161e-16,0.0,-1.0,-1.0
6.8,2.320726662492291,4.528188655764462,3.141592653589793,0.6818210492814182,0.18201317547712045,4.077881532545158e-17,0.0,-1.0,-1.0
6.82,2.332674149168667,4.531971507284219,3.141592653589793,0.7216792550013786,0.17864815280384705,-1.678640220176222e-16,0.0,-1.0,-1.0
6.84,2.344621635845043,4.535754358803975,3.141592653589793,0.7615374607213374,0.17528313013057378,-3.7650685936068666e-16,0.0,-1.0,-1.0
6.86,2.356569122521419,4.539537210323732,3.141592653589793,0.8013956664412979,0.17191810745730038,-5.851496967037605e-16,0.0,-1.0,-1.0
6.88,2.368516609197795,4.543320061843488,3.141592653589793,0.8412538721612567,0.16855308478402714,-7.93792534046825e-16,0.0,-1.0,-1.0
6.9,2.3804640958741716,4.547102913363244,3.141592653589793,0.8811120778812171,0.16518806211075374,-1.0024353713898986e-15,0.0,-1.0,-1.0
6.92,2.3939023915183175,4.550759903573203,3.141592653589793,0.9209729466022758,0.16185523638398364,-1.129166429097641e-15,0.0,-1.0,-1.0
6.94,2.412132641667345,4.554012333786872,3.141592653589793,0.9608423750921553,0.15862590232259424,-9.926058579567837e-16,0.0,-1.0,-1.0
6.96,2.430362891816372,4.557264764000541,3.141592653589793,1.000711803582033,0.15539656826120501,-8.560452868159324e-16,0.0,-1.0,-1.0
6.98,2.4485931419653997,4.56051719421421,3.141592653589793,1.0405812320719126,0.15216723419981562,-7.19484715675075e-16,0.0,-1.0,-1.0
7.0,2.466823392114427,4.563769624427879,3.141592653589793,1.0804506605617903,0.14893790013842637,-5.829241445342237e-16,0.0,-1.0,-1.0
7.0200000000000005,2.4850536422634546,4.567022054641548,3.141592653589793,1.1203200890516698,0.14570856607703697,-4.463635733933664e-16,0.0,-1.0,-1.0
7.04,2.5032838924124814,4.570274484855216,3.141592653589793,1.1601895175415475,0.14247923201564772,-3.098030022525152e-16,0.0,-1.0,-1.0
7.0600000000000005,2.521514142561509,4.573526915068885,3.141592653589793,1.200058946031427,0.13924989795425835,-1.7324243111165784e-16,0.0,-1.0,-1.0
7.08,2.541981012551262,4.576598184104488,3.141592653589793,1.2399339338558961,0.13609139693079084,-2.6373905143501956e-17,0.0,-1.0,-1.0
7.1000000000000005,2.5664957951940908,4.579341581316911,3.141592653589793,1.279818983158149,0.13306109201165806,1.391503172523697e-16,0.0,-1.0,-1.0
7.12,2.591010577836918,4.582084978529335,3.141592653589793,1.3197040324604001,0.13003078709252544,3.0467453964823405e-16,0.0,-1.0,-1.0
7.140000000000001,2.615525360479747,4.5848283757417585,3.141592653589793,1.359589081762653,0.12700048217339266,4.701987620441057e-16,0.0,-1.0,-1.0
7.16,2.640040143122574,4.587571772954181,3.141592653589793,1.3994741310649044,0.12397017725426003,6.3572298443997005e-16,0.0,-1.0,-1.0
7.18,2.664554925765402,4.590315170166605,3.141592653589793,1.4393591803671555,0.1209398723351274,8.012472068358343e-16,0.0,-1.0,-1.0
7.2,2.6890697084082307,4.593058567379028,3.141592653589793,1.4792442296694084,0.11790956741599462,9.66771429231706e-16,0.0,-1.0,-1.0
7.22,2.713584491051058,4.595801964591452,3.141592653589793,1.5191292789716595,0.11487926249686199,1.1322956516275702e-15,0.0,-1.0,-1.0
7.24,2.7410824529940854,4.598318711892036,3.141592653589793,1.5590252577538468,0.11200088228233437,1.2125831586846483e-15,0.0,-1.0,-1.0
7.26,2.771884230405862,4.600584448639995,3.141592653589793,1.5989333407313353,0.10929075584629298,1.1984725923094306e-15,0.0,-1.0,-1.0
7.28,2.80268600781764,4.602850185387954,3.141592653589793,1.6388414237088256,0.10658062941025148,1.1843620259342123e-15,0.0,-1.0,-1.0
7.3,2.8334877852294165,4.605115922135913,3.141592653589793,1.6787495066863138,0.10387050297421009,1.1702514595589946e-15,0.0,-1.0,-1.0
7.32,2.864289562641195,4.607381658883871,3.141592653589793,1.718657589663804,0.10116037653816859,1.1561408931837763e-15,0.0,-1.0,-1.0
7.34,2.8950913400529714,4.60964739563183,3.141592653589793,1.7585656726412926,0.0984502501021272,1.1420303268085586e-15,0.0,-1.0,-1.0
7.36,2.9258931174647493,4.611913132379789,3.141592653589793,1.7984737556187826,0.0957401236660857,1.12791976043334e-15,0.0,-1.0,-1.0
7.38,2.9566948948765264,4.614178869127748,3.141592653589793,1.8383818385962711,0.0930299972300443,1.1138091940581224e-15,0.0,-1.0,-1.0
7.4,2.991227688165596,4.616191235530455,3.141592653589793,1.878311407029463,0.09067581714428782,1.0128651299105121e-15,0.0,-1.0,-1.0
7.42,3.028320091095142,4.618029780861463,3.141592653589793,1.9182557152497122,0.0885658289193133,8.523501967758812e-16,0.0,-1.0,-1.0
7.44,3.06541249402469,4.619868326192472,3.141592653589793,1.958200023469963,0.08645584069433869,6.91835263641243e-16,0.0,-1.0,-1.0
7.46,3.1025048969542364,4.621706871523479,3.141592653589793,1.998144331690212,0.08434585246936417,5.313203305066121e-16,0.0,-1.0,-1.0
7.48,3.139597299883784,4.623545416854487,3.141592653589793,2.038088639910463,0.08223586424438956,3.7080539737197393e-16,0.0,-1.0,-1.0
7.5,3.1766897028133303,4.625383962185495,3.141592653589793,2.078032948130712,0.08012587601941504,2.102904642373429e-16,0.0,-1.0,-1.0
7.5200000000000005,3.213782105742878,4.627222507516503,3.141592653589793,2.117977256350963,0.07801588779444042,4.977553110270469e-17,0.0,-1.0,-1.0
7.54,3.2508745086724247,4.629061052847511,3.141592653589793,2.157921564571212,0.0759058995694659,-1.1073940203192624e-16,0.0,-1.0,-1.0
7.5600000000000005,3.292448105232295,4.630662886961951,3.141592653589793,2.197459638492072,0.0803163357424665,-1.675447796043544e-17,0.0,-1.0,-1.0
7.58,3.3358368437869252,4.632168839374935,3.141592653589793,2.2368331640810863,0.08736792003911578,1.803175734669966e-16,0.0,-1.0,-1.0
7.6000000000000005,3.3792255823415576,4.633674791787919,3.141592653589793,2.2762066896701025,0.09441950433576539,3.7738962489443747e-16,0.0,-1.0,-1.0
7.62,3.422614320896188,4.635180744200903,3.141592653589793,2.315580215259117,0.10147108863241469,5.744616763218694e-16,0.0,-1.0,-1.0
7.640000000000001,3.46600305945082,4.6366866966138875,3.141592653589793,2.3549537408481336,0.1085226729290643,7.715337277493102e-16,0.0,-1.0,-1.0
7.66,3.5093917980054505,4.6381926490268715,3.141592653589793,2.394327266437148,0.1155742572257136,9.686057791767421e-16,0.0,-1.0,-1.0
7.68,3.5527805365600806,4.639698601439855,3.141592653589793,2.4337007920261624,0.12262584152236289,1.1656778306041742e-15,0.0,-1.0,-1.0
7.7,3.596169275114713,4.641204553852839,3.141592653589793,2.473074317615179,0.1296774258190125,1.362749882031615e-15,0.0,-1.0,-1.0
7.72,3.644711293263674,4.643633430614609,3.141592653589793,2.4895878143161805,0.14242396768841134,1.1902257286721763e-15,0.0,-1.0,-1.0
7.74,3.6943063962015454,4.646250909134778,3.141592653589793,2.5014298104212416,0.1563342875138793,9.421737227724875e-16,0.0,-1.0,-1.0
7.76,3.7439014991394144,4.648868387654948,3.141592653589793,2.5132718065263018,0.17024460733934665,6.941217168728099e-16,0.0,-1.0,-1.0
7.78,3.7934966020772856,4.651485866175118,3.141592653589793,2.525113802631363,0.18415492716481463,4.460697109731213e-16,0.0,-1.0,-1.0
7.8,3.8430917050151545,4.6541033446952875,3.141592653589793,2.536955798736423,0.19806524699028197,1.9801770507344357e-16,0.0,-1.0,-1.0
7.82,3.8926868079530257,4.6567208232154575,3.141592653589793,2.548797794841484,0.21197556681574992,-5.003430082624518e-17,0.0,-1.0,-1.0
7.84,3.942281910890895,4.659338301735628,3.141592653589793,2.5606397909465444,0.22588588664121728,-2.980863067259229e-16,0.0,-1.0,-1.0
7.86,3.9918770138287663,4.661955780255798,3.141592653589793,2.5724817870516055,0.23979620646668526,-5.461383126256116e-16,0.0,-1.0,-1.0
7.88,4.043243414706247,4.666653931715528,3.141592653589793,2.557466604390166,0.2556018215301361,0.0563894442919376,0.0,-1.0,-1.0
7.9,4.094705146089334,4.6714640641124525,3.141592653589793,2.5410059797318367,0.27150944058132226,0.11581374461508882,0.0,-1.0,-1.0
7.92,4.146166877472418,4.676274196509377,3.141592653589793,2.5245453550735077,0.28741705963250774,0.1752380449382374,0.0,-1.0,-1.0
7.94,4.1976286088555055,4.681084328906301,3.141592653589793,2.5080847304151783,0.30332467868369395,0.2346623452613886,0.0,-1.0,-1.0
7.96,4.249090340238591,4.685894461303225,3.141592653589793,2.49162410575685,0.3192322977348794,0.2940866455845372,0.0,-1.0,-1.0
7.98,4.300552071621678,4.69070459370015,3.141592653589793,2.4751634810985204,0.3351399167860656,0.3535109459076884,0.0,-1.0,-1.0
8.0,4.352013803004763,4.695514726097073,3.141592653589793,2.458702856440192,0.35104753583725107,0.41293524623083694,0.0,-1.0,-1.0
8.02,4.403300301154628,4.700494204650478,3.1422252609478707,2.440652475183413,0.3658853322536757,0.4725896798223217,2.0,-1.0,-1.0
8.040000000000001,4.452167379580509,4.707811820916944,3.1515921859439753,2.400652556159298,0.3659522433981523,0.535421529925113,0.0,-1.0,-1.0
8.06,4.501034458006384,4.715129437183409,3.160959110940079,2.3606526371351872,0.3660191545426289,0.5982533800278987,0.0,-1.0,-1.0
8.08,4.54990153643226,4.722447053449874,3.1703260359361827,2.320652718111076,0.3660860656871055,0.6610852301306844,0.0,-1.0,-1.0
8.1,4.598768614858135,4.729764669716339,3.1796929609322864,2.280652799086965,0.3661529768315821,0.7239170802334701,0.0,-1.0,-1.0
8.120000000000001,4.645901708509852,4.737085186561321,3.1917836282275953,2.2422538593953867,0.35858300332227616,0.7867489296576466,0.0,-1.0,-1.0
8.14,4.691092053455597,4.744408953201363,3.206925964087711,2.2056486497139653,0.3424566987541135,0.8495807783215007,0.0,-1.0,-1.0
8.16,4.736282398401341,4.7517327198414065,3.222068299947827,2.169043440032544,0.32633039418595083,0.9124126269853549,0.0,-1.0,-1.0
8.18,4.781472743347087,4.759056486481449,3.237210635807943,2.1324382303511227,0.31020408961778817,0.9752444756492089,0.0,-1.0,-1.0
8.2,4.826663088292832,4.7663802531214925,3.2523529716680586,2.095833020669701,0.29407778504962545,1.038076324313063,0.0,-1.0,-1.0
8.22,4.868907022139565,4.772405988055687,3.2725527421907823,2.0655256035918925,0.26833482087760063,1.0904365309581627,0.0,-1.0,-1.0
8.24,4.910732670274254,4.77824744859704,3.2934704887826456,2.0361122493501806,0.2412266326500519,1.141310136415967,0.0,-1.0,-1.0
8.26,4.9525583184089434,4.784088909138393,3.3143882353745084,2.0066988951084683,0.2141184444225031,1.1921837418737713,0.0,-1.0,-1.0
8.28,4.994383966543633,4.7899303696797455,3.3353059819663713,1.977285540866756,0.18701025619495437,1.2430573473315756,0.0,-1.0,-1.0
8.3,5.035453252442254,4.795074745159152,3.357531939572353,1.9491080712830589,0.1587493910209314,1.28423665622073,0.0,-1.0,-1.0
8.32,5.074575268496132,4.798424461075176,3.383125912841798,1.924112411699068,0.12752093578021784,1.3004578029042648,0.0,-1.0,-1.0
8.34,5.113697284550011,4.8017741769912,3.408719886111243,1.8991167521150771,0.09629248053950429,1.3166789495877995,0.0,-1.0,-1.0
8.36,5.15281930060389,4.805123892907225,3.434313859380688,1.8741210925310865,0.06506402529879073,1.3329000962713344,0.0,-1.0,-1.0
8.38,5.191941316657773,4.80847360882325,3.4599078326501354,1.8491254329470934,0.03383557005807439,1.3491212429548707,0.0,-1.0,-1.0
8.4,5.2294921856010275,4.809860404054752,3.4865214152504405,1.826394142824852,0.0009769540142946821,1.341645939349456,0.0,-1.0,-1.0
8.42,5.266316637542464,4.810339646486891,3.5136064123657467,1.8047097797944733,-0.03263536390440075,1.3232146251602785,0.0,-1.0,-1.0
8.44,5.3031410894839,4.810818888919029,3.540691409481053,1.7830254167640944,-0.06624768182309618,1.304783310971101,0.0,-1.0,-1.0
8.46,5.33996554142534,4.811298131351168,3.5677764065963613,1.7613410537337137,-0.09985999974179459,1.286351996781922,0.0,-1.0,-1.0
8.48,5.376614780559378,4.8115057813654225,3.5947124760120803,1.7398746144482098,-0.13360202383315517,1.264874540227733,0.0,-1.0,-1.0
8.5,5.411446037877069,4.808895429177083,3.6201032939486404,1.7206693192617861,-0.16868985972260392,1.2117907672642867,0.0,-1.0,-1.0
8.52,5.44627729519476,4.806285076988743,3.6454941118852005,1.7014640240753622,-0.20377769561205267,1.1587069943008406,0.0,-1.0,-1.0
8.540000000000001,5.481108552512453,4.803674724800404,3.6708849298217627,1.6822587288889368,-0.23886553150150452,1.1056232213373898,0.0,-1.0,-1.0
8.56,5.515939809830145,4.801064372612065,3.696275747758323,1.6630534337025131,-0.2739533673909533,1.0525394483739434,0.0,-1.0,-1.0
8.58,5.54990256497043,4.796867277727264,3.7192660104336306,1.644779255310678,-0.3095191222934195,0.9946598233211327,0.0,-1.0,-1.0
8.6,5.582968499919215,4.791031703485792,3.7397774463597253,1.62746655331321,-0.3455783790337927,0.9318279746572782,0.0,-1.0,-1.0
8.620000000000001,5.616034434868003,4.78519612924432,3.7602888822858214,1.6101538513157407,-0.38163763577416915,0.868996125993418,0.0,-1.0,-1.0
8.64,5.649100369816788,4.779360555002848,3.780800318211916,1.5928411493182728,-0.4176968925145424,0.8061642773295635,0.0,-1.0,-1.0
8.66,5.682166304765572,4.773524980761376,3.801311754138011,1.5755284473208049,-0.4537561492549156,0.743332428665709,0.0,-1.0,-1.0
8.68,5.713806298271067,4.764719425946806,3.8166481147360947,1.559540919924174,-0.49041883734612834,0.6805005787124955,0.0,-1.0,-1.0
8.700000000000001,5.745280875221674,4.755569338082293,3.831384139930443,1.5437071196094858,-0.5271515265833514,0.617668728609704,0.0,-1.0,-1.0
8.72,5.776755452172278,4.74641925021778,3.84612016512479,1.527873319294799,-0.5638842158205712,0.5548368785069182,0.0,-1.0,-1.0
8.74,5.808230029122882,4.737269162353268,3.860856190319137,1.5120395189801124,-0.6006169050577911,0.49200502840413235,0.0,-1.0,-1.0
8.76,5.839267795291299,4.727105721130836,3.873858858451745,1.496560304495079,-0.6374957689097331,0.4291731780614238,0.0,-1.0,-1.0
8.78,5.869286952702187,4.714579218722776,3.8828194727820797,1.4819079565758673,-0.674715500589935,0.3663413271592342,0.0,-1.0,-1.0
8.8,5.899306110113078,4.702052716314715,3.8917800871124153,1.4672556086566542,-0.7119352322701403,0.30350947625703895,0.0,-1.0,-1.0
8.82,5.929325267523966,4.689526213906657,3.90074070144275,1.4526032607374422,-0.7491549639503422,0.24067762535484927,0.0,-1.0,-1.0
8.84,5.959344424934854,4.676999711498597,3.909701315773085,1.4379509128182304,-0.7863746956305442,0.17784577445265964,0.0,-1.0,-1.0
8.86,5.9884151489511925,4.662064009100451,3.914594880510712,1.4239763782435726,-0.8238512408557825,0.13485787261131807,0.0,-1.0,-1.0
8.88,6.017087484181654,4.6461163239268055,3.9177800839035553,1.4102865586915412,-0.861435660431498,0.10020540773248535,0.0,-1.0,-1.0
8.9,6.045759819412112,4.630168638753161,3.920965287296398,1.3965967391395109,-0.8990200800072101,0.06555294285365572,0.0,-1.0,-1.0
8.92,6.074432154642571,4.614220953579517,3.924150490689241,1.3829069195874806,-0.9366044995829222,0.03090047797482609,0.0,-1.0,-1.0
8.94,6.102968242560968,4.5978992111640595,3.9269908169872414,1.367978544442731,-0.973489137759443,-1.3998606955302618e-15,0.0,-1.0,-1.0
8.96,6.130382229796936,4.578496821652087,3.9269908169872414,1.3428497179657544,-1.0046105416107514,-7.369303650669347e-16,0.0,-1.0,-1.0
8.98,6.157796217032901,4.559094432140117,3.9269908169872414,1.3177208914887797,-1.035731945462057,-7.400003460366643e-17,0.0,-1.0,-1.0
9.0,6.185210204268866,4.539692042628146,3.9269908169872414,1.292592065011805,-1.0668533493133625,5.889302958596016e-16,0.0,-1.0,-1.0
9.02,6.2126241915048315,4.520289653116175,3.9269908169872414,1.2674632385348306,-1.097974753164668,1.25186062632287e-15,0.0,-1.0,-1.0
9.040000000000001,6.240038178740799,4.500887263604203,3.9269908169872414,1.2423344120578537,-1.1290961570159763,1.9147909567861976e-15,0.0,-1.0,-1.0
9.06,6.265342676155604,4.4788723253245974,3.9269908169872414,1.2080630943087434,-1.1481867823844805,1.7695213270207169e-15,0.0,-1.0,-1.0
9.08,6.290083369858851,4.456159130681277,3.9269908169872414,1.1713482613265151,-1.1640619394945033,1.408243953256284e-15,0.0,-1.0,-1.0
9.1,6.3148240635620985,4.4334459360379554,3.9269908169872414,1.1346334283442872,-1.1799370966045264,1.0469665794918509e-15,0.0,-1.0,-1.0
9.120000000000001,6.339564757265348,4.410732741394632,3.9269908169872414,1.0979185953620556,-1.1958122537145508,6.856892057273858e-16,0.0,-1.0,-1.0
9.14,6.364305450968596,4.388019546751312,3.9269908169872414,1.0612037623798276,-1.2116874108245739,3.244118319629527e-16,0.0,-1.0,-1.0
9.16,6.387210703122372,4.3645127240128225,3.9269908169872414,1.0229984350255297,-1.2186883534180963,-2.6126782465825367e-17,0.0,-1.0,-1.0
9.18,6.40804554289901,4.340110673947941,3.9269908169872414,0.9831118021581909,-1.2156790161540822,-3.6455187562770563e-16,0.0,-1.0,-1.0
9.200000000000001,6.428880382675649,4.315708623883057,3.9269908169872414,0.9432251692908485,-1.2126696788900677,-7.02976968789616e-16,0.0,-1.0,-1.0
9.22,6.449715222452285,4.291306573818176,3.9269908169872414,0.9033385364235097,-1.2096603416260536,-1.0414020619514963e-15,0.0,-1.0,-1.0
9.24,6.470550062228923,4.266904523753294,3.9269908169872414,0.8634519035561709,-1.2066510043620395,-1.3798271551133766e-15,0.0,-1.0,-1.0
9.26,6.490745254295704,4.242550733357148,3.9269908169872414,0.824465105864736,-1.200898918969801,-1.6763770169321318e-15,0.0,-1.0,-1.0
9.28,6.507336812843756,4.218468827245387,3.9269908169872414,0.7905477802455946,-1.1796947981274033,-1.7370111005068045e-15,0.0,-1.0,-1.0
9.3,6.5239283713918095,4.194386921133626,3.9269908169872414,0.7566304546264502,-1.1584906772850039,-1.7976451840814827e-15,0.0,-1.0,-1.0
9.32,6.540519929939861,4.1703050150218655,3.9269908169872414,0.7227131290073088,-1.1372865564426065,-1.8582792676561554e-15,0.0,-1.0,-1.0
9.34,6.557111488487912,4.146223108910106,3.9269908169872414,0.6887958033881674,-1.1160824356002088,-1.918913351230828e-15,0.0,-1.0,-1.0
9.36,6.5737030470359645,4.122141202798346,3.9269908169872414,0.654878477769026,-1.0948783147578114,-1.979547434805501e-15,0.0,-1.0,-1.0
9.38,6.587294109327528,4.099935119265409,3.9269908169872414,0.6269247512539096,-1.0665733262772015,-1.8469939716900995e-15,0.0,-1.0,-1.0
9.4,6.600277422687219,4.078108982604996,3.9269908169872414,0.6001789485873112,-1.036830060807191,-1.6753104730353377e-15,0.0,-1.0,-1.0
9.42,6.613260736046908,4.056282845944583,3.9269908169872414,0.573433145920713,-1.0070867953371805,-1.5036269743805757e-15,0.0,-1.0,-1.0
9.44,6.626244049406598,4.03445670928417,3.9269908169872414,0.5466873432541147,-0.9773435298671701,-1.3319434757258136e-15,0.0,-1.0,-1.0
9.46,6.639227362766289,4.012630572623755,3.9269908169872414,0.5199415405875141,-0.9476002643971569,-1.1602599770710364e-15,0.0,-1.0,-1.0
9.48,6.650752767274416,3.9924257359685664,3.9269908169872414,0.49527644549351507,-0.9162163303607599,-8.485606252948772e-16,0.0,-1.0,-1.0
9.5,6.6608907674492075,3.9737637931990113,3.9269908169872414,0.47259143488801836,-0.8832710705417987,-4.0361659148790454e-16,0.0,-1.0,-1.0
9.52,6.671028767623999,3.9551018504294557,3.9269908169872414,0.4499064242825216,-0.8503258107228375,4.1327442319068135e-17,0.0,-1.0,-1.0
9.540000000000001,6.681166767798791,3.936439907659899,3.9269908169872414,0.4272214136770229,-0.8173805509038734,4.862714761260802e-16,0.0,-1.0,-1.0
9.56,6.691304767973583,3.9177779648903437,3.9269908169872414,0.40453640307152616,-0.7844352910849123,9.312155099330527e-16,0.0,-1.0,-1.0
9.58,6.700976486016171,3.899793199939283,3.9269908169872414,0.3823742960703643,-0.7511600098159171,1.201409448218345e-15,0.0,-1.0,-1.0
9.6,6.7087011744433225,3.884636090556533,3.9269908169872414,0.3623956499683994,-0.716506675448661,7.419086635386344e-16,0.0,-1.0,-1.0
9.620000000000001,6.716425862870474,3.8694789811737818,3.9269908169872414,0.3424170038664327,-0.6818533410814017,2.824078788588829e-16,0.0,-1.0,-1.0
9.64,6.724150551297625,3.8543218717910315,3.9269908169872414,0.32243835776446783,-0.6472000067141455,-1.7709290582082767e-16,0.0,-1.0,-1.0
9.66,6.7318752397247765,3.839164762408281,3.9269908169872414,0.30245971166250296,-0.6125466723468893,-6.365936905005384e-16,0.0,-1.0,-1.0
9.68,6.739599928151927,3.8240076530255314,3.9269908169872414,0.28248106556053804,-0.5778933379796332,-1.096094475180249e-15,0.0,-1.0,-1.0
9.700000000000001,6.745466942253675,3.8120727144152715,3.9269908169872414,0.26415505108542797,-0.5423455086649498,-1.0743563633684312e-15,0.0,-1.0,-1.0
9.72,6.75106623157133,3.8006021494374487,3.9269908169872414,0.24606721099827986,-0.5066687662983987,-9.832629410494652e-16,0.0,-1.0,-1.0
9.74,6.756665520888985,3.7891315844596254,3.9269908169872414,0.22797937091113174,-0.47099202393184764,-8.921695187304993e-16,0.0,-1.0,-1.0
9.76,6.7622648102066405,3.7776610194818026,3.9269908169872414,0.2098915308239836,-0.4353152815652966,-8.010760964115332e-16,0.0,-1.0,-1.0
9.78,6.767864099524296,3.7661904545039797,3.9269908169872414,0.19180369073683548,-0.3996385391987455,-7.099826740925672e-16,0.0,-1.0,-1.0
9.8,6.772395703236062,3.7568258095313247,3.9269908169872414,0.17448307750377526,-0.3635911562141256,-4.806680684993244e-16,0.0,-1.0,-1.0
9.82,6.776070744082738,3.749150662724912,3.9269908169872414,0.1577779807005404,-0.32724642259747155,-1.404639537582993e-16,0.0,-1.0,-1.0
9.84,6.779745784929415,3.7414755159185,3.9269908169872414,0.14107288389730552,-0.2909016889808175,1.9974016098272598e-16,0.0,-1.0,-1.0
9.86,6.783420825776092,3.7338003691120876,3.9269908169872414,0.12436778709407063,-0.25455695536416345,5.399442757237512e-16,0.0,-1.0,-1.0
9.88,6.787095866622769,3.7261252223056744,3.9269908169872414,0.10766269029083428,-0.2182122217475062,8.801483904648065e-16,0.0,-1.0,-1.0
9.9,6.790352066787546,3.7193613334937994,3.9269908169872414,0.0906900931716055,-0.18199557354030907,1.0896540666175202e-15,0.0,-1.0,-1.0
9.92,6.792249960289581,3.7155526681330993,3.9269908169872414,0.07284998848398164,-0.1461943082521638,8.753027307457741e-16,0.0,-1.0,-1.0
9.94,6.794147853791617,3.7117440027723987,3.9269908169872414,0.055009883796357795,-0.11039304296401856,6.609513948740278e-16,0.0,-1.0,-1.0
9.96,6.796045747293652,3.707935337411698,3.9269908169872414,0.037169779108732356,-0.07459177767587012,4.466000590022624e-16,0.0,-1.0,-1.0
9.98,6.797943640795688,3.704126672050998,3.9269908169872414,0.019329674421108514,-0.03879051238772485,2.322487231305162e-16,0.0,-1.0,-1.0
10.0,6.799841534297723,3.7003180066902974,3.9269908169872414,0.001489569733484658,-0.002989247099579595,1.7897387258769917e-17,0.0,-1.0,-1.0
10.02,6.800000000099092,3.6999999999284943,3.9269908171097616,-0.029728266295562186,0.02145224261563677,-0.03675695936387114,3.0,-1.0,-1.0
10.040000000000001,6.800000000207211,3.699999999850474,3.926990817243444,-0.06216484310372217,0.04485883176521187,-0.07686255865401892,0.0,-1.0,-1.0
10.06,6.800000000315331,3.6999999997724538,3.9269908173771264,-0.09460141991187927,0.0682654209147849,-0.11696815794416314,0.0,-1.0,-1.0
10.08,6.8000000004234495,3.6999999996944335,3.926990817510809,-0.12703799672003638,0.0916720100643579,-0.15707375723430736,0.0,-1.0,-1.0
10.1,6.800000000531569,3.6999999996164137,3.9269908176444908,-0.1594745735281935,0.11507859921393093,-0.1971793565244516,0.0,-1.0,-1.0
10.120000000000001,6.800000000639689,3.6999999995383934,3.926990817778173,-0.19191115033635348,0.13848518836350604,-0.23728495581459938,0.0,-1.0,-1.0
10.14,6.800000000747808,3.699999999460373,3.9269908179118556,-0.22434772714451057,0.16189177751307907,-0.27739055510474364,0.0,-1.0,-1.0
10.16,6.800000000855928,3.699999999382353,3.9269908180455375,-0.25678430395266766,0.1852983666626521,-0.3174961543948879,0.0,-1.0,-1.0
10.18,6.798815608566466,3.7008546698327924,3.9255263983305837,-0.28953271987168694,0.20824097534575925,-0.36236713483825117,0.0,-1.0,-1.0
10.200000000000001,6.793167221407949,3.7049306078813435,3.9185425555732283,-0.3234564626449696,0.2294348338461798,-0.42519891700620105,0.0,-1.0,-1.0
10.22,6.7875188342494335,3.709006545929894,3.9115587128158738,-0.35738020541824916,0.25062869234659846,-0.4880306991741453,0.0,-1.0,-1.0
10.24,6.781870447090919,3.713082483978445,3.9045748700585188,-0.3913039481915288,0.2718225508470171,-0.5508624813420896,0.0,-1.0,-1.0
10.26,6.776222059932403,3.7171584220269955,3.8975910273011642,-0.4252276909648084,0.29301640934743584,-0.6136942635100338,0.0,-1.0,-1.0
10.28,6.770573672773887,3.7212343600755458,3.8906071845438097,-0.4591514337380881,0.3142102678478545,-0.676526045677978,0.0,-1.0,-1.0
10.3,6.76492528561537,3.725310298124097,3.8836233417864543,-0.49307517651137067,0.33540412634827504,-0.7393578278459279,0.0,-1.0,-1.0
10.32,6.759276898456855,3.7293862361726475,3.8766394990290993,-0.5269989192846503,0.35659798484869376,-0.8021896100138721,0.0,-1.0,-1.0
10.34,6.75362851129834,3.733462174221198,3.869655656271745,-0.56092266205793,0.3777918433491124,-0.8650213921818164,0.0,-1.0,-1.0
10.36,6.745009497135006,3.7393940115087685,3.8571697735385424,-0.5952925354550439,0.3982358938730809,-0.9278531503680865,0.0,-1.0,-1.0
10.38,6.73345375304883,3.747160570833192,3.8392446332319285,-0.6301034487909971,0.4179386922919386,-0.9906848848463363,0.0,-1.0,-1.0
10.4,6.721898008962656,3.754927130157614,3.821319492925316,-0.6649143621269471,0.4376414907107946,-1.0535166193245808,0.0,-1.0,-1.0
10.42,6.710342264876481,3.762693689482036,3.8033943526187035,-0.6997252754628972,0.4573442891296506,-1.1163483538028252,0.0,-1.0,-1.0
10.44,6.698786520790307,3.7704602488064585,3.785469212312091,-0.7345361887988472,0.47704708754850655,-1.1791800882810695,0.0,-1.0,-1.0
10.46,6.687230776704133,3.7782268081308814,3.7675440720054767,-0.7693471021348004,0.4967498859673643,-1.2420118227593195,0.0,-1.0,-1.0
10.48,6.675675032617958,3.7859933674553035,3.749618931698864,-0.8041580154707504,0.5164526843862203,-1.3048435572375638,0.0,-1.0,-1.0
10.5,6.664119288531784,3.793759926779726,3.7316937913922517,-0.8389689288067005,0.5361554828050763,-1.3676752917158082,0.0,-1.0,-1.0
10.52,6.652563544445609,3.801526486104148,3.713768651085639,-0.8737798421426506,0.5558582812239323,-1.4305070261940527,0.0,-1.0,-1.0
10.540000000000001,6.636182260386213,3.8120242763054217,3.687133683392838,-0.9094906969538853,0.5738521432896073,-1.4504267520843304,0.0,-1.0,-1.0
10.56,6.6185646707239885,3.823221809137448,3.658267253841478,-0.9454321171928789,0.5914081750606316,-1.459352401261881,0.0,-1.0,-1.0
10.58,6.600947081061765,3.834419341969474,3.629400824290118,-0.9813735374318724,0.6089642068316559,-1.4682780504394317,0.0,-1.0,-1.0
10.6,6.583329491399541,3.8456168748015003,3.6005343947387574,-1.017314957670866,0.6265202386026802,-1.4772036996169824,0.0,-1.0,-1.0
10.620000000000001,6.565711901737315,3.856814407633528,3.5716679651873946,-1.0532563779098627,0.6440762703737061,-1.486129348794534,0.0,-1.0,-1.0
10.64,6.548094312075092,3.868011940465554,3.5428015356360345,-1.0891977981488563,0.6616323021447303,-1.4950549979720846,0.0,-1.0,-1.0
10.66,6.5304767224128675,3.87920947329758,3.5139351060846744,-1.12513921838785,0.6791883339157547,-1.5039806471496353,0.0,-1.0,-1.0
10.68,6.512859132750644,3.8904070061296063,3.485068676533314,-1.1610806386268435,0.696744365686779,-1.512906296327186,0.0,-1.0,-1.0
10.700000000000001,6.494683056563541,3.901877338620335,3.456063553108468,-1.19714984422942,0.7140058969777686,-1.5159739879376388,0.0,-1.0,-1.0
10.72,6.47080675897343,3.916132014840043,3.4256428435398574,-1.2345232977091063,0.7282615939921545,-1.4592521347436176,0.0,-1.0,-1.0
10.74,6.44693046138332,3.930386691059751,3.395222133971247,-1.2718967511887926,0.7425172910065404,-1.4025302815495964,0.0,-1.0,-1.0
10.76,6.42305416379321,3.944641367279459,3.3648014244026365,-1.3092702046684788,0.7567729880209262,-1.345808428355575,0.0,-1.0,-1.0
10.78,6.399177866203099,3.958896043499167,3.3343807148340256,-1.3466436581481651,0.7710286850353121,-1.2890865751615537,0.0,-1.0,-1.0
10.8,6.375301568612987,3.9731507197188765,3.3039600052654126,-1.3840171116278548,0.7852843820496993,-1.2323647219675276,0.0,-1.0,-1.0
10.82,6.351425271022877,3.9874053959385845,3.273539295696802,-1.4213905651075411,0.7995400790640852,-1.175642868773506,0.0,-1.0,-1.0
10.84,6.327548973432767,4.001660072158292,3.2431185861281917,-1.4587640185872273,0.8137957760784711,-1.1189210155794849,0.0,-1.0,-1.0
10.86,6.303672675842656,4.015914748378,3.2126978765595813,-1.4961374720669136,0.8280514730928569,-1.0621991623854636,0.0,-1.0,-1.0
10.88,6.277307587125081,4.03111874688243,3.186054416129565,-1.534144989286466,0.8402012518896759,-1.003140794366278,0.0,-1.0,-1.0
10.9,6.246923212557755,4.0478558582237385,3.165511043347014,-1.5731764909574824,0.848950067383785,-0.9403090598838082,0.0,-1.0,-1.0
10.92,6.21653883799043,4.064592969565047,3.144967670564463,-1.6122079926284987,0.8576988828778941,-0.8774773254013386,0.0,-1.0,-1.0
10.94,6.186154463423104,4.081330080906356,3.1244242977819114,-1.651239494299515,0.8664476983720032,-0.8146455909188688,0.0,-1.0,-1.0
10.96,6.155770088855776,4.098067192247666,3.1038809249993586,-1.6902709959705349,0.8751965138661132,-0.7518138564363936,0.0,-1.0,-1.0
10.98,6.125385714288449,4.114804303588975,3.0833375522168076,-1.7293024976415512,0.8839453293602223,-0.6889821219539238,0.0,-1.0,-1.0
11.0,6.095001339721124,4.131541414930283,3.0627941794342566,-1.7683339993125675,0.8926941448543314,-0.6261503874714542,0.0,-1.0,-1.0
11.02,6.064616965153799,4.148278526271592,3.0422508066517056,-1.8073655009835838,0.9014429603484405,-0.5633186529889844,0.0,-1.0,-1.0
11.040000000000001,6.03423259058647,4.165015637612902,3.0217074338691523,-1.8463970026546035,0.9101917758425505,-0.5004869185065092,0.0,-1.0,-1.0
11.06,5.9992563093475955,4.1827820135870235,3.0085559739877974,-1.8860709087265093,0.9122276863982657,-0.43765515180701664,0.0,-1.0,-1.0
11.08,5.962075131333959,4.201042611772438,2.9989538904507294,-1.9260532782522541,0.9110402600034155,-0.37482336963786955,0.0,-1.0,-1.0
11.1,5.924893953320323,4.219303209957853,2.9893518069136618,-1.9660356477779992,0.9098528336085655,-0.3119915874687225,0.0,-1.0,-1.0
11.120000000000001,5.887712775306683,4.237563808143269,2.9797497233765933,-2.006018017303748,0.9086654072137154,-0.2491598052995699,0.0,-1.0,-1.0
11.14,5.850531597293047,4.255824406328684,2.9701476398395252,-2.0460003868294927,0.9074779808188652,-0.18632802313042285,0.0,-1.0,-1.0
11.16,5.81335041927941,4.274085004514099,2.9605455563024576,-2.085982756355238,0.9062905544240152,-0.12349624096127582,0.0,-1.0,-1.0
11.18,5.776169241265774,4.2923456026995135,2.9509434727653896,-2.125965125880983,0.905103128029165,-0.060664458792128784,0.0,-1.0,-1.0
11.200000000000001,5.738988063252134,4.31060620088493,2.941341389228321,-2.1659474954067317,0.9039157016343149,0.0021673233770238554,0.0,-1.0,-1.0
11.22,5.701806885238498,4.328866799070345,2.931739305691253,-2.2059298649324766,0.9027282752394649,0.06499910554617094,0.0,-1.0,-1.0
11.24,5.657880687288886,4.34692707859529,2.932736934686752,-2.2417216947829792,0.8851299838659729,0.1254697164127021,0.0,-1.0,-1.0
11.26,5.61373712516626,4.364980902676015,2.934076148699152,-2.2773784808234354,0.8670028380000722,0.1858642364666917,0.0,-1.0,-1.0
11.28,5.569593563043634,4.383034726756739,2.9354153627115513,-2.313035266863892,0.8488756921341716,0.2462587565206813,0.0,-1.0,-1.0
11.3,5.525450000921005,4.401088550837464,2.936754576723951,-2.3486920529043513,0.8307485462682693,0.3066532765746763,0.0,-1.0,-1.0
11.32,5.481306438798378,4.419142374918189,2.9380937907363505,-2.384348838944808,0.8126214004023686,0.3670477966286659,0.0,-1.0,-1.0
11.34,5.437162876675752,4.437196198998913,2.9394330047487505,-2.420005624985264,0.7944942545364679,0.4274423166826555,0.0,-1.0,-1.0
11.36,5.393019314553126,4.455250023079637,2.94077221876115,-2.4556624110257204,0.7763671086705672,0.4878368367366451,0.0,-1.0,-1.0
11.38,5.348875752430496,4.473303847160363,2.9421114327735496,-2.49131919706618,0.758239962804665,0.5482313567906401,0.0,-1.0,-1.0
11.4,5.303105628117752,4.490530761882324,2.946205674754503,-2.524455249405676,0.7369061718959872,0.5914286166253787,0.0,-1.0,-1.0
11.42,5.252752923229192,4.505427990848374,2.958061770374511,-2.5504895349851897,0.7065381679852885,0.5861753277404064,0.0,-1.0,-1.0
11.44,5.202400218340631,4.520325219814424,2.96991786599452,-2.576523820564704,0.6761701640745896,0.580922038855434,0.0,-1.0,-1.0
11.46,5.152047513452066,4.535222448780475,2.981773961614529,-2.6025581061442207,0.6458021601638881,0.5756687499704611,0.0,-1.0,-1.0
11.48,5.101694808563506,4.550119677746525,2.9936300572345376,-2.628592391723735,0.6154341562531894,0.5704154610854888,0.0,-1.0,-1.0
11.5,5.051342103674945,4.565016906712575,3.005486152854546,-2.6546266773032494,0.5850661523424906,0.5651621722005165,0.0,-1.0,-1.0
11.52,5.000989398786385,4.579914135678624,3.017342248474554,-2.680660962882764,0.5546981484317919,0.5599088833155441,0.0,-1.0,-1.0
11.540000000000001,4.95063669389782,4.594811364644675,3.0291983440945636,-2.7066952484622804,0.5243301445210904,0.5546555944305712,0.0,-1.0,-1.0
11.56,4.900283989009259,4.609708593610725,3.0410544397145722,-2.7327295340417948,0.4939621406103916,0.5494023055455989,0.0,-1.0,-1.0
11.58,4.847414527092356,4.621670121228429,3.052402695329415,-2.7421722441870857,0.4583502279406717,0.5121845927098614,0.0,-1.0,-1.0
11.6,4.792528306597849,4.631279176673061,3.063344002369194,-2.738319589823174,0.41853620205508557,0.4493527560414026,0.0,-1.0,-1.0
11.620000000000001,4.737642086103338,4.640888232117695,3.074285309408974,-2.7344669354592614,0.37872217616949594,0.3865209193729383,0.0,-1.0,-1.0
11.64,4.682755865608831,4.650497287562327,3.085226616448753,-2.7306142810953498,0.3389081502839098,0.3236890827044796,0.0,-1.0,-1.0
11.66,4.627869645114324,4.66010634300696,3.0961679234885318,-2.7267616267314376,0.2990941243983237,0.26085724603602084,0.0,-1.0,-1.0
11.68,4.572983424619818,4.669715398451592,3.1071092305283106,-2.7229089723675255,0.2592800985127376,0.19802540936756208,0.0,-1.0,-1.0
11.700000000000001,4.518097204125306,4.679324453896225,3.1180505375680907,-2.7190563180036134,0.21946607262714796,0.13519357269909776,0.0,-1.0,-1.0
11.72,4.4632109836308,4.688933509340858,3.1289918446078695,-2.7152036636397012,0.17965204674156182,0.072361736030639,0.0,-1.0,-1.0
11.74,4.408324763136293,4.69854256478549,3.1399331516476483,-2.7113510092757895,0.13983802085597574,0.009529899362180294,0.0,-1.0,-1.0
11.76,4.3540076742924025,4.702270110982316,3.141592653589793,-2.6853168672072933,0.1113546802389273,-1.2318755215046769e-15,0.0,-1.0,-1.0
11.78,4.299792340987397,4.70494609706591,3.141592653589793,-2.6553168778129583,0.08489716261764078,-1.2808507201157134e-15,0.0,-1.0,-1.0
11.8,4.245577007682386,4.707622083149503,3.141592653589793,-2.62531688841862,0.05843964499635192,-1.3298259187267545e-15,0.0,-1.0,-1.0
11.82,4.19136167437738,4.7102980692330965,3.141592653589793,-2.595316899024285,0.03198212737506541,-1.3788011173377913e-15,0.0,-1.0,-1.0
11.84,4.137146341072374,4.712974055316689,3.141592653589793,-2.5653169096299497,0.005524609753778886,-1.4277763159488279e-15,0.0,-1.0,-1.0
11.86,4.082931007767369,4.715650041400282,3.141592653589793,-2.5353169202356147,-0.020932907867507622,-1.4767515145598646e-15,0.0,-1.0,-1.0
11.88,4.028715674462358,4.718326027483876,3.141592653589793,-2.505316930841277,-0.04739042548879649,-1.5257267131709055e-15,0.0,-1.0,-1.0
11.9,3.9777360186048942,4.718148412789153,3.141592653589793,-2.469509316992101,-0.06403184337206486,-1.3412705339287576e-15,0.0,-1.0,-1.0
11.92,3.927773142353544,4.717074082299232,3.141592653589793,-2.4318767146509055,-0.07758864908770798,-1.0834608550636689e-15,0.0,-1.0,-1.0
11.94,3.877810266102194,4.71599975180931,3.141592653589793,-2.39424411230971,-0.0911454548033511,-8.256511761985801e-16,0.0,-1.0,-1.0
11.96,3.827847389850839,4.714925421319388,3.141592653589793,-2.3566115099685114,-0.10470226051899542,-5.678414973334686e-16,0.0,-1.0,-1.0
11.98,3.777884513599489,4.713851090829466,3.141592653589793,-2.318978907627316,-0.11825906623463855,-3.100318184683799e-16,0.0,-1.0,-1.0
12.0,3.7279216373481385,4.712776760339544,3.141592653589793,-2.2813463052861205,-0.1318158719502817,-5.2222139603291216e-17,0.0,-1.0,-1.0
12.02,3.677958761096788,4.711702429849622,3.141592653589793,-2.243713702944925,-0.14537267766592482,2.0558753926179748e-16,0.0,-1.0,-1.0
12.040000000000001,3.631588396168385,4.709333929543993,3.141592653589793,-2.2048739742068957,-0.15435060330142716,3.9657647263987157e-16,0.0,-1.0,-1.0
12.06,3.586959889311961,4.7063379405717045,3.141592653589793,-2.165448960505457,-0.1611084220225133,5.55166828967279e-16,0.0,-1.0,-1.0
12.08,3.542331382455537,4.703341951599416,3.141592653589793,-2.1260239468040183,-0.16786624074359943,7.137571852946865e-16,0.0,-1.0,-1.0
12.1,3.4977028755991126,4.700345962627128,3.141592653589793,-2.0865989331025796,-0.17462405946468557,8.72347541622094e-16,0.0,-1.0,-1.0
12.120000000000001,3.453074368742685,4.6973499736548385,3.141592653589793,-2.0471739194011374,-0.18138187818577228,1.0309378979495156e-15,0.0,-1.0,-1.0
12.14,3.4084458618862605,4.694353984682551,3.141592653589793,-2.007748905699699,-0.18813969690685842,1.189528254276923e-15,0.0,-1.0,-1.0
12.16,3.3638173550298367,4.691357995710263,3.141592653589793,-1.9683238919982602,-0.19489751562794455,1.3481186106043303e-15,0.0,-1.0,-1.0
12.18,3.3224638653910046,4.687800637937127,3.141592653589793,-1.9286256979071437,-0.19942306202610055,1.1742490863466186e-15,0.0,-1.0,-1.0
12.200000000000001,3.2834237997637197,4.683846737496602,3.141592653589793,-1.888734533205191,-0.20237176407533408,7.655347904366247e-16,0.0,-1.0,-1.0
12.22,3.244383734136438,4.6798928370560775,3.141592653589793,-1.848843368503242,-0.2053204661245674,3.5682049452666734e-16,0.0,-1.0,-1.0
12.24,3.205343668509156,4.675938936615553,3.141592653589793,-1.8089522038012928,-0.20826916817380067,-5.1893801383290126e-17,0.0,-1.0,-1.0
12.26,3.1663036028818743,4.671985036175028,3.141592653589793,-1.7690610390993438,-0.21121787022303398,-4.606080972932476e-16,0.0,-1.0,-1.0
12.280000000000001,3.127263537254589,4.668031135734503,3.141592653589793,-1.7291698743973911,-0.21416657227226754,-8.693223932032415e-16,0.0,-1.0,-1.0
12.3,3.088223471627307,4.664077235293978,3.141592653589793,-1.6892787096954422,-0.21711527432150082,-1.2780366891131988e-15,0.0,-1.0,-1.0
12.32,3.0520027664471474,4.6599149314641295,3.141592653589793,-1.649335347944174,-0.21888093977418388,-1.4202289957759394e-15,0.0,-1.0,-1.0
12.34,3.018617218309374,4.655543056581561,3.141592653589793,-1.6093394966887273,-0.21945694019431145,-1.2944060170796823e-15,0.0,-1.0,-1.0
12.36,2.985231670171601,4.651171181698993,3.141592653589793,-1.5693436454332808,-0.22003294061443898,-1.1685830383834252e-15,0.0,-1.0,-1.0
12.38,2.9518461220338246,4.646799306816425,3.141592653589793,-1.5293477941778306,-0.2206089410345666,-1.0427600596871569e-15,0.0,-1.0,-1.0
12.4,2.9184605738960516,4.642427431933857,3.141592653589793,-1.489351942922384,-0.22118494145469414,-9.169370809909e-16,0.0,-1.0,-1.0
12.42,2.8850750257582782,4.638055557051289,3.141592653589793,-1.4493560916669375,-0.2217609418748217,-7.911141022946428e-16,0.0,-1.0,-1.0
12.44,2.8516894776205053,4.633683682168722,3.141592653589793,-1.4093602404114909,-0.22233694229494924,-6.652911235983858e-16,0.0,-1.0,-1.0
12.46,2.8206350116733696,4.6292782361961775,3.141592653589793,-1.3693681176811654,-0.22225336267912466,-4.7870254571317365e-16,0.0,-1.0,-1.0
12.48,2.7929188201994464,4.624824714049763,3.141592653589793,-1.3293813344623788,-0.22122521782836416,-2.0509333447744151e-16,0.0,-1.0,-1.0
12.5,2.7652026287255227,4.620371191903349,3.141592653589793,-1.2893945512435923,-0.22019707297760363,6.851587675829062e-17,0.0,-1.0,-1.0
12.52,2.7374864372515995,4.615917669756934,3.141592653589793,-1.2494077680248057,-0.2191689281268431,3.4212508799402276e-16,0.0,-1.0,-1.0
12.540000000000001,2.7097702457776736,4.611464147610519,3.141592653589793,-1.2094209848060156,-0.2181407832760825,6.157342992297792e-16,0.0,-1.0,-1.0
12.56,2.68205405430375,4.607010625464104,3.141592653589793,-1.1694342015872288,-0.21711263842532197,8.893435104655113e-16,0.0,-1.0,-1.0
12.58,2.654337862829826,4.6025571033176895,3.141592653589793,-1.1294474183684422,-0.21608449357456144,1.1629527217012432e-15,0.0,-1.0,-1.0
12.6,2.628456660299254,4.59815076262178,3.141592653589793,-1.089475602733579,-0.2146834464056,1.2907563367492509e-15,0.0,-1.0,-1.0
12.620000000000001,2.6064085401075077,4.593842978587647,3.141592653589793,-1.0495350526721643,-0.21250344888100628,1.1139887130033457e-15,0.0,-1.0,-1.0
12.64,2.5843604199157637,4.589535194553514,3.141592653589793,-1.0095945026107531,-0.21032345135641276,9.37221089257456e-16,0.0,-1.0,-1.0
12.66,2.5623122997240197,4.585227410519382,3.141592653589793,-0.969653952549342,-0.2081434538318192,7.604534655115665e-16,0.0,-1.0,-1.0
12.68,2.5402641795322753,4.580919626485248,3.141592653589793,-0.9297134024879307,-0.20596345630722568,5.836858417656768e-16,0.0,-1.0,-1.0
12.700000000000001,2.518216059340529,4.576611842451115,3.141592653589793,-0.8897728524265159,-0.20378345878263196,4.069182180197714e-16,0.0,-1.0,-1.0
12.72,2.496167939148785,4.572304058416982,3.141592653589793,-0.8498323023651047,-0.20160346125803844,2.3015059427388183e-16,0.0,-1.0,-1.0
12.74,2.4754576945094264,4.568069297047483,3.141592653589793,-0.8099051362764189,-0.19921899980003022,6.798139504803672e-17,0.0,-1.0,-1.0
12.76,2.459071092113672,4.564070524650939,3.141592653589793,-0.770021223470716,-0.1961737676909482,-4.700975026060674e-17,0.0,-1.0,-1.0
12.780000000000001,2.4426844897179163,4.560071752254395,3.141592653589793,-0.7301373106650095,-0.19312853558186588,-1.6200089556926043e-16,0.0,-1.0,-1.0
12.8,2.426297887322162,4.556072979857851,3.141592653589793,-0.6902533978593066,-0.19008330347278385,-2.7699204087790384e-16,0.0,-1.0,-1.0
12.82,2.4099112849264075,4.552074207461308,3.141592653589793,-0.6503694850536037,-0.18703807136370185,-3.919831861865473e-16,0.0,-1.0,-1.0
12.84,2.393524682530653,4.5480754350647645,3.141592653589793,-0.6104855722479008,-0.18399283925461982,-5.069743314951907e-16,0.0,-1.0,-1.0
12.86,2.3771380801348987,4.54407666266822,3.141592653589793,-0.5706016594421978,-0.1809476071455378,-6.219654768038341e-16,0.0,-1.0,-1.0
12.88,2.3615931662928533,4.540142155205313,3.141592653589793,-0.5308836382937635,-0.17689010044068879,-6.885125102927986e-16,0.0,-1.0,-1.0
12.9,2.3508600534403326,4.536575040253446,3.141592653589793,-0.49211399364053027,-0.16704557919214907,-4.7811218105119265e-16,0.0,-1.0,-1.0
12.92,2.3401269405878122,4.533007925301579,3.141592653589793,-0.45334434898729714,-0.1572010579436094,-2.677118518095867e-16,0.0,-1.0,-1.0
12.94,2.3293938277352915,4.529440810349712,3.141592653589793,-0.41457470433406396,-0.1473565366950697,-5.731152256798074e-17,0.0,-1.0,-1.0
12.96,2.3186607148827703,4.525873695397845,3.141592653589793,-0.37580505968082734,-0.13751201544652913,1.5308880667364385e-16,0.0,-1.0,-1.0
12.98,2.3079276020302495,4.522306580445979,3.141592653589793,-0.33703541502759415,-0.12766749419798942,3.634891359152498e-16,0.0,-1.0,-1.0
13.0,2.297194489177729,4.518739465494112,3.141592653589793,-0.298265770374361,-0.11782297294944974,5.738894651568559e-16,0.0,-1.0,-1.0
13.02,2.2867990694895357,4.515258098749674,3.141592653589793,-0.25960795852328383,-0.10764195731840659,7.646732435038737e-16,0.0,-1.0,-1.0
13.040000000000001,2.281561500208923,4.513086431085236,3.141592653589793,-0.22265825605999856,-0.09232140120716528,6.558381793177759e-16,0.0,-1.0,-1.0
13.06,2.276323930928311,4.510914763420798,3.141592653589793,-0.18570855359671656,-0.07700084509592534,5.470031151316878e-16,0.0,-1.0,-1.0
13.08,2.271086361647699,4.508743095756359,3.141592653589793,-0.14875885113343457,-0.061680288984685396,4.3816805094559956e-16,0.0,-1.0,-1.0
13.1,2.2658487923670867,4.506571428091921,3.141592653589793,-0.1118091486701526,-0.04635973287344545,3.2933298675951143e-16,0.0,-1.0,-1.0
13.120000000000001,2.260611223086474,4.504399760427483,3.141592653589793,-0.07485944620686732,-0.031039176762204135,2.2049792257341358e-16,0.0,-1.0,-1.0
13.14,2.255373653805862,4.502228092763045,3.141592653589793,-0.037909743743585356,-0.015718620650964188,1.1166285838732544e-16,0.0,-1.0,-1.0
13.16,2.25013608452525,4.500056425098606,3.141592653589793,-0.0009600412803033587,-0.00039806453972424105,2.827794201237304e-18,1.0,0.0,4.0
