0.0,2.0,5.0,3.0543261909900767,-2.4327215454854044e-18,-3.8681665764929124e-18,-2.488534122653115e-24,1.0,0.0,6.0
0.02,2.0,5.0,3.0543261909900767,0.039426070996637426,-0.006751658311603968,-2.1755887582752516e-17,0.0,-1.0,-1.0
0.04,2.0,5.0,3.0543261909900767,0.07885214199327485,-0.013503316623207933,-4.351177267697091e-17,0.0,-1.0,-1.0
0.06,2.0,5.0,3.0543261909900767,0.11827821298991227,-0.020254974934811897,-6.52676577711893e-17,0.0,-1.0,-1.0
0.08,2.0,5.0,3.0543261909900767,0.1577042839865497,-0.027006633246415862,-8.70235428654077e-17,0.0,-1.0,-1.0
0.1,2.0,5.0,3.0543261909900767,0.19713035498318712,-0.03375829155801983,-1.087794279596261e-16,0.0,-1.0,-1.0
0.12,2.0,5.0,3.0543261909900767,0.23655642597982454,-0.04050994986962379,-1.3053531305384448e-16,0.0,-1.0,-1.0
0.14,2.0,5.0,3.0543261909900767,0.275982496976462,-0.04726160818122776,-1.522911981480629e-16,0.0,-1.0,-1.0
0.16,2.0,5.0,3.0543261909900767,0.3154085679730994,-0.054013266492831724,-1.7404708324228128e-16,0.0,-1.0,-1.0
0.18,2.0013854464535474,4.999762744274869,3.0543261909900767,0.35483522625063874,-0.060761490757361716,-1.6291072234093437e-16,0.0,-1.0,-1.0
0.2,2.0083247083385776,4.998574405594445,3.0543261909900767,0.39426423875105515,-0.06749594901629621,-1.991977917225491e-17,0.0,-1.0,-1.0
0.22,2.0152639702236073,4.997386066914021,3.0543261909900767,0.4336932512514715,-0.0742304072752307,1.2307116399642435e-16,0.0,-1.0,-1.0
0.24,2.0222032321086374,4.996197728233596,3.0543261909900767,0.4731222637518879,-0.08096486553416518,2.6606210716510364e-16,0.0,-1.0,-1.0
0.26,2.029142493993667,4.9950093895531715,3.0543261909900767,0.5125512762523043,-0.08769932379309966,4.090530503337831e-16,0.0,-1.0,-1.0
0.28,2.0360817558786968,4.993821050872747,3.0543261909900767,0.5519802887527208,-0.09443378205203415,5.520439935024625e-16,0.0,-1.0,-1.0
0.3,2.043021017763727,4.992632712192323,3.0543261909900767,0.591409301253137,-0.10116824031096863,6.950349366711417e-16,0.0,-1.0,-1.0
0.32,2.0499602796487566,4.991444373511898,3.0543261909900767,0.6308383137535534,-0.10790269856990312,8.380258798398211e-16,0.0,-1.0,-1.0
0.34,2.0568995415337867,4.990256034831474,3.0543261909900767,0.6702673262539698,-0.11463715682883761,9.810168230085006e-16,0.0,-1.0,-1.0
0.36,2.066609903056934,4.988594393532983,3.0543261909900767,0.7096980279697895,-0.12136170585314814,9.903098515757157e-16,0.0,-1.0,-1.0
0.38,2.080488944552056,4.986220743500673,3.0543261909900767,0.7491312708423123,-0.12807134800534686,7.984755690829327e-16,0.0,-1.0,-1.0
0.4,2.0943679860471778,4.983847093468364,3.0543261909900767,0.7885645137148353,-0.1347809901575456,6.066412865901498e-16,0.0,-1.0,-1.0
0.42,2.1082470275423,4.981473443436054,3.0543261909900767,0.827997756587358,-0.14149063230974435,4.148070040973674e-16,0.0,-1.0,-1.0
0.44,2.1221260690374217,4.979099793403744,3.0543261909900767,0.8674309994598809,-0.1482002744619431,2.2297272160458445e-16,0.0,-1.0,-1.0
0.46,2.136005110532544,4.976726143371435,3.0543261909900767,0.9068642423324037,-0.15490991661414183,3.113843911180162e-17,0.0,-1.0,-1.0
0.48,2.1498841520276657,4.974352493339126,3.0543261909900767,0.9462974852049264,-0.16161955876634054,-1.6069584338098091e-16,0.0,-1.0,-1.0
0.5,2.163763193522788,4.9719788433068155,3.0543261909900767,0.9857307280774493,-0.16832920091853928,-3.5253012587376384e-16,0.0,-1.0,-1.0
0.52,2.1776422350179097,4.969605193274506,3.0543261909900767,1.0251639709499722,-0.17503884307073803,-5.443644083665468e-16,0.0,-1.0,-1.0
0.54,2.1956783719406445,4.966524205456106,3.0543261909900767,1.0646011692226767,-0.18172516840157135,-5.802232147455012e-16,0.0,-1.0,-1.0
0.56,2.2164979376206837,4.962969611878777,3.0543261909900767,1.1040410158768785,-0.18839588169937643,-5.116469334029347e-16,0.0,-1.0,-1.0
0.58,2.2373175033007224,4.959415018301449,3.0543261909900767,1.14348086253108,-0.19506659499718149,-4.430706520603687e-16,0.0,-1.0,-1.0
0.6,2.2581370689807616,4.95586042472412,3.0543261909900767,1.1829207091852816,-0.20173730829498657,-3.744943707178023e-16,0.0,-1.0,-1.0
0.62,2.278956634660801,4.952305831146791,3.0543261909900767,1.2223605558394832,-0.20840802159279165,-3.0591808937523587e-16,0.0,-1.0,-1.0
0.64,2.29977620034084,4.948751237569463,3.0543261909900767,1.2618004024936849,-0.21507873489059676,-2.373418080326694e-16,0.0,-1.0,-1.0
0.66,2.320595766020879,4.945196643992134,3.0543261909900767,1.3012402491478865,-0.22174944818840184,-1.6876552669010303e-16,0.0,-1.0,-1.0
0.68,2.3414153317009183,4.9416420504148055,3.0543261909900767,1.3406800958020881,-0.22842016148620692,-1.0018924534753651e-16,0.0,-1.0,-1.0
0.7000000000000001,2.3622348973809575,4.938087456837477,3.0543261909900767,1.3801199424562898,-0.235090874784012,-3.1612964004970094e-17,0.0,-1.0,-1.0
0.72,2.388598185201626,4.933595218108354,3.0543261909900767,1.419569174619689,-0.24170579459349623,-8.300529265346827e-17,0.0,-1.0,-1.0
0.74,2.4163594373779502,4.928866532734321,3.0543261909900767,1.4590207735336191,-0.24830664491934268,-1.6465019102147248e-16,0.0,-1.0,-1.0
0.76,2.444120689554274,4.924137847360289,3.0543261909900767,1.4984723724475493,-0.25490749524518913,-2.4629508938947666e-16,0.0,-1.0,-1.0
0.78,2.471881941730598,4.919409161986256,3.0543261909900767,1.5379239713614792,-0.2615083455710356,-3.2793998775748086e-16,0.0,-1.0,-1.0
0.8,2.499643193906922,4.914680476612223,3.0543261909900767,1.5773755702754093,-0.26810919589688204,-4.0958488612548506e-16,0.0,-1.0,-1.0
0.8200000000000001,2.527404446083246,4.909951791238191,3.0543261909900767,1.6168271691893394,-0.2747100462227285,-4.912297844934893e-16,0.0,-1.0,-1.0
0.84,2.55516569825957,4.905223105864158,3.0543261909900767,1.6562787681032693,-0.2813108965485749,-5.728746828614931e-16,0.0,-1.0,-1.0
0.86,2.582926950435894,4.9004944204901255,3.0543261909900767,1.6957303670171995,-0.28791174687442134,-6.545195812294972e-16,0.0,-1.0,-1.0
0.88,2.610688202612218,4.895765735116093,3.0543261909900767,1.7351819659311296,-0.2945125972002678,-7.361644795975015e-16,0.0,-1.0,-1.0
0.9,2.6453811723577045,4.889877268353354,3.0543261909900767,1.7746602768388875,-0.30095175203149815,-7.3342307292262e-16,0.0,-1.0,-1.0
0.92,2.680086179509518,4.883986787550128,3.0543261909900767,1.8141386341338679,-0.307390626067334,-7.305351236005325e-16,0.0,-1.0,-1.0
0.9400000000000001,2.714791186661332,4.878096306746903,3.0543261909900767,1.8536169914288483,-0.31382950010316985,-7.276471742784449e-16,0.0,-1.0,-1.0
0.96,2.7494961938131457,4.872205825943677,3.0543261909900767,1.8930953487238285,-0.3202683741390056,-7.247592249563575e-16,0.0,-1.0,-1.0
0.98,2.7842012009649597,4.8663153451404515,3.0543261909900767,1.9325737060188088,-0.3267072481748414,-7.218712756342699e-16,0.0,-1.0,-1.0
1.0,2.8189062081167737,4.860424864337226,3.0543261909900767,1.972052063313789,-0.3331461222106773,-7.189833263121823e-16,0.0,-1.0,-1.0
1.02,2.8536112152685877,4.854534383534,3.0543261909900767,2.0115304206087696,-0.3395849962465131,-7.160953769900948e-16,0.0,-1.0,-1.0
1.04,2.8883162224204018,4.848643902730775,3.0543261909900767,2.05100877790375,-0.34602387028234893,-7.132074276680072e-16,0.0,-1.0,-1.0
1.06,2.9243964678144763,4.842529122174016,3.0543261909900767,2.087165472878072,-0.3491762770166347,-7.025962114326091e-16,0.0,-1.0,-1.0
1.08,2.9660499396023936,4.83550535489182,3.0543261909900767,2.10986095397101,-0.33901009956335837,-6.606860437244779e-16,0.0,-1.0,-1.0
1.1,3.0077034113903114,4.828481587609625,3.0543261909900767,2.132556435063948,-0.32884392211008207,-6.187758760163467e-16,0.0,-1.0,-1.0
1.12,3.049356883178229,4.82145782032743,3.0543261909900767,2.155251916156886,-0.31867774465680576,-5.768657083082154e-16,0.0,-1.0,-1.0
1.1400000000000001,3.091010354966147,4.814434053045234,3.0543261909900767,2.1779473972498247,-0.30851156720352946,-5.349555406000843e-16,0.0,-1.0,-1.0
1.16,3.1326638267540643,4.807410285763039,3.0543261909900767,2.2006428783427623,-0.29834538975025326,-4.930453728919536e-16,0.0,-1.0,-1.0
1.18,3.1743172985419816,4.800386518480844,3.0543261909900767,2.223338359435701,-0.288179212296977,-4.511352051838224e-16,0.0,-1.0,-1.0
1.2,3.2159707703298994,4.793362751198648,3.0543261909900767,2.246033840528639,-0.2780130348437007,-4.092250374756912e-16,0.0,-1.0,-1.0
1.22,3.257624242117817,4.786338983916453,3.0543261909900767,2.268729321621577,-0.2678468573904244,-3.6731486976756e-16,0.0,-1.0,-1.0
1.24,3.300865843994505,4.780026601082784,3.0543261909900767,2.2789555084120776,-0.2559013550991441,-3.902929950410997e-16,0.0,-1.0,-1.0
1.26,3.3465138778305676,4.7747921515270235,3.0543261909900767,2.2702874569204465,-0.24125971085667167,-5.115938352638544e-16,0.0,-1.0,-1.0
1.28,3.3921619116666304,4.769557701971263,3.0543261909900767,2.261619405428815,-0.22661806661419923,-6.328946754866091e-16,0.0,-1.0,-1.0
1.3,3.437809945502693,4.764323252415503,3.0543261909900767,2.252951353937184,-0.21197642237172679,-7.541955157093639e-16,0.0,-1.0,-1.0
1.32,3.483457979338756,4.759088802859743,3.0543261909900767,2.244283302445553,-0.19733477812925435,-8.754963559321186e-16,0.0,-1.0,-1.0
1.34,3.5291060131748186,4.753854353303983,3.0543261909900767,2.2356152509539218,-0.18269313388678193,-9.967971961548733e-16,0.0,-1.0,-1.0
1.36,3.574754047010881,4.748619903748223,3.0543261909900767,2.2269471994622907,-0.1680514896443095,-1.1180980363776282e-15,0.0,-1.0,-1.0
1.3800000000000001,3.6204020808469437,4.743385454192462,3.0543261909900767,2.2182791479706596,-0.15340984540183705,-1.2393988766003828e-15,0.0,-1.0,-1.0
1.4000000000000001,3.6660501146830065,4.738151004636703,3.0543261909900767,2.2096110964790285,-0.1387682011593646,-1.3606997168231375e-15,0.0,-1.0,-1.0
1.42,3.710786997868128,4.734455625735432,3.0543261909900767,2.1825917426031887,-0.1287338213504099,-1.1678633374635996e-15,0.0,-1.0,-1.0
1.44,3.7549093945353618,4.731798207094942,3.0543261909900767,2.143196139103723,-0.12180661363842457,-7.631705697003946e-16,0.0,-1.0,-1.0
1.46,3.7990317912025957,4.729140788454451,3.0543261909900767,2.103800535604257,-0.11487940592643928,-3.584778019371896e-16,0.0,-1.0,-1.0
1.48,3.8431541878698297,4.726483369813961,3.0543261909900767,2.0644049321047917,-0.10795219821445397,4.6214965826015375e-17,0.0,-1.0,-1.0
1.5,3.8872765845370636,4.723825951173471,3.0543261909900767,2.025009328605326,-0.10102499050246866,4.509077335892206e-16,0.0,-1.0,-1.0
1.52,3.9313989812042975,4.721168532532981,3.0543261909900767,1.98561372510586,-0.09409778279048336,8.556005013524254e-16,0.0,-1.0,-1.0
1.54,3.9755213778715315,4.7185111138924904,3.0543261909900767,1.9462181216063945,-0.08717057507849806,1.2602932691156305e-15,0.0,-1.0,-1.0
1.56,4.019643774538766,4.715853695252,3.0543261909900767,1.906822518106929,-0.08024336736651275,1.6649860368788357e-15,0.0,-1.0,-1.0
1.58,4.063766171206,4.71319627661151,3.0543261909900767,1.8674269146074631,-0.07331615965452745,2.0696788046420405e-15,0.0,-1.0,-1.0
1.6,4.1023630849358055,4.711510442732174,3.0543261909900767,1.8279595069186945,-0.0668141450625043,0.050069421246091934,0.0,-1.0,-1.0
1.62,4.139551582208781,4.710072260683876,3.0543261909900767,1.7884737967208009,-0.0604205099540969,0.11290127387882565,0.0,-1.0,-1.0
1.6400000000000001,4.176740079481756,4.708634078635578,3.0543261909900767,1.748988086522907,-0.0540268748456895,0.1757331265115594,0.0,-1.0,-1.0
1.6600000000000001,4.213928576754731,4.7071958965872795,3.0543261909900767,1.7095023763250132,-0.047633239737282104,0.2385649791442931,0.0,-1.0,-1.0
1.68,4.2511170740277056,4.705757714538981,3.0543261909900767,1.6700166661271199,-0.04123960462887477,0.30139683177702614,0.0,-1.0,-1.0
1.7,4.288305571300681,4.7043195324906835,3.0543261909900767,1.630530955929226,-0.03484596952046737,0.36422868440975986,0.0,-1.0,-1.0
1.72,4.325494068573656,4.702881350442385,3.0543261909900767,1.5910452457313324,-0.028452334412059965,0.4270605370424936,0.0,-1.0,-1.0
1.74,4.362682565846631,4.7014431683940865,3.0543261909900767,1.5515595355334386,-0.022058699303652562,0.4898923896752273,0.0,-1.0,-1.0
1.76,4.3998710631196065,4.700004986345788,3.0543261909900767,1.5120738253355448,-0.01566506419524516,0.5527242423079609,0.0,-1.0,-1.0
1.78,4.43013389722319,4.6996882267808875,3.065346690443228,1.4724497921110167,-0.010193980667942632,0.6155560942419549,2.0,-1.0,-1.0
1.8,4.460372635698161,4.699375368846634,3.0764055321973895,1.4328252776357844,-0.004726106863626843,0.6783879461735178,0.0,-1.0,-1.0
1.82,4.490611374173133,4.6990625109123805,3.087464373951551,1.3932007631605519,0.0007417669406889482,0.7412197981050808,0.0,-1.0,-1.0
1.84,4.520850112648105,4.698749652978127,3.098523215705712,1.3535762486853193,0.006209640745004737,0.8040516500366436,0.0,-1.0,-1.0
1.86,4.551088851123077,4.6984367950438735,3.109582057459874,1.313951734210087,0.011677514549320527,0.8668835019682065,0.0,-1.0,-1.0
1.8800000000000001,4.5813275895980485,4.69812393710962,3.120640899214035,1.2743272197348547,0.017145388353636316,0.9297153538997693,0.0,-1.0,-1.0
1.9000000000000001,4.609535733217331,4.698091285420557,3.134919617274454,1.2346332709719607,0.02202821968354994,0.9925472056096749,0.0,-1.0,-1.0
1.92,4.634537042392305,4.698501151861622,3.154283352770218,1.1948296675112506,0.0259871176384541,1.0553790569695254,0.0,-1.0,-1.0
1.94,4.659538351567281,4.698911018302687,3.1736470882659824,1.15502606405054,0.0299460155933583,1.1182109083293765,0.0,-1.0,-1.0
1.96,4.684539660742256,4.699320884743752,3.193010823761747,1.1152224605898295,0.03390491354826251,1.181042759689228,0.0,-1.0,-1.0
1.98,4.709540969917231,4.699730751184817,3.2123745592575115,1.0754188571291192,0.03786381150316671,1.243874611049079,0.0,-1.0,-1.0
2.0,4.7345422790922065,4.700140617625882,3.231738294753276,1.0356152536684087,0.041822709458070914,1.3067064624089302,0.0,-1.0,-1.0
2.02,4.7595435882671815,4.700550484066948,3.25110203024904,0.9958116502076981,0.045781607412975114,1.3695383137687813,0.0,-1.0,-1.0
2.04,4.7804471117168825,4.701367919524809,3.2769343123388115,0.9558646033295528,0.047427226297547316,1.4323701642579127,0.0,-1.0,-1.0
2.06,4.800187320238098,4.702301059207686,3.3046029415006117,0.915876834490797,0.04841613146971817,1.4952020144998566,0.0,-1.0,-1.0
2.08,4.819927528759313,4.703234198890565,3.3322715706624124,0.8758890656520413,0.04940503664188902,1.5580338647418004,0.0,-1.0,-1.0
2.1,4.839667737280528,4.704167338573442,3.359940199824213,0.8359012968132855,0.050393941814059866,1.6208657149837442,0.0,-1.0,-1.0
2.12,4.859407945801743,4.70510047825632,3.387608828986014,0.7959135279745297,0.05138284698623072,1.683697565225688,0.0,-1.0,-1.0
2.14,4.879148154322958,4.706033617939197,3.415277458147814,0.755925759135774,0.05237175215840157,1.746529415467632,0.0,-1.0,-1.0
2.16,4.8979895248468015,4.706988986057678,3.444358410529505,0.7171182006476979,0.049490987239582125,1.8052319258800453,0.0,-1.0,-1.0
2.18,4.912444290380734,4.708052835756622,3.4803319332095803,0.6840704304958746,0.027725045926236643,1.843781991965178,0.0,-1.0,-1.0
2.2,4.926899055914667,4.709116685455565,3.5163054558896563,0.6510226603440512,0.005959104612891161,1.8823320580503105,0.0,-1.0,-1.0
2.22,4.9413538214486,4.710180535154508,3.5522789785697317,0.6179748901922278,-0.015806836700454317,1.920882124135443,0.0,-1.0,-1.0
2.24,4.955808586982533,4.711244384853451,3.5882525012498077,0.5849271200404045,-0.0375727780137998,1.9594321902205756,0.0,-1.0,-1.0
2.2600000000000002,4.970263352516466,4.712308234552395,3.624226023929883,0.5518793498885811,-0.059338719327145274,1.9979822563057081,0.0,-1.0,-1.0
2.2800000000000002,4.984718118050398,4.713372084251338,3.660199546609959,0.5188315797367578,-0.08110466064049077,2.036532322390841,0.0,-1.0,-1.0
2.3000000000000003,4.99672133328644,4.712821292488377,3.699032791006827,0.4989809143049939,-0.10083772784823365,2.0471164297777924,0.0,-1.0,-1.0
2.32,5.006807960510415,4.711008196430728,3.740101726168417,0.48944756225742175,-0.1189815222826663,2.0358371386315857,0.0,-1.0,-1.0
2.34,5.016894587734391,4.70919510037308,3.781170661330008,0.4799142102098494,-0.13712531671709935,2.0245578474853785,0.0,-1.0,-1.0
2.36,5.026981214958367,4.7073820043154315,3.822239596491599,0.47038085816227704,-0.1552691111515324,2.0132785563391717,0.0,-1.0,-1.0
2.38,5.037067842182342,4.705568908257783,3.86330853165319,0.4608475061147047,-0.17341290558596545,2.001999265192965,0.0,-1.0,-1.0
2.4,5.047154469406317,4.703755812200135,3.904377466814781,0.4513141540671324,-0.19155670002039848,1.9907199740467578,0.0,-1.0,-1.0
2.42,5.057241096630293,4.7019427161424865,3.9454464019763718,0.44178080201956005,-0.20970049445483155,1.9794406829005509,0.0,-1.0,-1.0
2.44,5.066127606259362,4.6978455664979695,3.9850954298802534,0.454637150733447,-0.22435791824257018,1.9207034130177894,0.0,-1.0,-1.0
2.46,5.07495414845763,4.693634287349815,4.024673507911739,0.46861226717203913,-0.2388411351930922,1.8595947646402515,0.0,-1.0,-1.0
2.48,5.0837806906558995,4.689423008201661,4.064251585943225,0.48258738361063125,-0.25332435214361415,1.7984861162627137,0.0,-1.0,-1.0
2.5,5.092607232854168,4.685211729053507,4.103829663974712,0.49656250004922337,-0.26780756909413617,1.737377467885176,0.0,-1.0,-1.0
2.52,5.101433775052437,4.681000449905352,4.143407742006198,0.5105376164878155,-0.2822907860446582,1.6762688195076383,0.0,-1.0,-1.0
2.54,5.110260317250706,4.676789170757198,4.1829858200376835,0.5245127329264077,-0.29677400299518014,1.6151601711301005,0.0,-1.0,-1.0
2.56,5.11972152423755,4.671920151985608,4.219788714937561,0.54656432741745,-0.309995084650068,1.5534594556339674,0.0,-1.0,-1.0
2.58,5.130395248294718,4.665794532035568,4.251289666227324,0.5840459058669202,-0.3208048767256952,1.490627605244269,0.0,-1.0,-1.0
2.6,5.141068972351887,4.659668912085527,4.282790617517087,0.6215274843163903,-0.3316146688013224,1.4277957548545708,0.0,-1.0,-1.0
2.62,5.1517426964090545,4.6535432921354865,4.3142915688068495,0.6590090627658604,-0.34242446087694967,1.3649639044648725,0.0,-1.0,-1.0
2.64,5.162416420466223,4.647417672185445,4.345792520096612,0.6964906412153304,-0.3532342529525769,1.3021320540751742,0.0,-1.0,-1.0
2.66,5.173090144523392,4.641292052235404,4.377293471386376,0.7339722196648006,-0.3640440450282041,1.2393002036854759,0.0,-1.0,-1.0
2.68,5.18376386858056,4.635166432285364,4.408794422676139,0.7714537981142707,-0.3748538371038313,1.1764683532957776,0.0,-1.0,-1.0
2.7,5.198077732813063,4.627990985725845,4.434193263212949,0.810431416572243,-0.3731706361146884,1.1136365020952916,0.0,-1.0,-1.0
2.72,5.213705640404873,4.620436565385603,4.457389320964906,0.8499490860567528,-0.3669776267709476,1.0508046506021218,0.0,-1.0,-1.0
2.74,5.229333547996683,4.6128821450453605,4.480585378716865,0.8894667555412626,-0.3607846174272067,0.987972799108952,0.0,-1.0,-1.0
2.7600000000000002,5.244961455588493,4.605327724705118,4.503781436468823,0.9289844250257724,-0.3545916080834658,0.9251409476157821,0.0,-1.0,-1.0
2.7800000000000002,5.260589363180303,4.597773304364876,4.52697749422078,0.9685020945102822,-0.3483985987397249,0.8623090961226123,0.0,-1.0,-1.0
2.8000000000000003,5.276217270772113,4.590218884024634,4.550173551972739,1.008019763994792,-0.342205589395984,0.7994772446294425,0.0,-1.0,-1.0
2.82,5.292502982257596,4.582767551384476,4.572323722224294,1.0475372872624953,-0.33601164630711194,0.7366453930667904,0.0,-1.0,-1.0
2.84,5.313354196753397,4.576031701291003,4.587214886292593,1.0870537957091055,-0.32981122253874107,0.6738135410218848,0.0,-1.0,-1.0
2.86,5.334205411249198,4.569295851197528,4.602106050360894,1.1265703041557156,-0.32361079877037013,0.6109816889769791,0.0,-1.0,-1.0
2.88,5.355056625744998,4.562560001104054,4.616997214429194,1.1660868126023258,-0.31741037500199926,0.5481498369320735,0.0,-1.0,-1.0
2.9,5.375907840240799,4.55582415101058,4.631888378497495,1.205603321048936,-0.3112099512336284,0.48531798488716793,0.0,-1.0,-1.0
2.92,5.3967590547366004,4.549088300917106,4.6467795425657945,1.2451198294955463,-0.3050095274652575,0.42248613284226233,0.0,-1.0,-1.0
2.94,5.417610269232401,4.542352450823632,4.661670706634094,1.2846363379421566,-0.2988091036968866,0.3596542807973567,0.0,-1.0,-1.0
2.96,5.441162437567809,4.536040399771184,4.67226731284034,1.3238375382100975,-0.2910121461217888,0.30354616841941173,0.0,-1.0,-1.0
2.98,5.467236805505684,4.530124099937112,4.678853583152057,1.3627442979914104,-0.2817243163690173,0.25371680589139545,0.0,-1.0,-1.0
3.0,5.493311173443559,4.52420780010304,4.685439853463772,1.401651057772723,-0.27243648661624575,0.2038874433633792,0.0,-1.0,-1.0
3.02,5.519385541381435,4.518291500268968,4.692026123775488,1.440557817554036,-0.2631486568634743,0.15405808083536293,0.0,-1.0,-1.0
3.04,5.54545990931931,4.512375200434896,4.698612394087204,1.4794645773353488,-0.2538608271107028,0.1042287183073467,0.0,-1.0,-1.0
3.06,5.571534277257185,4.506458900600824,4.70519866439892,1.5183713371166616,-0.24457299735793128,0.054399355779330416,0.0,-1.0,-1.0
3.08,5.59760864519506,4.500542600766752,4.711784934710636,1.5572780968979743,-0.23528516760515977,0.004569993251314186,0.0,-1.0,-1.0
3.1,5.628353933352003,4.495741343974746,4.71238898038469,1.576671463727221,-0.21671250429740901,-2.46618400539615e-15,0.0,-1.0,-1.0
3.12,5.659570860292688,4.491052676890874,4.71238898038469,1.5940944965565382,-0.19720231960206563,-1.8692063516082647e-15,0.0,-1.0,-1.0
3.14,5.690787787233374,4.4863640098070015,4.71238898038469,1.6115175293858557,-0.17769213490672223,-1.272228697820379e-15,0.0,-1.0,-1.0
3.16,5.722004714174059,4.481675342723128,4.71238898038469,1.628940562215173,-0.15818195021137885,-6.752510440324935e-16,0.0,-1.0,-1.0
3.18,5.753221641114743,4.476986675639256,4.71238898038469,1.6463635950444901,-0.13867176551603544,-7.827339024460818e-17,0.0,-1.0,-1.0
3.2,5.785273890997528,4.473233397074723,4.71238898038469,1.6551772806584164,-0.11975603745347611,3.6260513411411554e-16,0.0,-1.0,-1.0
3.22,5.818396915083916,4.470679163629599,4.71238898038469,1.6529549148920952,-0.10160232464928684,6.033850947034078e-16,0.0,-1.0,-1.0
3.24,5.851519939170305,4.4681249301844765,4.71238898038469,1.6507325491257743,-0.08344861184509758,8.441650552927002e-16,0.0,-1.0,-1.0
3.2600000000000002,5.884642963256693,4.465570696739354,4.71238898038469,1.648510183359453,-0.06529489904090831,1.0849450158819926e-15,0.0,-1.0,-1.0
3.2800000000000002,5.917765987343081,4.46301646329423,4.71238898038469,1.6462878175931321,-0.047141186236719035,1.325724976471285e-15,0.0,-1.0,-1.0
3.3000000000000003,5.950889011429469,4.4604622298491075,4.71238898038469,1.644065451826811,-0.02898747343252976,1.5665049370605773e-15,0.0,-1.0,-1.0
3.3200000000000003,5.983776641020617,4.45983085002558,4.71238898038469,1.6230097311050002,-0.013801305861092036,1.603204454977592e-15,0.0,-1.0,-1.0
3.34,6.016656536078586,4.459262650843204,4.71238898038469,1.601335188738241,0.0012873548547303014,1.633198348987721e-15,0.0,-1.0,-1.0
3.36,6.049536431136556,4.458694451660827,4.71238898038469,1.5796606463714813,0.016376015570552977,1.6631922429978504e-15,0.0,-1.0,-1.0
3.38,6.082416326194526,4.458126252478451,4.71238898038469,1.5579861040047216,0.03146467628637564,1.6931861370079799e-15,0.0,-1.0,-1.0
3.4,6.115296221252495,4.457558053296075,4.71238898038469,1.536311561637962,0.046553337002198325,1.7231800310181093e-15,0.0,-1.0,-1.0
3.42,6.146994923882625,4.457812137301144,4.71238898038469,1.505782636517294,0.0574200955200088,1.2494803462455418e-15,0.0,-1.0,-1.0
3.44,6.177503602416788,4.458894652630108,4.71238898038469,1.4663331252298832,0.06403338506186997,2.683210117099355e-16,0.0,-1.0,-1.0
3.46,6.2080122809509515,4.459977167959072,4.71238898038469,1.4268836139424723,0.07064667460373114,-7.12838322825671e-16,0.0,-1.0,-1.0
3.48,6.238520959485115,4.461059683288036,4.71238898038469,1.3874341026550616,0.07725996414559232,-1.6939976573612774e-15,0.0,-1.0,-1.0
3.5,6.269029638019278,4.462142198616999,4.71238898038469,1.3479845913676507,0.08387325368745349,-2.6751569918968835e-15,0.0,-1.0,-1.0
3.52,6.299417094210274,4.463245035578048,4.71238898038469,1.3085210966801133,0.09024316739073646,-3.6015382144469344e-15,0.0,-1.0,-1.0
3.54,6.325609956915991,4.465051051370044,4.71238898038469,1.2685737416947023,0.08819167394824003,-2.632461011861672e-15,0.0,-1.0,-1.0
3.56,6.351802819621708,4.466857067162041,4.71238898038469,1.2286263867092913,0.0861401805057436,-1.6633838092764094e-15,0.0,-1.0,-1.0
3.58,6.377995682327424,4.468663082954038,4.71238898038469,1.1886790317238802,0.08408868706324717,-6.943066066911472e-16,0.0,-1.0,-1.0
3.6,6.404188545033141,4.470469098746034,4.71238898038469,1.148731676738469,0.08203719362075074,2.747705958941149e-16,0.0,-1.0,-1.0
3.62,6.4303814077388575,4.472275114538031,4.71238898038469,1.108784321753058,0.07998570017825431,1.2438477984793778e-15,0.0,-1.0,-1.0
3.64,6.454135487328755,4.473955886804602,4.71238898038469,1.0688513399451498,0.07768215663291293,1.4178803268858462e-15,0.0,-1.0,-1.0
3.66,6.475958069609587,4.4755374671706045,4.71238898038469,1.0289297415823249,0.07517899136137678,9.622436408378864e-16,0.0,-1.0,-1.0
3.68,6.4977806518904195,4.477119047536607,4.71238898038469,0.9890081432194999,0.07267582608984063,5.066069547899269e-16,0.0,-1.0,-1.0
3.7,6.519603234171251,4.478700627902608,4.71238898038469,0.9490865448566751,0.07017266081830448,5.0970268741967295e-17,0.0,-1.0,-1.0
3.72,6.541425816452084,4.48028220826861,4.71238898038469,0.9091649464938502,0.06766949554676834,-4.0466641730599226e-16,0.0,-1.0,-1.0
3.74,6.562864113000755,4.481839693138977,4.71238898038469,0.8692449001491804,0.06514283596246595,-7.876474353736465e-16,0.0,-1.0,-1.0
3.7600000000000002,6.580319232656868,4.483147424731,4.71238898038469,0.8293409406959436,0.06237265444673347,-4.1754200345857832e-16,0.0,-1.0,-1.0
3.7800000000000002,6.597774352312983,4.4844551563230235,4.71238898038469,0.7894369812427067,0.05960247293100099,-4.743657154351016e-17,0.0,-1.0,-1.0
3.8000000000000003,6.615229471969097,4.485762887915047,4.71238898038469,0.7495330217894699,0.05683229141526851,3.226688603715579e-16,0.0,-1.0,-1.0
3.8200000000000003,6.63268459162521,4.487070619507069,4.71238898038469,0.709629062336233,0.054062109899536026,6.927742922866263e-16,0.0,-1.0,-1.0
3.84,6.650139711281324,4.488378351099092,4.71238898038469,0.669725102882997,0.051291928383803614,1.0628797242016859e-15,0.0,-1.0,-1.0
3.86,6.664897199969076,4.489498809860368,4.71238898038469,0.629828950749267,0.04841276815720554,7.17882833984038e-16,0.0,-1.0,-1.0
3.88,6.67798678671475,4.490503480835337,4.71238898038469,0.5899376257559134,0.04546622814233039,-6.925034761603417e-17,0.0,-1.0,-1.0
3.9,6.691076373460423,4.491508151810305,4.71238898038469,0.5500463007625597,0.04251968812745524,-8.563835292161062e-16,0.0,-1.0,-1.0
3.92,6.7041659602060975,4.492512822785274,4.71238898038469,0.510154975769206,0.03957314811258009,-1.6435167108161785e-15,0.0,-1.0,-1.0
3.94,6.717255546951771,4.493517493760242,4.71238898038469,0.4702636507758523,0.03662660809770494,-2.4306498924162504e-15,0.0,-1.0,-1.0
3.96,6.7296997250261095,4.494474492152855,4.71238898038469,0.43037372220813946,0.03366155775402955,-2.983163003458519e-15,0.0,-1.0,-1.0
3.98,6.738425161083839,4.495156808715301,4.71238898038469,0.39049183962266165,0.030589853842610273,-2.183832618938965e-15,0.0,-1.0,-1.0
4.0,6.747150597141568,4.4958391252777465,4.71238898038469,0.3506099570371838,0.02751814993119099,-1.3845022344194111e-15,0.0,-1.0,-1.0
4.0200000000000005,6.755876033199297,4.496521441840192,4.71238898038469,0.3107280744517051,0.024446446019771646,-5.851718498998396e-16,0.0,-1.0,-1.0
4.04,6.764601469257026,4.497203758402638,4.71238898038469,0.27084619186622816,0.021374742108352433,2.1415853461969665e-16,0.0,-1.0,-1.0
4.0600000000000005,6.773326905314756,4.497886074965084,4.71238898038469,0.23096430928074943,0.018303038196933085,1.013488919139268e-15,0.0,-1.0,-1.0
4.08,6.779094850395289,4.498340605474974,4.71238898038469,0.19108737909069845,0.01516800198326029,1.1135017231065364e-15,0.0,-1.0,-1.0
4.1,6.7834571687739,4.498686874569946,4.71238898038469,0.1512128026590538,0.012002865398756835,8.811451396680115e-16,0.0,-1.0,-1.0
4.12,6.787819487152512,4.499033143664919,4.71238898038469,0.11133822622740738,0.008837728814253239,6.487885562294761e-16,0.0,-1.0,-1.0
4.14,6.792181805531123,4.499379412759891,4.71238898038469,0.07146364979576272,0.005672592229749784,4.164319727909512e-16,0.0,-1.0,-1.0
4.16,6.796544123909735,4.499725681854864,4.71238898038469,0.031589073364116316,0.0025074556452461885,1.8407538935241587e-16,0.0,-1.0,-1.0
4.18,6.8,4.5,4.71238898038469,-0.0082762269204154,0.0007656204234312018,-0.0076247986987299865,3.0,-1.0,-1.0
4.2,6.8,4.5,4.71238898038469,-0.048106161230270054,0.0044502234997829855,-0.04431968807484651,0.0,-1.0,-1.0
4.22,6.8,4.5,4.71238898038469,-0.08793609554012294,0.008134826576134605,-0.0810145774509614,0.0,-1.0,-1.0
4.24,6.8,4.5,4.71238898038469,-0.1277660298499776,0.011819429652486387,-0.11770946682707792,0.0,-1.0,-1.0
4.26,6.8,4.5,4.71238898038469,-0.1675959641598305,0.015504032728838006,-0.15440435620319282,0.0,-1.0,-1.0
4.28,6.8,4.5,4.71238898038469,-0.20742589846968515,0.01918863580518979,-0.19109924557930932,0.0,-1.0,-1.0
4.3,6.8,4.5,4.71238898038469,-0.24725583277953803,0.02287323888154141,-0.22779413495542422,0.0,-1.0,-1.0
4.32,6.8,4.5,4.71238898038469,-0.2870857670893927,0.026557841957893194,-0.26448902433154076,0.0,-1.0,-1.0
4.34,6.8,4.5,4.71238898038469,-0.3269157013992456,0.03024244503424481,-0.3011839137076556,0.0,-1.0,-1.0
4.36,6.793540445626286,4.500597562971912,4.706437862531508,-0.36674630758366056,0.03391977709311884,-0.3578066788488972,0.0,-1.0,-1.0
4.38,6.786991225294882,4.501203420797161,4.700404136397513,-0.40657692309445637,0.03759700822200468,-0.41470606555903017,0.0,-1.0,-1.0
4.4,6.780442004963478,4.501809278622411,4.6943704102635175,-0.44640753860525395,0.04127423935089069,-0.4716054522691657,0.0,-1.0,-1.0
4.42,6.773892784632074,4.50241513644766,4.688336684129522,-0.4862381541160498,0.04495147047977653,-0.5285048389792987,0.0,-1.0,-1.0
4.44,6.76734356430067,4.50302099427291,4.682302957995526,-0.5260687696268475,0.04862870160866255,-0.5854042256894342,0.0,-1.0,-1.0
4.46,6.760794343969266,4.503626852098159,4.676269231861531,-0.5658993851376433,0.05230593273754839,-0.6423036123995671,0.0,-1.0,-1.0
4.48,6.754245123637862,4.504232709923409,4.670235505727536,-0.6057300006484408,0.0559831638664344,-0.6992029991097026,0.0,-1.0,-1.0
4.5,6.747695903306458,4.504838567748658,4.664201779593541,-0.6455606161592367,0.05966039499532025,-0.7561023858198357,0.0,-1.0,-1.0
4.5200000000000005,6.736137565607151,4.505906875929678,4.651012359214361,-0.6853919023061793,0.06333035168227891,-0.8115725168297718,0.0,-1.0,-1.0
4.54,6.723039012934741,4.507117379413772,4.635622689447935,-0.7252233946618704,0.06699807160703869,-0.8666031769972088,0.0,-1.0,-1.0
4.5600000000000005,6.709940460262332,4.508327882897868,4.620233019681508,-0.7650548870175632,0.07066579153179864,-0.9216338371646481,0.0,-1.0,-1.0
4.58,6.696841907589923,4.509538386381964,4.604843349915082,-0.8048863793732542,0.07433351145655843,-0.9766644973320849,0.0,-1.0,-1.0
4.6000000000000005,6.683743354917513,4.5107488898660595,4.5894536801486545,-0.8447178717289471,0.07800123138131838,-1.0316951574995243,0.0,-1.0,-1.0
4.62,6.670644802245104,4.511959393350154,4.574064010382229,-0.8845493640846381,0.08166895130607817,-1.0867258176669612,0.0,-1.0,-1.0
4.64,6.657546249572695,4.51316989683425,4.558674340615803,-0.9243808564403292,0.08533667123083796,-1.141756477834398,0.0,-1.0,-1.0
4.66,6.6444476969002855,4.514380400318346,4.543284670849376,-0.964212348796022,0.08900439115559791,-1.1967871380018373,0.0,-1.0,-1.0
4.68,6.627790496002268,4.515918587357095,4.5229784200166385,-1.0040444773337451,0.09266518921627469,-1.2478164565807293,0.0,-1.0,-1.0
4.7,6.608142466809594,4.5177321725765065,4.498540080583438,-1.043877140543936,0.09632016986943091,-1.2954828899063167,0.0,-1.0,-1.0
4.72,6.58849443761692,4.519545757795918,4.474101741150238,-1.0837098037541248,0.09997515052258697,-1.3431493232319018,0.0,-1.0,-1.0
4.74,6.568846408424246,4.52135934301533,4.449663401717038,-1.1235424669643157,0.1036301311757432,-1.3908157565574892,0.0,-1.0,-1.0
4.76,6.549198379231573,4.523172928234742,4.425225062283838,-1.1633751301745048,0.10728511182889927,-1.4384821898830746,0.0,-1.0,-1.0
4.78,6.529550350038899,4.524986513454154,4.400786722850637,-1.2032077933846954,0.1109400924820555,-1.486148623208662,0.0,-1.0,-1.0
4.8,6.509902320846225,4.526800098673566,4.3763483834174375,-1.2430404565948845,0.11459507313521156,-1.5338150565342472,0.0,-1.0,-1.0
4.82,6.490254291653551,4.528613683892978,4.351910043984237,-1.2828731198050753,0.11825005378836778,-1.5814814898598346,0.0,-1.0,-1.0
4.84,6.468498131682906,4.530620707777717,4.324948974031122,-1.3227063116820592,0.12189925796523547,-1.6197677173380187,0.0,-1.0,-1.0
4.86,6.4423004334468255,4.533035280019059,4.292672861835534,-1.3625406173864332,0.12553629191018878,-1.6382911560726363,0.0,-1.0,-1.0
4.88,6.416102735210747,4.535449852260401,4.2603967496399475,-1.4023749230908054,0.1291733258551419,-1.656814594807253,0.0,-1.0,-1.0
4.9,6.389905036974667,4.537864424501743,4.228120637444359,-1.4422092287951793,0.13281035980009523,-1.6753380335418706,0.0,-1.0,-1.0
4.92,6.363707338738587,4.540278996743084,4.195844525248773,-1.4820435344995517,0.13644739374504836,-1.6938614722764873,0.0,-1.0,-1.0
4.94,6.337509640502507,4.5426935689844266,4.163568413053184,-1.5218778402039257,0.14008442769000168,-1.712384911011105,0.0,-1.0,-1.0
4.96,6.311311942266427,4.545108141225768,4.131292300857598,-1.5617121459082979,0.1437214616349548,-1.7309083497457218,0.0,-1.0,-1.0
4.98,6.285114244030347,4.54752271346711,4.09901618866201,-1.6015464516126718,0.1473584955799081,-1.7494317884803394,0.0,-1.0,-1.0
5.0,6.258259009958813,4.549997321401588,4.066434314271037,-1.6413810053636386,0.15099280222931932,-1.7640913219534184,0.0,-1.0,-1.0
5.0200000000000005,6.225511372604658,4.553009929694734,4.031112400377045,-1.6812177819448906,0.15460266865154093,-1.7441250801924069,0.0,-1.0,-1.0
5.04,6.192763735250505,4.5560225379878805,3.995790486483054,-1.7210545585261405,0.15821253507376237,-1.7241588384313964,0.0,-1.0,-1.0
5.0600000000000005,6.16001609789635,4.559035146281027,3.9604685725890616,-1.7608913351073925,0.16182240149598395,-1.7041925966703848,0.0,-1.0,-1.0
5.08,6.127268460542197,4.562047754574173,3.925146658695071,-1.8007281116886427,0.1654322679182054,-1.6842263549093743,0.0,-1.0,-1.0
5.1000000000000005,6.094520823188042,4.565060362867319,3.889824744801079,-1.8405648882698946,0.169042134340427,-1.6642601131483628,0.0,-1.0,-1.0
5.12,6.061773185833888,4.568072971160465,3.854502830907088,-1.8804016648511446,0.17265200076264844,-1.6442938713873523,0.0,-1.0,-1.0
5.14,6.029025548479735,4.571085579453611,3.8191809170130977,-1.9202384414323947,0.17626186718486989,-1.6243276296263416,0.0,-1.0,-1.0
5.16,5.99627791112558,4.574098187746758,3.7838590031191055,-1.9600752180136467,0.17987173360709147,-1.6043613878653302,0.0,-1.0,-1.0
5.18,5.957773123601531,4.5776324884274295,3.7514225800205896,-1.9999156304436472,0.1834412126715728,-1.5595216296561336,0.0,-1.0,-1.0
5.2,5.918475140843995,4.581238665627372,3.71938370735548,-2.0397565438051544,0.18700512734070113,-1.5112549060031852,0.0,-1.0,-1.0
5.22,5.879177158086461,4.584844842827314,3.687344834690372,-2.07959745716666,0.1905690420098293,-1.462988182350239,0.0,-1.0,-1.0
5.24,5.8398791753289245,4.588451020027256,3.655305962025263,-2.119438370528167,0.19413295667895766,-1.4147214586972905,0.0,-1.0,-1.0
5.26,5.800581192571389,4.592057197227199,3.6232670893601546,-2.1592792838896724,0.19769687134808583,-1.3664547350443443,0.0,-1.0,-1.0
5.28,5.761283209813853,4.595663374427141,3.591228216695045,-2.1991201972511796,0.2012607860172142,-1.318188011391396,0.0,-1.0,-1.0
5.3,5.721985227056319,4.599269551627083,3.5591893440299374,-2.2389611106126854,0.20482470068634237,-1.2699212877384496,0.0,-1.0,-1.0
5.32,5.682687244298783,4.6028757288270254,3.527150471364828,-2.2788020239741926,0.2083886153554707,-1.2216545640855012,0.0,-1.0,-1.0
5.34,5.639082436038185,4.606867167239442,3.5003292591105537,-2.3186484210347458,0.21189039011087035,-1.168842745405509,0.0,-1.0,-1.0
5.36,5.593233427668128,4.61105935751761,3.4762268647087273,-2.358497675540534,0.21535978500758018,-1.1136625691614708,0.0,-1.0,-1.0
5.38,5.547384419298073,4.615251547795778,3.4521244703069023,-2.3983469300463205,0.21882917990428988,-1.058482392917435,0.0,-1.0,-1.0
5.4,5.501535410928016,4.619443738073946,3.428022075905076,-2.4381961845521087,0.2222985748009997,-1.0033022166733967,0.0,-1.0,-1.0
5.42,5.45568640255796,4.6236359283521145,3.403919681503251,-2.4780454390578948,0.2257679696977094,-0.9481220404293609,0.0,-1.0,-1.0
5.44,5.409837394187903,4.627828118630283,3.3798172871014245,-2.517894693563683,0.22923736459441924,-0.8929418641853226,0.0,-1.0,-1.0
5.46,5.363988385817848,4.632020308908451,3.3557148926995994,-2.5577439480694695,0.23270675949112893,-0.8377616879412868,0.0,-1.0,-1.0
5.48,5.31813937744779,4.63621249918662,3.331612498297773,-2.5975932025752577,0.23617615438783876,-0.7825815116972485,0.0,-1.0,-1.0
5.5,5.2694338681671935,4.640653384949919,3.3114655661910333,-2.629952348350171,0.23268657470580242,-0.728657998334608,0.0,-1.0,-1.0
5.5200000000000005,5.217032462653563,4.645416046457552,3.2964364263252683,-2.6526203840885794,0.22019309523978803,-0.6763604237533604,0.0,-1.0,-1.0
5.54,5.1646310571399345,4.650178707965183,3.2814072864595043,-2.675288419826987,0.2076996157737742,-0.6240628491721152,0.0,-1.0,-1.0
5.5600000000000005,5.112229651626304,4.654941369472815,3.2663781465937394,-2.697956455565395,0.1952061363077598,-0.5717652745908676,0.0,-1.0,-1.0
5.58,5.059828246112676,4.659704030980446,3.2513490067279753,-2.720624491303803,0.18271265684174595,-0.5194677000096223,0.0,-1.0,-1.0
5.6000000000000005,5.007426840599044,4.664466692488078,3.2363198668622104,-2.743292527042211,0.17021917737573156,-0.4671701254283747,0.0,-1.0,-1.0
5.62,4.955025435085416,4.669229353995711,3.2212907269964464,-2.7659605627806187,0.15772569790971772,-0.4148725508471295,0.0,-1.0,-1.0
5.64,4.902624029571787,4.673992015503342,3.206261587130682,-2.788628598519026,0.14523221844370388,-0.36257497626588425,0.0,-1.0,-1.0
5.66,4.849423241082086,4.678314097381037,3.1930767089950693,-2.8049688569911457,0.1322367636586179,-0.3131069716748127,0.0,-1.0,-1.0
5.68,4.793294539425409,4.681022461005768,3.1866468386150664,-2.7981322616519426,0.11740271562073343,-0.2740028796001638,0.0,-1.0,-1.0
5.7,4.73716583776873,4.6837308246305,3.1802169682350634,-2.7912956663127395,0.10256866758284833,-0.2348987875255132,0.0,-1.0,-1.0
5.72,4.681037136112054,4.686439188255231,3.173787097855061,-2.7844590709735364,0.08773461954496387,-0.1957946954508643,0.0,-1.0,-1.0
5.74,4.624908434455375,4.689147551879962,3.1673572274750574,-2.7776224756343333,0.07290057150707875,-0.15669060337621368,0.0,-1.0,-1.0
5.76,4.568779732798698,4.691855915504693,3.160927357095055,-2.7707858802951306,0.0580665234691943,-0.1175865113015648,0.0,-1.0,-1.0
5.78,4.51265103114202,4.694564279129424,3.154497486715052,-2.7639492849559275,0.04323247543130919,-0.07848241922691421,0.0,-1.0,-1.0
5.8,4.4565223294853435,4.697272642754156,3.148067616335049,-2.7571126896167244,0.028398427393424727,-0.0393783271522653,0.0,-1.0,-1.0
5.82,4.400393627828665,4.699981006378887,3.141637745955046,-2.7502760942775213,0.013564379355539613,-0.000274235077614704,0.0,-1.0,-1.0
5.84,4.34538118118759,4.700267319097821,3.141592653589793,-2.714103820398096,-0.0030517501031074416,1.9456271300405575e-16,0.0,-1.0,-1.0
5.86,4.290376618074925,4.70053652613135,3.141592653589793,-2.6777243638838746,-0.01968046547565037,3.5339257607346544e-16,0.0,-1.0,-1.0
5.88,4.235372054962262,4.700805733164878,3.141592653589793,-2.6413449073696547,-0.03630918084819257,5.12222439142868e-16,0.0,-1.0,-1.0
5.9,4.180367491849598,4.701074940198406,3.141592653589793,-2.604965450855433,-0.052937896220735484,6.710523022122778e-16,0.0,-1.0,-1.0
5.92,4.125362928736935,4.701344147231935,3.141592653589793,-2.568585994341213,-0.06956661159327768,8.298821652816804e-16,0.0,-1.0,-1.0
5.94,4.07035836562427,4.701613354265462,3.141592653589793,-2.5322065378269913,-0.0861953269658206,9.887120283510903e-16,0.0,-1.0,-1.0
5.96,4.015353802511608,4.701882561298991,3.141592653589793,-2.495827081312772,-0.1028240423383628,1.147541891420493e-15,0.0,-1.0,-1.0
5.98,3.9630976367350854,4.700895501158338,3.141592653589793,-2.457671093341233,-0.11248090363606866,1.1042502244459227e-15,0.0,-1.0,-1.0
6.0,3.9135416716582,4.698674204083293,3.141592653589793,-2.417769727646872,-0.11528817117123272,8.623814850593903e-16,0.0,-1.0,-1.0
6.0200000000000005,3.863985706581313,4.696452907008248,3.141592653589793,-2.377868361952509,-0.1180954387063969,6.205127456728474e-16,0.0,-1.0,-1.0
6.04,3.814429741504428,4.694231609933202,3.141592653589793,-2.337966996258148,-0.12090270624156095,3.7864400628631506e-16,0.0,-1.0,-1.0
6.0600000000000005,3.7648737764275406,4.692010312858157,3.141592653589793,-2.2980656305637854,-0.12370997377672513,1.36775266899772e-16,0.0,-1.0,-1.0
6.08,3.7153178113506558,4.689789015783112,3.141592653589793,-2.2581642648694245,-0.12651724131188918,-1.0509347248676022e-16,0.0,-1.0,-1.0
6.1000000000000005,3.665761846273768,4.687567718708067,3.141592653589793,-2.2182628991750617,-0.12932450884705335,-3.469622118733033e-16,0.0,-1.0,-1.0
6.12,3.616300652720265,4.685339753965982,3.141592653589793,-2.178361398827738,-0.1321298195213278,-5.813317262816542e-16,0.0,-1.0,-1.0
6.140000000000001,3.572720766551048,4.6826980088182175,3.141592653589793,-2.1384515422207064,-0.13481369181422562,-3.503162213625755e-16,0.0,-1.0,-1.0
6.16,3.5291408803818327,4.680056263670453,3.141592653589793,-2.0985416856136765,-0.1374975641071233,-1.1930071644350714e-16,0.0,-1.0,-1.0
6.18,3.485560994212618,4.677414518522688,3.141592653589793,-2.0586318290066465,-0.14018143640002098,1.1171478847556133e-16,0.0,-1.0,-1.0
6.2,3.441981108043401,4.674772773374923,3.141592653589793,-2.0187219723996153,-0.1428653086929188,3.4273029339463995e-16,0.0,-1.0,-1.0
6.22,3.398401221874186,4.672131028227158,3.141592653589793,-1.978812115792585,-0.14554918098581648,5.737457983137083e-16,0.0,-1.0,-1.0
6.24,3.354821335704969,4.669489283079393,3.141592653589793,-1.9389022591855536,-0.14823305327871428,8.047613032327871e-16,0.0,-1.0,-1.0
6.26,3.3112414495357543,4.666847537931629,3.141592653589793,-1.8989924025785236,-0.15091692557161196,1.0357768081518555e-15,0.0,-1.0,-1.0
6.28,3.270813385138664,4.663993837947502,3.141592653589793,-1.859080313971562,-0.15356721170213333,1.0522443132142614e-15,0.0,-1.0,-1.0
6.3,3.2332108495720404,4.660950125791306,3.141592653589793,-1.8191662244328843,-0.15618738868405402,8.763749404510913e-16,0.0,-1.0,-1.0
6.32,3.1956083140054155,4.65790641363511,3.141592653589793,-1.7792521348942052,-0.15880756566597484,7.005055676879132e-16,0.0,-1.0,-1.0
6.34,3.158005778438792,4.654862701478915,3.141592653589793,-1.7393380453555278,-0.16142774264789556,5.24636194924743e-16,0.0,-1.0,-1.0
6.36,3.1204032428721664,4.651818989322718,3.141592653589793,-1.6994239558168485,-0.16404791962981638,3.48766822161565e-16,0.0,-1.0,-1.0
6.38,3.082800707305543,4.648775277166523,3.141592653589793,-1.659509866278171,-0.1666680966117371,1.7289744939839473e-16,0.0,-1.0,-1.0
6.4,3.045198171738918,4.645731565010327,3.141592653589793,-1.6195957767394917,-0.16928827359365792,-2.9719233647832216e-18,0.0,-1.0,-1.0
6.42,3.007827161976985,4.642672654246542,3.141592653589793,-1.5796815890684965,-0.17190694467876824,-1.672565335184098e-16,0.0,-1.0,-1.0
6.44,2.9762026109845734,4.63923651481064,3.141592653589793,-1.5397649657583306,-0.17448823948116327,-4.4007921276602094e-17,0.0,-1.0,-1.0
6.46,2.944578059992163,4.635800375374737,3.141592653589793,-1.4998483424481663,-0.17706953428355818,7.924069096520012e-17,0.0,-1.0,-1.0
6.48,2.9129535089997516,4.632364235938835,3.141592653589793,-1.4599317191380004,-0.1796508290859532,2.0248930320700785e-16,0.0,-1.0,-1.0
6.5,2.8813289580073413,4.628928096502933,3.141592653589793,-1.4200150958278361,-0.18223212388834814,3.257379154488101e-16,0.0,-1.0,-1.0
6.5200000000000005,2.8497044070149298,4.62549195706703,3.141592653589793,-1.3800984725176701,-0.18481341869074316,4.489865276906178e-16,0.0,-1.0,-1.0
6.54,2.8180798560225195,4.622055817631128,3.141592653589793,-1.340181849207506,-0.18739471349313808,5.722351399324201e-16,0.0,-1.0,-1.0
6.5600000000000005,2.786455305030108,4.618619678195225,3.141592653589793,-1.30026522589734,-0.1899760082955331,6.954837521742278e-16,0.0,-1.0,-1.0
6.58,2.7581198429398404,4.614970842709816,3.141592653589793,-1.2603476748862092,-0.19254288585902485,6.984696571896406e-16,0.0,-1.0,-1.0
6.6000000000000005,2.7324736560078606,4.61114809942829,3.141592653589793,-1.2204293653540286,-0.19509797537920534,6.031245287076909e-16,0.0,-1.0,-1.0
6.62,2.7068274690758813,4.607325356146764,3.141592653589793,-1.1805110558218495,-0.19765306489938572,5.077794002257454e-16,0.0,-1.0,-1.0
6.640000000000001,2.6811812821439016,4.603502612865237,3.141592653589793,-1.1405927462896686,-0.2002081544195662,4.1243427174379577e-16,0.0,-1.0,-1.0
6.66,2.6555350952119223,4.599679869583712,3.141592653589793,-1.1006744367574894,-0.20276324393974657,3.1708914326185035e-16,0.0,-1.0,-1.0
6.68,2.6298889082799435,4.595857126302186,3.141592653589793,-1.0607561272253103,-0.20531833345992695,2.2174401477990494e-16,0.0,-1.0,-1.0
6.7,2.6042427213479633,4.59203438302066,3.141592653589793,-1.0208378176931294,-0.20787342298010744,1.263988862979552e-16,0.0,-1.0,-1.0
6.72,2.578964823214933,4.588188066324788,3.141592653589793,-0.9809194340570726,-0.21042735063036816,3.7349423651341195e-17,0.0,-1.0,-1.0
6.74,2.5592972528910263,4.5839826439964915,3.141592653589793,-0.9409999215595136,-0.21296357893397663,4.420499317984289e-17,0.0,-1.0,-1.0
6.76,2.5396296825671203,4.579777221668195,3.141592653589793,-0.9010804090619564,-0.21549980723758497,5.1060562708344274e-17,0.0,-1.0,-1.0
6.78,2.5199621122432134,4.575571799339898,3.141592653589793,-0.8611608965643973,-0.21803603554119344,5.791613223684596e-17,0.0,-1.0,-1.0
6.8,2.5002945419193074,4.571366377011602,3.141592653589793,-0.8212413840668401,-0.22057226384480177,6.477170176534735e-17,0.0,-1.0,-1.0
6.82,2.4806269715954,4.567160954683305,3.141592653589793,-0.7813218715692811,-0.22310849214841025,7.162727129384905e-17,0.0,-1.0,-1.0
6.84,2.460959401271494,4.562955532355009,3.141592653589793,-0.7414023590717239,-0.2256447204520186,7.848284082235042e-17,0.0,-1.0,-1.0
6.86,2.4412918309475873,4.558750110026712,3.141592653589793,-0.7014828465741649,-0.22818094875562706,8.533841035085211e-17,0.0,-1.0,-1.0
6.88,2.4250503302283652,4.554327017337284,3.141592653589793,-0.6621813432851926,-0.22378617572146303,1.306190999362061e-16,0.0,-1.0,-1.0
6.9,2.4113615566822046,4.549741740830904,3.141592653589793,-0.6233403119311148,-0.21422718902763513,2.0452992825640653e-16,0.0,-1.0,-1.0
6.92,2.397672783136045,4.545156464324525,3.141592653589793,-0.5844992805770388,-0.20466820233380767,2.7844075657660366e-16,0.0,-1.0,-1.0
6.94,2.3839840095898848,4.540571187818145,3.141592653589793,-0.5456582492229611,-0.19510921563997977,3.523515848968041e-16,0.0,-1.0,-1.0
6.96,2.370295236043725,4.535985911311765,3.141592653589793,-0.506817217868885,-0.18555022894615228,4.262624132170012e-16,0.0,-1.0,-1.0
6.98,2.356606462497565,4.531400634805386,3.141592653589793,-0.46797618651480727,-0.17599124225232438,5.001732415372016e-16,0.0,-1.0,-1.0
7.0,2.342917688951405,4.526815358299006,3.141592653589793,-0.42913515516073125,-0.1664322555584969,5.740840698573988e-16,0.0,-1.0,-1.0
7.0200000000000005,2.3297203135128988,4.522351017509539,3.141592653589793,-0.39075021803980686,-0.1558268595523675,6.407430948169349e-16,0.0,-1.0,-1.0
7.04,2.321848811235227,4.519197402746199,3.141592653589793,-0.357308523469739,-0.13388026547316362,6.288055922671763e-16,0.0,-1.0,-1.0
7.0600000000000005,2.3139773089575555,4.51604378798286,3.141592653589793,-0.3238668288996697,-0.1119336713939588,6.168680897174173e-16,0.0,-1.0,-1.0
7.08,2.3061058066798843,4.512890173219521,3.141592653589793,-0.29042513432960193,-0.08998707731475492,6.049305871676586e-16,0.0,-1.0,-1.0
7.1000000000000005,2.298234304402212,4.509736558456182,3.141592653589793,-0.25698343975953264,-0.06804048323555008,5.929930846178995e-16,0.0,-1.0,-1.0
7.12,2.290362802124541,4.506582943692843,3.141592653589793,-0.2235417451894648,-0.04609388915634621,5.810555820681409e-16,0.0,-1.0,-1.0
7.140000000000001,2.2824912998468694,4.503429328929504,3.141592653589793,-0.1901000506193955,-0.024147295077141362,5.691180795183817e-16,0.0,-1.0,-1.0
7.16,2.2746197975691977,4.500275714166165,3.141592653589793,-0.15665835604932768,-0.0022007009979374825,5.571805769686231e-16,0.0,-1.0,-1.0
7.18,2.269732962972175,4.49908083058827,3.141592653589793,-0.13175397847834455,0.006137153708836817,5.135324728009888e-16,0.0,-1.0,-1.0
7.2,2.266870066341933,4.499214185473453,3.141592653589793,-0.11263885514189942,0.005246763517709348,4.483810398105211e-16,0.0,-1.0,-1.0
7.22,2.2640071697116912,4.499347540358635,3.141592653589793,-0.09352373180545512,0.00435637332658192,3.832296068200564e-16,0.0,-1.0,-1.0
7.24,2.2611442730814493,4.499480895243818,3.141592653589793,-0.07440860846900997,0.003465983135454452,3.180781738295887e-16,0.0,-1.0,-1.0
7.26,2.2582813764512073,4.4996142501289995,3.141592653589793,-0.05529348513256567,0.0025755929443270235,2.529267408391239e-16,0.0,-1.0,-1.0
7.28,2.2554184798209653,4.499747605014182,3.141592653589793,-0.03617836179612051,0.001685202753199555,1.8777530784865623e-16,0.0,-1.0,-1.0
7.3,2.2525555831907234,4.4998809598993645,3.141592653589793,-0.017063238459676222,0.0007948125620721273,1.2262387485819146e-16,0.0,-1.0,-1.0
7.32,2.24999999999824,4.500000000008514,3.141592653589793,0.0005282339381038646,-0.0025558401855461936,1.3407534554394496e-16,1.0,0.0,7.0
7.34,2.249999999981847,4.500000000087832,3.141592653589793,0.005449200504831201,-0.026365753172426103,-3.985450519675108e-17,0.0,-1.0,-1.0
7.36,2.249999999965454,4.50000000016715,3.141592653589793,0.010370167071558755,-0.050175666159307075,-2.1378435593745489e-16,0.0,-1.0,-1.0
7.38,2.2499999999490607,4.500000000246468,3.141592653589793,0.01529113363828609,-0.07398557914618697,-3.877142066781509e-16,0.0,-1.0,-1.0
7.4,2.249999999932667,4.500000000325786,3.141592653589793,0.02021210020501365,-0.09779549213306794,-5.616440574188547e-16,0.0,-1.0,-1.0
7.42,2.249999999916274,4.5000000004051035,3.141592653589793,0.025133066771740983,-0.12160540511994786,-7.355739081595508e-16,0.0,-1.0,-1.0
7.44,2.249999999899881,4.500000000484421,3.141592653589793,0.03005403333846854,-0.14541531810682884,-9.095037589002545e-16,0.0,-1.0,-1.0
7.46,2.249999999883488,4.500000000563739,3.141592653589793,0.034974999905195876,-0.16922523109370874,-1.0834336096409506e-15,0.0,-1.0,-1.0
7.48,2.2499999998670943,4.500000000643057,3.141592653589793,0.03989596647192343,-0.19303514408058972,-1.2573634603816544e-15,0.0,-1.0,-1.0
7.5,2.2502179628709205,4.498945394787666,3.141592653589793,0.04001401903018429,-0.22023332997805858,-1.3156230666062805e-15,0.0,-1.0,-1.0
7.5200000000000005,2.2510896932646696,4.494727559827451,3.141592653589793,0.025726010632875954,-0.2575944432146408,-1.0269365084176619e-15,0.0,-1.0,-1.0
7.54,2.2519614236584187,4.4905097248672385,3.141592653589793,0.011438002235568248,-0.29495555645122135,-7.38249950229056e-16,0.0,-1.0,-1.0
7.5600000000000005,2.2528331540521678,4.486291889907024,3.141592653589793,-0.0028500061617400888,-0.33231666968780355,-4.495633920404374e-16,0.0,-1.0,-1.0
7.58,2.253704884445917,4.482074054946811,3.141592653589793,-0.017138014559047787,-0.36967778292438414,-1.6087683385183143e-16,0.0,-1.0,-1.0
7.6000000000000005,2.254576614839666,4.477856219986597,3.141592653589793,-0.03142602295635613,-0.40703889616096633,1.2780972433678713e-16,0.0,-1.0,-1.0
7.62,2.255448345233415,4.473638385026384,3.141592653589793,-0.045714031353663837,-0.44440000939754687,4.164962825253929e-16,0.0,-1.0,-1.0
7.640000000000001,2.2563200756271646,4.46942055006617,3.141592653589793,-0.060002039750972166,-0.48176112263412907,7.051828407140118e-16,0.0,-1.0,-1.0
7.66,2.2571918060209137,4.465202715105957,3.141592653589793,-0.07429004814827987,-0.5191222358707096,9.938693989026174e-16,0.0,-1.0,-1.0
7.68,2.2570695207477853,4.4583856703149225,3.141592653589793,-0.08294964976601504,-0.5575196991731226,1.1652529631957073e-15,0.0,-1.0,-1.0
7.7,2.2554101850894877,4.447549457009018,3.141592653589793,-0.08290602356078051,-0.5975196747104428,1.1552504407733944e-15,0.0,-1.0,-1.0
7.72,2.2537508494311895,4.436713243703114,3.141592653589793,-0.08286239735554599,-0.6375196502477612,1.1452479183510817e-15,0.0,-1.0,-1.0
7.74,2.252091513772892,4.425877030397209,3.141592653589793,-0.08281877115031144,-0.6775196257850814,1.1352453959287686e-15,0.0,-1.0,-1.0
7.76,2.250432178114594,4.415040817091305,3.141592653589793,-0.08277514494507691,-0.7175196013223998,1.1252428735064562e-15,0.0,-1.0,-1.0
7.78,2.248772842456296,4.4042046037854,3.141592653589793,-0.08273151873984239,-0.75751957685972,1.115240351084143e-15,0.0,-1.0,-1.0
7.8,2.2471135067979984,4.3933683904794965,3.141592653589793,-0.08268789253460786,-0.7975195523970384,1.1052378286618306e-15,0.0,-1.0,-1.0
7.82,2.2454541711397003,4.382532177173592,3.141592653589793,-0.08264426632937333,-0.8375195279343586,1.0952353062395175e-15,0.0,-1.0,-1.0
7.84,2.2437948354814026,4.371695963867687,3.141592653589793,-0.0826006401241388,-0.877519503471677,1.0852327838172048e-15,0.0,-1.0,-1.0
7.86,2.242139637643199,4.357065867924974,3.141592653589793,-0.0825570097804858,-0.9175194787710141,1.0211224792726687e-15,0.0,-1.0,-1.0
7.88,2.2404880302003374,4.339143811907478,3.141592653589793,-0.08251337584591824,-0.9575194538638511,9.100627365053412e-16,0.0,-1.0,-1.0
7.9,2.2388364227574757,4.321221755889982,3.141592653589793,-0.08246974191135069,-0.9975194289566898,7.990029937380087e-16,0.0,-1.0,-1.0
7.92,2.2371848153146137,4.303299699872487,3.141592653589793,-0.08242610797678314,-1.0375194040495268,6.879432509706812e-16,0.0,-1.0,-1.0
7.94,2.235533207871752,4.285377643854991,3.141592653589793,-0.08238247404221558,-1.0775193791423654,5.768835082033488e-16,0.0,-1.0,-1.0
7.96,2.2338816004288904,4.267455587837495,3.141592653589793,-0.08233884010764803,-1.1175193542352024,4.658237654360212e-16,0.0,-1.0,-1.0
7.98,2.2322299929860288,4.249533531819999,3.141592653589793,-0.08229520617308046,-1.157519329328041,3.5476402266868877e-16,0.0,-1.0,-1.0
8.0,2.230578385543167,4.231611475802504,3.141592653589793,-0.08225157223851291,-1.197519304420878,2.4370427990136124e-16,0.0,-1.0,-1.0
8.02,2.2289267781003055,4.213689419785009,3.141592653589793,-0.08220793830394535,-1.237519279513715,1.3264453713403371e-16,0.0,-1.0,-1.0
8.040000000000001,2.2272804121543044,4.190962393829398,3.141592653589793,-0.0800431390568645,-1.267231873343885,1.1694190877578965e-16,0.0,-1.0,-1.0
8.06,2.225636534296101,4.165954495179051,3.141592653589793,-0.07687144317886724,-1.29206114691927,1.4650437911873135e-16,0.0,-1.0,-1.0
8.08,2.2239926564378973,4.1409465965287025,3.141592653589793,-0.07369974730086999,-1.3168904204946552,1.7606684946167308e-16,0.0,-1.0,-1.0
8.1,2.222348778579694,4.115938697878355,3.141592653589793,-0.07052805142287275,-1.3417196940700404,2.056293198046148e-16,0.0,-1.0,-1.0
8.120000000000001,2.22070490072149,4.090930799228004,3.141592653589793,-0.06735635554487521,-1.3665489676454279,2.3519179014755915e-16,0.0,-1.0,-1.0
8.14,2.2190610228632863,4.0659229005776565,3.141592653589793,-0.06418465966687796,-1.3913782412208129,2.6475426049050083e-16,0.0,-1.0,-1.0
8.16,2.217417145005083,4.040915001927308,3.141592653589793,-0.061012963788880714,-1.416207514796198,2.943167308334426e-16,0.0,-1.0,-1.0
8.18,2.2157732671468793,4.015907103276961,3.141592653589793,-0.05784126791088346,-1.4410367883715833,3.238792011763843e-16,0.0,-1.0,-1.0
8.2,2.2141293892886753,3.9908992046266123,3.141592653589793,-0.05466957203288621,-1.4658660619469686,3.5344167151932606e-16,0.0,-1.0,-1.0
8.22,2.2129466808402865,3.9622810917938986,3.141592653589793,-0.05152642974598469,-1.4645230790507369,3.4978609338614907e-16,0.0,-1.0,-1.0
8.24,2.2118646567787064,3.932874782273671,3.141592653589793,-0.048389521395570796,-1.4574660623565825,3.3887821540257857e-16,0.0,-1.0,-1.0
8.26,2.2107826327171263,3.903468472753444,3.141592653589793,-0.0452526130451569,-1.4504090456624283,3.2797033741900807e-16,0.0,-1.0,-1.0
8.28,2.209700608655546,3.8740621632332166,3.141592653589793,-0.04211570469474301,-1.443352028968274,3.170624594354375e-16,0.0,-1.0,-1.0
8.3,2.2086185845939657,3.8446558537129865,3.141592653589793,-0.03897879634432883,-1.4362950122741192,3.06154581451866e-16,0.0,-1.0,-1.0
8.32,2.2075365605323856,3.815249544192759,3.141592653589793,-0.03584188799391494,-1.4292379955799648,2.952467034682955e-16,0.0,-1.0,-1.0
8.34,2.2064545364708055,3.7858432346725315,3.141592653589793,-0.032704979643501046,-1.4221809788858104,2.84338825484725e-16,0.0,-1.0,-1.0
8.36,2.2053725124092254,3.756436925152304,3.141592653589793,-0.02956807129308715,-1.4151239621916563,2.734309475011545e-16,0.0,-1.0,-1.0
8.38,2.2042904883476453,3.727030615632074,3.141592653589793,-0.026431162942672976,-1.4080669454975012,2.62523069517583e-16,0.0,-1.0,-1.0
8.4,2.2037438677940435,3.69882878870166,3.141592653589793,-0.023327776068068764,-1.3702877795157362,1.6029132228802693e-16,0.0,-1.0,-1.0
8.42,2.2032175350515986,3.6706726027036636,3.141592653589793,-0.020225659408098527,-1.3313444725565868,5.459907958963967e-17,0.0,-1.0,-1.0
8.44,2.202691202309154,3.642516416705667,3.141592653589793,-0.017123542748128294,-1.2924011655974375,-5.109316310874762e-17,0.0,-1.0,-1.0
8.46,2.202164869566709,3.6143602307076677,3.141592653589793,-0.014021426088157783,-1.2534578586382845,-1.5678540580714425e-16,0.0,-1.0,-1.0
8.48,2.201638536824264,3.586204044709671,3.141592653589793,-0.010919309428187548,-1.2145145516791354,-2.624776485055315e-16,0.0,-1.0,-1.0
8.5,2.201112204081819,3.5580478587116744,3.141592653589793,-0.007817192768217313,-1.175571244719986,-3.6816989120391883e-16,0.0,-1.0,-1.0
8.52,2.2005858713393742,3.5298916727136778,3.141592653589793,-0.00471507610824708,-1.1366279377608366,-4.738621339023061e-16,0.0,-1.0,-1.0
8.540000000000001,2.2000595385969293,3.501735486715679,3.141592653589793,-0.0016129594482765693,-1.0976846308016837,-5.795543766007027e-16,0.0,-1.0,-1.0
8.56,2.19959155587814,3.4743118143950737,3.141592653589793,0.00115513399105538,-1.0586291246491704,-6.652308258566236e-16,0.0,-1.0,-1.0
8.58,2.199614751239907,3.4530542863106124,3.141592653589793,0.0011114910488758327,-1.0186291495661595,-5.824185858547808e-16,0.0,-1.0,-1.0
8.6,2.1996379466016744,3.4317967582261515,3.141592653589793,0.0010678481066962852,-0.9786291744831485,-4.99606345852938e-16,0.0,-1.0,-1.0
8.620000000000001,2.1996611419634418,3.4105392301416884,3.141592653589793,0.0010242051645167338,-0.9386291994001339,-4.167941058510879e-16,0.0,-1.0,-1.0
8.64,2.199684337325209,3.389281702057227,3.141592653589793,0.0009805622223371863,-0.8986292243171229,-3.3398186584924507e-16,0.0,-1.0,-1.0
8.66,2.1997075326869764,3.3680241739727657,3.141592653589793,0.000936919280157639,-0.8586292492341119,-2.511696258474023e-16,0.0,-1.0,-1.0
8.68,2.1997307280487437,3.3467666458883043,3.141592653589793,0.0008932763379780916,-0.8186292741511009,-1.683573858455595e-16,0.0,-1.0,-1.0
8.700000000000001,2.199753923410511,3.325509117803841,3.141592653589793,0.0008496333957985402,-0.7786292990680863,-8.554514584370938e-17,0.0,-1.0,-1.0
8.72,2.1997771187722783,3.30425158971938,3.141592653589793,0.0008059904536189928,-0.7386293239850753,-2.7329058418665566e-18,0.0,-1.0,-1.0
8.74,2.199798390050079,3.2847575383135923,3.141592653589793,0.0007623465536509746,-0.698629348794588,6.297149392535561e-17,0.0,-1.0,-1.0
8.76,2.1998138542315244,3.270585852860243,3.141592653589793,0.0007186997629723457,-0.6586293732797256,7.704255627130617e-17,0.0,-1.0,-1.0
8.78,2.1998293184129696,3.2564141674068936,3.141592653589793,0.000675052972293717,-0.6186293977648633,9.111361861725673e-17,0.0,-1.0,-1.0
8.8,2.1998447825944147,3.242242481953543,3.141592653589793,0.0006314061816150842,-0.5786294222499972,1.0518468096320854e-16,0.0,-1.0,-1.0
8.82,2.19986024677586,3.228070796500194,3.141592653589793,0.0005877593909364555,-0.5386294467351349,1.192557433091591e-16,0.0,-1.0,-1.0
8.84,2.199875710957305,3.2138991110468447,3.141592653589793,0.0005441126002578268,-0.49862947122027246,1.3332680565510966e-16,0.0,-1.0,-1.0
8.86,2.1998911751387507,3.1997274255934953,3.141592653589793,0.0005004658095791979,-0.45862949570541006,1.4739786800106022e-16,0.0,-1.0,-1.0
8.88,2.199906639320196,3.1855557401401446,3.141592653589793,0.0004568190189005652,-0.4186295201905441,1.6146893034701206e-16,0.0,-1.0,-1.0
8.9,2.199922103501641,3.1713840546867953,3.141592653589793,0.0004131722282219364,-0.3786295446756817,1.7553999269296262e-16,0.0,-1.0,-1.0
8.92,2.199934540160823,3.1599869332852886,3.141592653589793,0.00036952442670959147,-0.33862956907655156,1.759625647489813e-16,0.0,-1.0,-1.0
8.94,2.1999422724801994,3.1529010905395523,3.141592653589793,0.00032587505450515077,-0.29862959334648137,1.5517732045222877e-16,0.0,-1.0,-1.0
8.96,2.1999500047995757,3.1458152477938155,3.141592653589793,0.0002822256823007062,-0.2586296176164077,1.3439207615547442e-16,0.0,-1.0,-1.0
8.98,2.199957737118952,3.138729405048079,3.141592653589793,0.00023857631009626553,-0.21862964188633746,1.136068318587219e-16,0.0,-1.0,-1.0
9.0,2.1999654694383284,3.131643562302343,3.141592653589793,0.00019492693789182486,-0.17862966615626727,9.282158756196938e-17,0.0,-1.0,-1.0
9.02,2.1999732017577047,3.1245577195566065,3.141592653589793,0.00015127756568738418,-0.13862969042619708,7.203634326521687e-17,0.0,-1.0,-1.0
9.040000000000001,2.199980934077081,3.11747187681087,3.141592653589793,0.0001076281934829396,-0.09862971469612336,5.1251098968462523e-17,0.0,-1.0,-1.0
9.06,2.1999886663964574,3.1103860340651335,3.141592653589793,6.397882127849895e-05,-0.05862973896605317,3.046585467171e-17,0.0,-1.0,-1.0
9.08,2.1999963987158337,3.103300191319397,3.141592653589793,2.032944907405824e-05,-0.018629763235982977,9.6806103749575e-18,5.0,-1.0,-1.0
