0.0,2.0,0.6,3.141592653589793,-5.201518525699457e-23,-1.7842929610427594e-24,1.2179627122171003e-18,1.0,2.0,8.0
0.02,2.0,0.6,3.141592653589793,0.0399786352475011,0.0013071702049519479,-4.1612318723605067e-17,0.0,-1.0,-1.0
0.04,2.0,0.6,3.141592653589793,0.0799572704950022,0.0026143404099038957,-8.444260015942723e-17,0.0,-1.0,-1.0
0.06,2.0,0.6,3.141592653589793,0.1199359057425033,0.003921510614855844,-1.2727288159524938e-16,0.0,-1.0,-1.0
0.08,2.0,0.6,3.141592653589793,0.1599145409900044,0.005228680819807791,-1.7010316303107158e-16,0.0,-1.0,-1.0
0.1,2.0,0.6,3.141592653589793,0.19989317623750552,0.00653585102475974,-2.1293344446689373e-16,0.0,-1.0,-1.0
0.12,2.0,0.6,3.141592653589793,0.2398718114850066,0.007843021229711688,-2.557637259027159e-16,0.0,-1.0,-1.0
0.14,2.0,0.6,3.141592653589793,0.27985044673250775,0.009150191434663637,-2.9859400733853807e-16,0.0,-1.0,-1.0
0.16,2.0,0.6,3.141592653589793,0.3198290819800088,0.010457361639615583,-3.414242887743602e-16,0.0,-1.0,-1.0
0.18,2.0,0.6,3.141592653589793,0.3598077172275099,0.01176453184456753,-3.8425457021018237e-16,0.0,-1.0,-1.0
0.2,2.0,0.6,3.141592653589793,0.39978635247501104,0.01307170204951948,-4.2708485164600457e-16,0.0,-1.0,-1.0
0.22,2.005133638242779,0.6001678531273621,3.141592653589793,0.43976498766324545,0.014378871659290728,-4.748085862204652e-16,0.0,-1.0,-1.0
0.24,2.013434441643329,0.6004392621640936,3.141592653589793,0.4797436228149158,0.015686040901869067,-5.255513052945996e-16,0.0,-1.0,-1.0
0.26,2.021735245043879,0.600710671200825,3.141592653589793,0.5197222579665861,0.016993210144447407,-5.762940243687341e-16,0.0,-1.0,-1.0
0.28,2.0300360484444293,0.6009820802375565,3.141592653589793,0.5597008931182564,0.01830037938702575,-6.270367434428686e-16,0.0,-1.0,-1.0
0.3,2.0383368518449796,0.601253489274288,3.141592653589793,0.5996795282699268,0.019607548629604087,-6.7777946251700295e-16,0.0,-1.0,-1.0
0.32,2.0466376552455294,0.6015248983110194,3.141592653589793,0.639658163421597,0.020914717872182426,-7.285221815911373e-16,0.0,-1.0,-1.0
0.34,2.0549384586460797,0.6017963073477509,3.141592653589793,0.6796367985732674,0.022221887114760766,-7.792649006652718e-16,0.0,-1.0,-1.0
0.36,2.06323926204663,0.6020677163844823,3.141592653589793,0.7196154337249376,0.023529056357339102,-8.300076197394062e-16,0.0,-1.0,-1.0
0.38,2.07154006544718,0.6023391254212138,3.141592653589793,0.759594068876608,0.024836225599917446,-8.807503388135406e-16,0.0,-1.0,-1.0
0.4,2.07984086884773,0.6026105344579453,3.141592653589793,0.7995727040282783,0.02614339484249579,-9.314930578876752e-16,0.0,-1.0,-1.0
0.42,2.0901081453285744,0.6029462406653322,3.141592653589793,0.8395513391436725,0.027450563745179866,-9.32508385245055e-16,0.0,-1.0,-1.0
0.44,2.106709752109777,0.6034890585389766,3.141592653589793,0.8795299741422159,0.02875773155300916,-7.733436789850174e-16,0.0,-1.0,-1.0
0.46,2.1233113588909798,0.6040318764126209,3.141592653589793,0.9195086091407593,0.030064899360838455,-6.141789727249798e-16,0.0,-1.0,-1.0
0.48,2.1399129656721825,0.6045746942862653,3.141592653589793,0.9594872441393025,0.03137206716866774,-4.550142664649427e-16,0.0,-1.0,-1.0
0.5,2.1565145724533856,0.6051175121599096,3.141592653589793,0.9994658791378459,0.03267923497649704,-2.958495602049052e-16,0.0,-1.0,-1.0
0.52,2.1731161792345883,0.605660330033554,3.141592653589793,1.0394445141363893,0.03398640278432633,-1.3668485394486767e-16,0.0,-1.0,-1.0
0.54,2.189717786015791,0.6062031479071983,3.141592653589793,1.0794231491349326,0.035293570592155626,2.247985231516984e-17,0.0,-1.0,-1.0
0.56,2.2063193927969937,0.6067459657808427,3.141592653589793,1.119401784133476,0.03660073839998492,1.8164455857520745e-16,0.0,-1.0,-1.0
0.58,2.2229209995781964,0.607288783654487,3.141592653589793,1.1593804191320192,0.03790790620781421,3.408092648352441e-16,0.0,-1.0,-1.0
0.6,2.2395226063593996,0.6078316015281314,3.141592653589793,1.1993590541305625,0.0392150740156435,4.999739710952817e-16,0.0,-1.0,-1.0
0.62,2.2561242131406023,0.6083744194017757,3.141592653589793,1.239337689129106,0.0405222418234728,6.591386773553193e-16,0.0,-1.0,-1.0
0.64,2.2798259312053775,0.6091493871950516,3.141592653589793,1.2793163238927776,0.04182940739515145,5.932605653608011e-16,0.0,-1.0,-1.0
0.66,2.3047283413354394,0.6099636136077106,3.141592653589793,1.3192949586167306,0.04313657258867711,4.893257081356676e-16,0.0,-1.0,-1.0
0.68,2.329630751465501,0.6107778400203695,3.141592653589793,1.3592735933406837,0.04444373778220277,3.8539085091053395e-16,0.0,-1.0,-1.0
0.7000000000000001,2.3545331615955627,0.6115920664330283,3.141592653589793,1.3992522280646367,0.04575090297572844,2.814559936854004e-16,0.0,-1.0,-1.0
0.72,2.379435571725624,0.6124062928456873,3.141592653589793,1.4392308627885892,0.04705806816925409,1.775211364602674e-16,0.0,-1.0,-1.0
0.74,2.4043379818556856,0.6132205192583461,3.141592653589793,1.4792094975125423,0.04836523336277975,7.358627923513384e-17,0.0,-1.0,-1.0
0.76,2.4292403919857475,0.614034745671005,3.141592653589793,1.5191881322364953,0.04967239855630541,-3.034857798999972e-17,0.0,-1.0,-1.0
0.78,2.454142802115809,0.6148489720836638,3.141592653589793,1.5591667669604483,0.05097956374983107,-1.3428343521513327e-16,0.0,-1.0,-1.0
0.8,2.479045212245871,0.6156631984963228,3.141592653589793,1.5991454016844011,0.05228672894335673,-2.3821829244026693e-16,0.0,-1.0,-1.0
0.8200000000000001,2.5039476223759323,0.6164774249089816,3.141592653589793,1.6391240364083541,0.0535938941368824,-3.421531496654004e-16,0.0,-1.0,-1.0
0.84,2.5327829786245046,0.617420245264621,3.141592653589793,1.6791026708296122,0.05490105641339228,-3.394569231272295e-16,0.0,-1.0,-1.0
0.86,2.5659861920464118,0.618505879673484,3.141592653589793,1.719081304914703,0.05620821545031844,-2.1833818835181728e-16,0.0,-1.0,-1.0
0.88,2.5991894054683184,0.6195915140823469,3.141592653589793,1.7590599389997938,0.05751537448724461,-9.721945357640512e-17,0.0,-1.0,-1.0
0.9,2.6323926188902256,0.6206771484912099,3.141592653589793,1.7990385730848848,0.05882253352417077,2.389928119900708e-17,0.0,-1.0,-1.0
0.92,2.6655958323121323,0.6217627829000729,3.141592653589793,1.8390172071699757,0.06012969256109694,1.4501801597441923e-16,0.0,-1.0,-1.0
0.9400000000000001,2.6987990457340394,0.6228484173089359,3.141592653589793,1.8789958412550667,0.061436851598023104,2.6613675074983144e-16,0.0,-1.0,-1.0
0.96,2.732002259155946,0.6239340517177988,3.141592653589793,1.9189744753401574,0.06274401063494926,3.8725548552524295e-16,0.0,-1.0,-1.0
0.98,2.7652054725778528,0.6250196861266618,3.141592653589793,1.9589531094252481,0.06405116967187542,5.0837422030065515e-16,0.0,-1.0,-1.0
1.0,2.79840868599976,0.6261053205355248,3.141592653589793,1.9989317435103393,0.0653583287088016,6.294929550760674e-16,0.0,-1.0,-1.0
1.02,2.8316118994216666,0.6271909549443878,3.141592653589793,2.03891037759543,0.06666548774572775,7.506116898514796e-16,0.0,-1.0,-1.0
1.04,2.8655808938335525,0.6283016276659461,3.141592653589793,2.07816040895274,0.0678883188206475,8.458257544297975e-16,0.0,-1.0,-1.0
1.06,2.907084910414657,0.6296586687927124,3.141592653589793,2.110241239483407,0.06828139168595017,6.861467532676549e-16,0.0,-1.0,-1.0
1.08,2.948588926995762,0.6310157099194786,3.141592653589793,2.1423220700140737,0.06867446455125285,5.264677521055122e-16,0.0,-1.0,-1.0
1.1,2.9900929435768666,0.6323727510462449,3.141592653589793,2.1744029005447407,0.06906753741655552,3.667887509433696e-16,0.0,-1.0,-1.0
1.12,3.0315969601579713,0.6337297921730112,3.141592653589793,2.2064837310754077,0.06946061028185821,2.0710974978122705e-16,0.0,-1.0,-1.0
1.1400000000000001,3.073100976739076,0.6350868332997774,3.141592653589793,2.2385645616060743,0.06985368314716088,4.743074861908442e-17,0.0,-1.0,-1.0
1.16,3.11460499332018,0.6364438744265437,3.141592653589793,2.270645392136741,0.07024675601246357,-1.1224825254305634e-16,0.0,-1.0,-1.0
1.18,3.156109009901285,0.6378009155533099,3.141592653589793,2.302726222667408,0.07063982887776624,-2.71927253705199e-16,0.0,-1.0,-1.0
1.2,3.197613026482389,0.6391579566800761,3.141592653589793,2.334807053198075,0.07103290174306892,-4.316062548673416e-16,0.0,-1.0,-1.0
1.22,3.2391170430634944,0.6405149978068424,3.141592653589793,2.3668878837287415,0.07142597460837159,-5.912852560294842e-16,0.0,-1.0,-1.0
1.24,3.2806210596445986,0.6418720389336087,3.141592653589793,2.3989687142594085,0.07181904747367426,-7.509642571916269e-16,0.0,-1.0,-1.0
1.26,3.3268590614700244,0.6432870835819018,3.141592653589793,2.404502161411326,0.07134413325239305,-8.005934236145551e-16,0.0,-1.0,-1.0
1.28,3.3750240524819177,0.6447257388147217,3.141592653589793,2.399229381238974,0.07051590113012186,-8.054263284163769e-16,0.0,-1.0,-1.0
1.3,3.4231890434938115,0.6461643940475416,3.141592653589793,2.393956601066621,0.06968766900785066,-8.102592332181988e-16,0.0,-1.0,-1.0
1.32,3.471354034505705,0.6476030492803615,3.141592653589793,2.388683820894269,0.06885943688557947,-8.150921380200207e-16,0.0,-1.0,-1.0
1.34,3.5195190255175985,0.6490417045131813,3.141592653589793,2.3834110407219167,0.06803120476330826,-8.199250428218426e-16,0.0,-1.0,-1.0
1.36,3.567684016529492,0.6504803597460012,3.141592653589793,2.3781382605495645,0.06720297264103707,-8.247579476236645e-16,0.0,-1.0,-1.0
1.3800000000000001,3.615849007541385,0.6519190149788211,3.141592653589793,2.372865480377212,0.06637474051876587,-8.2959085242548635e-16,0.0,-1.0,-1.0
1.4000000000000001,3.664013998553279,0.6533576702116409,3.141592653589793,2.3675927002048596,0.06554650839649467,-8.344237572273082e-16,0.0,-1.0,-1.0
1.42,3.712178989565172,0.6547963254444609,3.141592653589793,2.3623199200325073,0.06471827627422348,-8.392566620291301e-16,0.0,-1.0,-1.0
1.44,3.760343980577065,0.6562349806772807,3.141592653589793,2.357047139860155,0.06389004415195229,-8.440895668309519e-16,0.0,-1.0,-1.0
1.46,3.8081486147348382,0.657617032161735,3.141592653589793,2.340344380177523,0.0634673624569042,-8.230052913760553e-16,0.0,-1.0,-1.0
1.48,3.8552188132078156,0.6588837207435065,3.141592653589793,2.3003464209368802,0.06387122451239408,-7.49099758847319e-16,0.0,-1.0,-1.0
1.5,3.902289011680793,0.6601504093252781,3.141592653589793,2.2603484616962377,0.06427508656788396,-6.751942263185828e-16,0.0,-1.0,-1.0
1.52,3.9493592101537702,0.6614170979070497,3.141592653589793,2.2203505024555947,0.06467894862337384,-6.012886937898465e-16,0.0,-1.0,-1.0
1.54,3.996429408626747,0.6626837864888213,3.141592653589793,2.180352543214952,0.0650828106788637,-5.273831612611102e-16,0.0,-1.0,-1.0
1.56,4.043499607099725,0.6639504750705929,3.141592653589793,2.140354583974309,0.06548667273435359,-4.534776287323739e-16,0.0,-1.0,-1.0
1.58,4.090569805572702,0.6652171636523645,3.141592653589793,2.1003566247336667,0.06589053478984347,-3.7957209620363775e-16,0.0,-1.0,-1.0
1.6,4.137640004045679,0.666483852234136,3.141592653589793,2.0603586654930237,0.06629439684533335,-3.0566656367490145e-16,0.0,-1.0,-1.0
1.62,4.184710202518656,0.6677505408159076,3.141592653589793,2.020360706252381,0.06669825890082323,-2.3176103114616515e-16,0.0,-1.0,-1.0
1.6400000000000001,4.231780400991633,0.6690172293976792,3.141592653589793,1.9803627470117382,0.06710212095631311,-1.5785549861742895e-16,0.0,-1.0,-1.0
1.6600000000000001,4.278850599464611,0.6702839179794507,3.141592653589793,1.9403647877710954,0.067505983011803,-8.394996608869266e-17,0.0,-1.0,-1.0
1.68,4.3180511035555735,0.671630067388963,3.141592653589793,1.9003714901714035,0.06823416024151362,-1.6198631095924282e-16,0.0,-1.0,-1.0
1.7,4.3568164863682775,0.6729806102469701,3.141592653589793,1.8603784503173197,0.0689802690993556,-2.484236356780277e-16,0.0,-1.0,-1.0
1.72,4.395581869180981,0.6743311531049773,3.141592653589793,1.820385410463236,0.06972637795719759,-3.348609603968126e-16,0.0,-1.0,-1.0
1.74,4.434347251993685,0.6756816959629843,3.141592653589793,1.7803923706091522,0.07047248681503958,-4.212982851155975e-16,0.0,-1.0,-1.0
1.76,4.47311263480639,0.6770322388209915,3.141592653589793,1.7403993307550685,0.07121859567288157,-5.077356098343823e-16,0.0,-1.0,-1.0
1.78,4.511878017619094,0.6783827816789986,3.141592653589793,1.7004062909009847,0.07196470453072355,-5.941729345531673e-16,0.0,-1.0,-1.0
1.8,4.550643400431798,0.6797333245370057,3.141592653589793,1.6604132510469012,0.07271081338856555,-6.806102592719522e-16,0.0,-1.0,-1.0
1.82,4.589408783244502,0.6810838673950128,3.141592653589793,1.6204202111928172,0.07345692224640754,-7.670475839907371e-16,0.0,-1.0,-1.0
1.84,4.628174166057206,0.68243441025302,3.141592653589793,1.5804271713387337,0.07420303110424953,-8.53484908709522e-16,0.0,-1.0,-1.0
1.86,4.666939548869911,0.683784953111027,3.141592653589793,1.54043413148465,0.07494913996209152,-9.399222334283068e-16,0.0,-1.0,-1.0
1.8800000000000001,4.701004511513186,0.6852231868556681,3.141592653589793,1.5004427921552843,0.07577825177609347,0.035566404780072794,0.0,-1.0,-1.0
1.9000000000000001,4.731466100082692,0.6867286450304692,3.141592653589793,1.4604527564597345,0.0766709942208672,0.09839825738441749,0.0,-1.0,-1.0
1.92,4.7619276886521975,0.6882341032052702,3.141592653589793,1.4204627207641851,0.07756373666564093,0.1612301099887615,0.0,-1.0,-1.0
1.94,4.792389277221703,0.6897395613800712,3.141592653589793,1.3804726850686353,0.07845647911041466,0.22406196259310618,0.0,-1.0,-1.0
1.96,4.822850865791209,0.6912450195548723,3.141592653589793,1.3404826493730857,0.07934922155518838,0.28689381519745083,0.0,-1.0,-1.0
1.98,4.853312454360716,0.6927504777296734,3.141592653589793,1.3004926136775359,0.08024196399996211,0.34972566780179554,0.0,-1.0,-1.0
2.0,4.883774042930222,0.6942559359044743,3.141592653589793,1.260502577981986,0.08113470644473583,0.41255752040614024,0.0,-1.0,-1.0
2.02,4.914235631499728,0.6957613940792754,3.141592653589793,1.2205125422864365,0.08202744888950957,0.47538937301048495,0.0,-1.0,-1.0
2.04,4.944697220069234,0.6972668522540765,3.141592653589793,1.1805225065908866,0.0829201913342833,0.5382212256148297,0.0,-1.0,-1.0
2.06,4.97515880863874,0.6987723104288774,3.141592653589793,1.1405324708953368,0.08381293377905702,0.6010530782191743,0.0,-1.0,-1.0
2.08,5.004088398438151,0.7003119691314754,3.1439997112289877,1.1005424353686828,0.08470567625562485,0.6638849305976503,2.0,-1.0,-1.0
2.1,5.026246816520853,0.7020027882991047,3.157045550651273,1.0605524005885194,0.08559841887271713,0.7267167819778249,0.0,-1.0,-1.0
2.12,5.048405234603556,0.7036936074667339,3.170091390073558,1.020562365808356,0.08649116148980941,0.7895486333579995,0.0,-1.0,-1.0
2.14,5.070563652686258,0.7053844266343632,3.1831372294958435,0.9805723310281927,0.0873839041069017,0.8523804847381742,0.0,-1.0,-1.0
2.16,5.092722070768961,0.7070752458019924,3.1961830689181285,0.9405822962480294,0.08827664672399398,0.9152123361183488,0.0,-1.0,-1.0
2.18,5.114880488851663,0.7087660649696217,3.209228908340414,0.900592261467866,0.08916938934108626,0.9780441874985234,0.0,-1.0,-1.0
2.2,5.137038906934365,0.7104568841372509,3.222274747762699,0.8606022266877025,0.09006213195817854,1.040876038878698,0.0,-1.0,-1.0
2.22,5.154759931647571,0.7122467642382234,3.242292565134998,0.820612192368043,0.09095487479801145,1.1037078894422272,0.0,-1.0,-1.0
2.24,5.17187602326929,0.7140501489423859,3.2632608459492074,0.7806221581111621,0.09184761766820977,1.1665397398944262,0.0,-1.0,-1.0
2.2600000000000002,5.188992114891008,0.7158535336465484,3.2842291267634165,0.7406321238542812,0.09274036053840808,1.2293715903466251,0.0,-1.0,-1.0
2.2800000000000002,5.206108206512726,0.7176569183507109,3.305197407577626,0.7006420895974004,0.09363310340860638,1.2922034407988239,0.0,-1.0,-1.0
2.3000000000000003,5.223224298134445,0.7194603030548733,3.326165688391835,0.6606520553405195,0.0945258462788047,1.3550352912510228,0.0,-1.0,-1.0
2.32,5.240340389756163,0.7212636877590358,3.347133969206044,0.6206620210836394,0.09541858914900299,1.4178671417032205,0.0,-1.0,-1.0
2.34,5.254554369123466,0.7231318596050897,3.3726620131350744,0.5806719873656003,0.09631133213476334,1.480698990909193,0.0,-1.0,-1.0
2.36,5.2666281343501815,0.7250478098776995,3.4015527352242,0.5406819540449397,0.09720407520574698,1.5435308391961136,0.0,-1.0,-1.0
2.38,5.278701899576896,0.7269637601503093,3.430443457313325,0.5006919207242789,0.09809681827673061,1.6063626874830341,0.0,-1.0,-1.0
2.4,5.290775664803611,0.728879710422919,3.4593341794024504,0.46070188740361817,0.09898956134771425,1.6691945357699547,0.0,-1.0,-1.0
2.42,5.302849430030327,0.7307956606955288,3.488224901491576,0.4207118540829574,0.09988230441869789,1.7320263840568755,0.0,-1.0,-1.0
2.44,5.314923195257042,0.7327116109681385,3.5171156235807013,0.3807218207622967,0.10077504748968152,1.794858232343796,0.0,-1.0,-1.0
2.46,5.325630129318357,0.7346580745699655,3.548153893978418,0.3416029835051135,0.10118630412368616,1.8480362177879541,0.0,-1.0,-1.0
2.48,5.332661568268117,0.7366865904363394,3.5849670570694405,0.3048268473463343,0.1003028133959145,1.8752543578727248,0.0,-1.0,-1.0
2.5,5.3396930072178765,0.7387151063027134,3.6217802201604634,0.26805071118755514,0.09941932266814282,1.9024724979574954,0.0,-1.0,-1.0
2.52,5.346724446167636,0.7407436221690874,3.658593383251486,0.23127457502877596,0.09853583194037116,1.929690638042266,0.0,-1.0,-1.0
2.54,5.353755885117396,0.7427721380354615,3.6954065463425083,0.1944984388699968,0.09765234121259948,1.956908778127037,0.0,-1.0,-1.0
2.56,5.360787324067156,0.7448006539018355,3.732219709433531,0.15772230271121765,0.09676885048482782,1.9841269182118075,0.0,-1.0,-1.0
2.58,5.367818763016916,0.7468291697682095,3.7690328725245537,0.12094616655243848,0.09588535975705614,2.011345058296578,0.0,-1.0,-1.0
2.6,5.370368026584301,0.7487500081892564,3.809163308450201,0.10610247078896115,0.0945122445110987,1.9926165621515375,0.0,-1.0,-1.0
2.62,5.372762378182036,0.750667125085883,3.8494083952372806,0.09201679925502529,0.0931222069691508,1.9723000683691896,0.0,-1.0,-1.0
2.64,5.3751567297797695,0.7525842419825094,3.8896534820243605,0.07793112772108944,0.0917321694272029,1.9519835745868417,0.0,-1.0,-1.0
2.66,5.377551081377503,0.7545013588791358,3.9298985688114403,0.06384545618715359,0.090342131885255,1.9316670808044938,0.0,-1.0,-1.0
2.68,5.379945432975238,0.7564184757757624,3.97014365559852,0.04975978465321773,0.0889520943433071,1.9113505870221459,0.0,-1.0,-1.0
2.7,5.382339784572972,0.7583355926723888,4.0103887423856,0.03567411311928188,0.0875620568013592,1.891034093239798,0.0,-1.0,-1.0
2.72,5.383558184207501,0.760136661330034,4.048937692734226,0.03661211939446077,0.08583662774658868,1.842567583137409,0.0,-1.0,-1.0
2.74,5.384176479478034,0.7618785089847592,4.086621081469371,0.04521691385368869,0.0839400438174785,1.7797357348504954,0.0,-1.0,-1.0
2.7600000000000002,5.384794774748568,0.7636203566394844,4.124304470204517,0.053821708312916605,0.08204345988836831,1.7169038865635817,0.0,-1.0,-1.0
2.7800000000000002,5.385413070019101,0.7653622042942095,4.1619878589396615,0.062426502772144524,0.08014687595925811,1.654072038276668,0.0,-1.0,-1.0
2.8000000000000003,5.386031365289634,0.7671040519489348,4.199671247674807,0.07103129723137244,0.07825029203014792,1.5912401899897544,0.0,-1.0,-1.0
2.82,5.386649660560168,0.76884589960366,4.237354636409951,0.07963609169060018,0.07635370810103778,1.528408341702842,0.0,-1.0,-1.0
2.84,5.387655981253271,0.7705022225216793,4.27220467978189,0.0963557995660233,0.07427596533352503,1.465576492641546,0.0,-1.0,-1.0
2.86,5.38935925139396,0.7720049307161916,4.301965627515139,0.12765105866473694,0.07187283524599251,1.402744642189348,0.0,-1.0,-1.0
2.88,5.391062521534647,0.7735076389107037,4.331726575248388,0.15894631776345058,0.06946970515845999,1.33991279173715,0.0,-1.0,-1.0
2.9,5.392765791675336,0.7750103471052159,4.361487522981637,0.19024157686216425,0.06706657507092746,1.277080941284952,0.0,-1.0,-1.0
2.92,5.394469061816023,0.776513055299728,4.391248470714887,0.22153683596087786,0.06466344498339494,1.2142490908327541,0.0,-1.0,-1.0
2.94,5.396172331956712,0.7780157634942402,4.421009418448135,0.25283209505959153,0.06226031489586242,1.1514172403805563,0.0,-1.0,-1.0
2.96,5.3980853586965125,0.7795023646997419,4.450349235452758,0.2845895395417367,0.05993747172345959,1.08858538987903,0.0,-1.0,-1.0
2.98,5.403734634734026,0.7807020632445709,4.472187741911091,0.3245795727556063,0.059044723868858125,1.025753538498856,0.0,-1.0,-1.0
3.0,5.40938391077154,0.7819017617894001,4.4940262483694235,0.36456960596947585,0.05815197601425666,0.962921687118682,0.0,-1.0,-1.0
3.02,5.415033186809054,0.7831014603342291,4.515864754827757,0.4045596391833455,0.057259228159655194,0.9000898357385079,0.0,-1.0,-1.0
3.04,5.4206824628465675,0.7843011588790583,4.53770326128609,0.44454967239721505,0.05636648030505373,0.8372579843583339,0.0,-1.0,-1.0
3.06,5.426331738884081,0.7855008574238873,4.559541767744423,0.4845397056110846,0.05547373245045226,0.7744261329781598,0.0,-1.0,-1.0
3.08,5.431981014921595,0.7867005559687165,4.581380274202756,0.5245297388249541,0.05458098459585079,0.7115942815979857,0.0,-1.0,-1.0
3.1,5.441405369562975,0.7878159786814518,4.597287423302167,0.5645197727166226,0.05368823585551814,0.6487624298318365,0.0,-1.0,-1.0
3.12,5.45209697186398,0.7889031110293524,4.6112034883685755,0.6045098068358196,0.05279548681785639,0.5859305779361201,0.0,-1.0,-1.0
3.14,5.462788574164984,0.789990243377253,4.625119553434985,0.6444998409550167,0.051902737780194635,0.5230987260404037,0.0,-1.0,-1.0
3.16,5.473480176465988,0.7910773757251535,4.639035618501394,0.6844898750742138,0.051009988742532875,0.46026687414468737,0.0,-1.0,-1.0
3.18,5.484171778766992,0.792164508073054,4.652951683567802,0.7244799091934109,0.05011723970487112,0.39743502224897104,0.0,-1.0,-1.0
3.2,5.494863381067996,0.7932516404209546,4.666867748634211,0.7644699433126079,0.04922449066720936,0.3346031703532547,0.0,-1.0,-1.0
3.22,5.5077947810066,0.7942887708813958,4.677264671080672,0.8044599776485479,0.048331741038755774,0.27856632480373494,0.0,-1.0,-1.0
3.24,5.523528709685247,0.7952633368831963,4.683258294690153,0.8444500122556857,0.04743899067107868,0.2310316761733951,0.0,-1.0,-1.0
3.2600000000000002,5.539262638363894,0.7962379028849966,4.689251918299632,0.8844400468628235,0.046546240303401584,0.18349702754305525,0.0,-1.0,-1.0
3.2800000000000002,5.554996567042541,0.7972124688867971,4.695245541909113,0.9244300814699614,0.04565348993572448,0.13596237891271537,0.0,-1.0,-1.0
3.3000000000000003,5.570730495721188,0.7981870348885975,4.701239165518594,0.9644201160770992,0.04476073956804739,0.08842773028237552,0.0,-1.0,-1.0
3.3200000000000003,5.586464424399835,0.799161600890398,4.707232789128074,1.0044101506842371,0.043867989200370286,0.040893081652035645,0.0,-1.0,-1.0
3.34,5.602902869672947,0.8001204390376235,4.71238898038469,1.0444001851629672,0.04297523869603187,-1.0966101266240028e-15,0.0,-1.0,-1.0
3.36,5.623679124790762,0.8009824385256228,4.71238898038469,1.0843902188510783,0.042082487350249935,-3.5832585953421047e-16,0.0,-1.0,-1.0
3.38,5.6444553799085755,0.801844438013622,4.71238898038469,1.1243802525391895,0.041189736004468,3.799584075555816e-16,0.0,-1.0,-1.0
3.4,5.665231635026389,0.8027064375016213,4.71238898038469,1.1643702862273007,0.040296984658686065,1.118242674645374e-15,0.0,-1.0,-1.0
3.42,5.686007890144204,0.8035684369896204,4.71238898038469,1.2043603199154118,0.03940423331290413,1.8565269417351658e-15,0.0,-1.0,-1.0
3.44,5.706784145262017,0.8044304364776197,4.71238898038469,1.2443503536035232,0.038511481967122195,2.5948112088249584e-15,0.0,-1.0,-1.0
3.46,5.728677994558455,0.8052674864065666,4.71238898038469,1.2814695754480292,0.03701036166190447,2.9251794373140596e-15,0.0,-1.0,-1.0
3.48,5.754175475945834,0.8060240876061132,4.71238898038469,1.3093319938082801,0.03354758304878938,1.9402407724538867e-15,0.0,-1.0,-1.0
3.5,5.7796729573332115,0.8067806888056597,4.71238898038469,1.337194412168531,0.030084804435674295,9.553021075937135e-16,0.0,-1.0,-1.0
3.52,5.80517043872059,0.8075372900052061,4.71238898038469,1.365056830528782,0.02662202582255921,-2.963655726645936e-17,0.0,-1.0,-1.0
3.54,5.8306679201079685,0.8082938912047527,4.71238898038469,1.392919248889033,0.023159247209444123,-1.0145752221266322e-15,0.0,-1.0,-1.0
3.56,5.856165401495347,0.8090504924042992,4.71238898038469,1.4207816672492837,0.019696468596329036,-1.999513886986805e-15,0.0,-1.0,-1.0
3.58,5.882760612507048,0.8096706662981846,4.71238898038469,1.4415541743829026,0.016391967034982878,-2.6848115602403877e-15,0.0,-1.0,-1.0
3.6,5.911547533021234,0.8100184516042155,4.71238898038469,1.448171077565543,0.013403478916929678,-2.771850797093726e-15,0.0,-1.0,-1.0
3.62,5.940334453535419,0.8103662369102465,4.71238898038469,1.4547879807481832,0.010414990798876478,-2.8588900339470645e-15,0.0,-1.0,-1.0
3.64,5.969121374049605,0.8107140222162773,4.71238898038469,1.4614048839308236,0.0074265026808232795,-2.9459292708004026e-15,0.0,-1.0,-1.0
3.66,5.99790829456379,0.8110618075223082,4.71238898038469,1.4680217871134638,0.004438014562770081,-3.032968507653741e-15,0.0,-1.0,-1.0
3.68,6.026695215077976,0.811409592828339,4.71238898038469,1.4746386902961042,0.001449526444716881,-3.1200077445070795e-15,0.0,-1.0,-1.0
3.7,6.055818602589855,0.8116054146558408,4.71238898038469,1.4721049436314033,-0.0013346798541687334,-2.7370009989365712e-15,0.0,-1.0,-1.0
3.72,6.085386715172361,0.811600378838507,4.71238898038469,1.45747633052351,-0.003848876770024348,-1.7327112325511796e-15,0.0,-1.0,-1.0
3.74,6.114954827754867,0.8115953430211732,4.71238898038469,1.4428477174156171,-0.0063630736858799625,-7.28421466165788e-16,0.0,-1.0,-1.0
3.7600000000000002,6.144522940337374,0.8115903072038393,4.71238898038469,1.4282191043077241,-0.008877270601735576,2.758683002196041e-16,0.0,-1.0,-1.0
3.7800000000000002,6.174091052919881,0.8115852713865055,4.71238898038469,1.4135904911998312,-0.011391467517591191,1.2801580666049961e-15,0.0,-1.0,-1.0
3.8000000000000003,6.203659165502387,0.8115802355691716,4.71238898038469,1.3989618780919382,-0.013905664433446804,2.2844478329903878e-15,0.0,-1.0,-1.0
3.8200000000000003,6.232315900598589,0.8114185627249136,4.71238898038469,1.3731218774911966,-0.016169574632451344,2.8055577047745043e-15,0.0,-1.0,-1.0
3.84,6.260156958059539,0.8111167006378504,4.71238898038469,1.3372477492369768,-0.018209479652038413,2.8942243356915694e-15,0.0,-1.0,-1.0
3.86,6.287998015520489,0.8108148385507871,4.71238898038469,1.3013736209827562,-0.020249384671625525,2.982890966608636e-15,0.0,-1.0,-1.0
3.88,6.315839072981438,0.8105129764637238,4.71238898038469,1.2654994927285357,-0.022289289691212636,3.0715575975257033e-15,0.0,-1.0,-1.0
3.9,6.343680130442388,0.8102111143766606,4.71238898038469,1.2296253644743151,-0.02432919471079975,3.16022422844277e-15,0.0,-1.0,-1.0
3.92,6.371521187903338,0.8099092522895973,4.71238898038469,1.1937512362200944,-0.026369099730386862,3.248890859359837e-15,0.0,-1.0,-1.0
3.94,6.396716441664855,0.8094569422750174,4.71238898038469,1.1553058916564576,-0.026576969292553963,2.5764642192299965e-15,0.0,-1.0,-1.0
3.96,6.4203221969494555,0.8089142488538021,4.71238898038469,1.1153158578898696,-0.0256842214620357,1.4468016188585966e-15,0.0,-1.0,-1.0
3.98,6.443927952234056,0.8083715554325869,4.71238898038469,1.075325824123282,-0.024791473631517444,3.1713901848719675e-16,0.0,-1.0,-1.0
4.0,6.4675337075186565,0.8078288620113717,4.71238898038469,1.0353357903566942,-0.02389872580099918,-8.125235818842031e-16,0.0,-1.0,-1.0
4.0200000000000005,6.4911394628032575,0.8072861685901564,4.71238898038469,0.9953457565901055,-0.0230059779704809,-1.942186182255628e-15,0.0,-1.0,-1.0
4.04,6.514745218087858,0.8067434751689412,4.71238898038469,0.9553557228235187,-0.02211323013996266,-3.071848782627003e-15,0.0,-1.0,-1.0
4.0600000000000005,6.53494366981405,0.8062768472713872,4.71238898038469,0.9153656885039744,-0.02122048205772501,-3.3772877485102367e-15,0.0,-1.0,-1.0
4.08,6.55382819881982,0.8058395517236124,4.71238898038469,0.8753756539712014,-0.020327733878419504,-3.364890002313663e-15,0.0,-1.0,-1.0
4.1,6.572712727825591,0.8054022561758376,4.71238898038469,0.8353856194384284,-0.019434985699113994,-3.3524922561170887e-15,0.0,-1.0,-1.0
4.12,6.5915972568313626,0.8049649606280629,4.71238898038469,0.7953955849056537,-0.018542237519808446,-3.3400945099205146e-15,0.0,-1.0,-1.0
4.14,6.610481785837133,0.8045276650802881,4.71238898038469,0.7554055503728807,-0.01764948934050294,-3.3276967637239404e-15,0.0,-1.0,-1.0
4.16,6.629366314842905,0.8040903695325133,4.71238898038469,0.715415515840106,-0.01675674116119739,-3.3152990175273662e-15,0.0,-1.0,-1.0
4.18,6.644385598340693,0.8037393627546817,4.71238898038469,0.6754254809568913,-0.015863992910923767,-2.512718400164732e-15,0.0,-1.0,-1.0
4.2,6.65854890097718,0.8034074651215253,4.71238898038469,0.6354354459960674,-0.01497124464493381,-1.535147238669524e-15,0.0,-1.0,-1.0
4.22,6.672712203613665,0.8030755674883688,4.71238898038469,0.5954454110352453,-0.01407849637894389,-5.575760771743588e-16,0.0,-1.0,-1.0
4.24,6.686875506250151,0.8027436698552123,4.71238898038469,0.5554553760744214,-0.01318574811295393,4.1999508432084896e-16,0.0,-1.0,-1.0
4.26,6.701038808886636,0.8024117722220558,4.71238898038469,0.5154653411135992,-0.01229299984696401,1.3975662458160137e-15,0.0,-1.0,-1.0
4.28,6.715202111523123,0.8020798745888994,4.71238898038469,0.4754753061527754,-0.01140025158097405,2.3751374073112227e-15,0.0,-1.0,-1.0
4.3,6.725042226721059,0.8018444889516213,4.71238898038469,0.4354852709422133,-0.010507503278351383,2.1520557028397664e-15,0.0,-1.0,-1.0
4.32,6.734484302937725,0.8016179892433171,4.71238898038469,0.39549523570865563,-0.009614754972355874,1.8184290242205976e-15,0.0,-1.0,-1.0
4.34,6.74392637915439,0.8013914895350129,4.71238898038469,0.3555052004750997,-0.008722006666360405,1.4848023456014435e-15,0.0,-1.0,-1.0
4.36,6.753368455371055,0.8011649898267087,4.71238898038469,0.3155151652415421,-0.007829258360364896,1.1511756669822744e-15,0.0,-1.0,-1.0
4.38,6.76281053158772,0.8009384901184046,4.71238898038469,0.2755251300079862,-0.006936510054369426,8.175489883631202e-16,0.0,-1.0,-1.0
4.4,6.772192704896054,0.800713327698743,4.71238898038469,0.23553513525728004,-0.006042074044891691,4.871061139298624e-16,0.0,-1.0,-1.0
4.42,6.776913554660699,0.8005922259200141,4.71238898038469,0.19554829066529203,-0.005016309988151452,4.0440983183663684e-16,0.0,-1.0,-1.0
4.44,6.781634404425345,0.8004711241412853,4.71238898038469,0.15556144607330225,-0.003990545931411167,3.217135497434076e-16,0.0,-1.0,-1.0
4.46,6.78635525418999,0.8003500223625565,4.71238898038469,0.11557460148131422,-0.0029647818746709287,2.3901726765018204e-16,0.0,-1.0,-1.0
4.48,6.7910761039546355,0.8002289205838277,4.71238898038469,0.07558775688932443,-0.0019390178179306437,1.5632098555695282e-16,0.0,-1.0,-1.0
4.5,6.795796953719281,0.8001078188050987,4.71238898038469,0.03560091229733642,-0.0009132537611904051,7.362470346372725e-17,0.0,-1.0,-1.0
4.5200000000000005,6.8,0.8,4.71238898038469,-0.0025340280996490674,0.0015279122193585933,-0.0048817883305347295,3.0,-1.0,-1.0
4.54,6.8,0.8,4.71238898038469,-0.02563693553301744,0.015457992385021527,-0.04938938630281489,0.0,-1.0,-1.0
4.5600000000000005,6.8,0.8,4.71238898038469,-0.04873984296638684,0.02938807255068508,-0.09389698427509703,0.0,-1.0,-1.0
4.58,6.8,0.8,4.71238898038469,-0.07184275039975521,0.043318152716348014,-0.13840458224737717,0.0,-1.0,-1.0
4.6000000000000005,6.8,0.8,4.71238898038469,-0.09494565783312461,0.057248232882011564,-0.18291218021965933,0.0,-1.0,-1.0
4.62,6.8,0.8,4.71238898038469,-0.11804856526649297,0.0711783130476745,-0.22741977819193948,0.0,-1.0,-1.0
4.64,6.8,0.8,4.71238898038469,-0.14115147269986136,0.08510839321333744,-0.27192737616421964,0.0,-1.0,-1.0
4.66,6.8,0.8,4.71238898038469,-0.16425438013323074,0.09903847337900099,-0.3164349741365018,0.0,-1.0,-1.0
4.68,6.797665321450735,0.801407712836409,4.707891237641059,-0.19876260414653915,0.10133148372910014,-0.3734046815018185,0.0,-1.0,-1.0
4.7,6.794232416002387,0.8034776102393458,4.7012777680588185,-0.23863586030295636,0.09815044579877802,-0.43623653368319254,0.0,-1.0,-1.0
4.72,6.79079951055404,0.8055475076422824,4.694664298476579,-0.27850911645937176,0.09496940786845605,-0.4990683858645638,0.0,-1.0,-1.0
4.74,6.787366605105693,0.8076174050452192,4.6880508288943386,-0.31838237261578894,0.09178836993813393,-0.5619002380459379,0.0,-1.0,-1.0
4.76,6.783933699657346,0.8096873024481559,4.681437359312099,-0.35825562877220435,0.08860733200781194,-0.6247320902273091,0.0,-1.0,-1.0
4.78,6.780500794208998,0.8117571998510926,4.6748238897298595,-0.39812888492862153,0.08542629407748983,-0.6875639424086832,0.0,-1.0,-1.0
4.8,6.7770678887606515,0.8138270972540292,4.66821042014762,-0.4380021410850369,0.08224525614716785,-0.7503957945900545,0.0,-1.0,-1.0
4.82,6.7721508570070394,0.8157785929379814,4.659258280147667,-0.4777973061836368,0.07838154198333341,-0.8132276466192554,0.0,-1.0,-1.0
4.84,6.762793107739901,0.8173758137968988,4.643308504808013,-0.5173588117029466,0.0724751631921881,-0.87605949819313,0.0,-1.0,-1.0
4.86,6.753435358472763,0.8189730346558163,4.627358729468359,-0.5569203172222583,0.06656878440104251,-0.9388913497670075,0.0,-1.0,-1.0
4.88,6.7440776092056245,0.8205702555147337,4.611408954128705,-0.5964818227415681,0.06066240560989719,-1.001723201340882,0.0,-1.0,-1.0
4.9,6.734719859938486,0.8221674763736513,4.59545917878905,-0.6360433282608797,0.05475602681875161,-1.0645550529147596,0.0,-1.0,-1.0
4.92,6.725362110671348,0.8237646972325687,4.579509403449396,-0.6756048337801895,0.04884964802760628,-1.1273869044886342,0.0,-1.0,-1.0
4.94,6.7160043614042095,0.8253619180914862,4.563559628109742,-0.7151663392995011,0.0429432692364607,-1.1902187560625115,0.0,-1.0,-1.0
4.96,6.706646612137072,0.8269591389504036,4.547609852770088,-0.7547278448188111,0.03703689044531538,-1.2530506076363863,0.0,-1.0,-1.0
4.98,6.69246320979076,0.8278359085872021,4.523995942457874,-0.7941879000793104,0.030493805873746598,-1.31588245804665,0.0,-1.0,-1.0
5.0,6.6772269403315745,0.8285554892620604,4.498709861451075,-0.8336258207935935,0.023811804026985392,-1.3787143082030322,0.0,-1.0,-1.0
5.0200000000000005,6.661990670872389,0.8292750699369186,4.473423780444275,-0.8730637415078784,0.017129802180223887,-1.4415461583594171,0.0,-1.0,-1.0
5.04,6.646754401413204,0.8299946506117768,4.448137699437476,-0.9125016622221614,0.010447800333462681,-1.5043780085157994,0.0,-1.0,-1.0
5.0600000000000005,6.631518131954018,0.830714231286635,4.422851618430676,-0.9519395829364463,0.00376579848670118,-1.5672098586721843,0.0,-1.0,-1.0
5.08,6.616281862494833,0.8314338119614932,4.397565537423877,-0.9913775036507295,-0.0029162033600600296,-1.6300417088285664,0.0,-1.0,-1.0
5.1000000000000005,6.601045593035647,0.8321533926363516,4.372279456417076,-1.0308154243650143,-0.00959820520682153,-1.6928735589849515,0.0,-1.0,-1.0
5.12,6.583516245927313,0.8324844551335556,4.343340081609824,-1.070228366938533,-0.01642358995135805,-1.7443311794745335,0.0,-1.0,-1.0
5.14,6.562419819979945,0.8322111443027984,4.308717695146508,-1.1096024538730411,-0.023472019083738763,-1.7780952107523362,0.0,-1.0,-1.0
5.16,6.541323394032576,0.8319378334720412,4.27409530868319,-1.148976540807551,-0.030520448216119787,-1.8118592420301403,0.0,-1.0,-1.0
5.18,6.520226968085208,0.8316645226412839,4.239472922219874,-1.188350627742059,-0.0375688773485005,-1.845623273307943,0.0,-1.0,-1.0
5.2,6.49913054213784,0.8313912118105267,4.204850535756556,-1.2277247146765686,-0.044617306480881525,-1.879387304585747,0.0,-1.0,-1.0
5.22,6.4780341161904715,0.8311179009797695,4.17022814929324,-1.2670988016110767,-0.05166573561326224,-1.9131513358635497,0.0,-1.0,-1.0
5.24,6.456937690243103,0.8308445901490121,4.135605762829922,-1.3064728885455865,-0.058714164745643255,-1.946915367141354,0.0,-1.0,-1.0
5.26,6.4358412642957346,0.8305712793182549,4.100983376366606,-1.3458469754800946,-0.06576259387802397,-1.9806793984191564,0.0,-1.0,-1.0
5.28,6.409118226887371,0.8292907382194227,4.061536063152021,-1.385183750852686,-0.07301625738550599,-1.9605708873359737,0.0,-1.0,-1.0
5.3,6.3821711296359265,0.827970087747946,4.021896614344235,-1.4245190404246715,-0.08027809362398204,-1.938317093346444,0.0,-1.0,-1.0
5.32,6.35522403238448,0.8266494372764693,3.982257165536447,-1.4638543299966587,-0.08753992986245841,-1.916063299356913,0.0,-1.0,-1.0
5.34,6.328276935133034,0.8253287868049927,3.942617716728661,-1.503189619568644,-0.09480176610093446,-1.8938095053673831,0.0,-1.0,-1.0
5.36,6.301329837881588,0.824008136333516,3.902978267920873,-1.5425249091406312,-0.10206360233941085,-1.8715557113778523,0.0,-1.0,-1.0
5.38,6.274382740630142,0.8226874858620394,3.863338819113087,-1.5818601987126166,-0.1093254385778869,-1.8493019173883225,0.0,-1.0,-1.0
5.4,6.2474356433786955,0.8213668353905628,3.823699370305299,-1.6211954882846038,-0.11658727481636327,-1.8270481233987916,0.0,-1.0,-1.0
5.42,6.217378428194243,0.8194720143115324,3.7858194591675645,-1.66051692170147,-0.12392343102767836,-1.783202445286652,0.0,-1.0,-1.0
5.44,6.184586424613434,0.8170723136270048,3.7494867444084403,-1.6998261711262657,-0.131324938265455,-1.720370595130268,0.0,-1.0,-1.0
5.46,6.151794421032625,0.8146726129424775,3.713154029649318,-1.7391354205510599,-0.13872644550323132,-1.6575387449738865,0.0,-1.0,-1.0
5.48,6.119002417451815,0.81227291225795,3.6768213148901943,-1.7784446699758556,-0.14612795274100798,-1.5947068948175025,0.0,-1.0,-1.0
5.5,6.086210413871008,0.8098732115734225,3.640488600131072,-1.8177539194006496,-0.1535294599787843,-1.5318750446611211,0.0,-1.0,-1.0
5.5200000000000005,6.053418410290198,0.807473510888895,3.6041558853719478,-1.8570631688254453,-0.16093096721656094,-1.469043194504737,0.0,-1.0,-1.0
5.54,6.02062640670939,0.8050738102043676,3.5678231706128254,-1.8963724182502395,-0.16833247445433727,-1.4062113443483557,0.0,-1.0,-1.0
5.5600000000000005,5.987235631179254,0.8025613672268284,3.5324475321130673,-1.9356797531071157,-0.17574408092119007,-1.3433794940466628,0.0,-1.0,-1.0
5.58,5.9486025906246365,0.799061862346841,3.505451122810462,-1.9749703258687505,-0.1832441064187263,-1.2805476424727882,0.0,-1.0,-1.0
5.6000000000000005,5.9099695500700165,0.7955623574668534,3.4784547135078556,-2.014260898630387,-0.19074413191626283,-1.217715790898911,0.0,-1.0,-1.0
5.62,5.871336509515399,0.792062852586866,3.4514583042052505,-2.053551471392022,-0.19824415741379905,-1.1548839393250365,0.0,-1.0,-1.0
5.64,5.832703468960781,0.7885633477068786,3.4244618949026453,-2.092842044153657,-0.20574418291133528,-1.092052087751162,0.0,-1.0,-1.0
5.66,5.794070428406162,0.7850638428268911,3.397465485600039,-2.1321326169152934,-0.21324420840887184,-1.0292202361772849,0.0,-1.0,-1.0
5.68,5.755437387851544,0.7815643379469037,3.3704690762974336,-2.171423189676928,-0.22074423390640807,-0.9663883846034103,0.0,-1.0,-1.0
5.7,5.716804347296924,0.7780648330669162,3.343472666994827,-2.2107137624385644,-0.22824425940394463,-0.903556533029533,0.0,-1.0,-1.0
5.72,5.674242652364913,0.7738154025449632,3.322758798550637,-2.249994887829447,-0.23579353099772316,-0.8407246810468648,0.0,-1.0,-1.0
5.74,5.629771350037782,0.7692014544518219,3.3050986949151766,-2.2892714211215304,-0.2433667397212495,-0.7778928288654908,0.0,-1.0,-1.0
5.76,5.585300047710653,0.7645875063586809,3.287438591279716,-2.3285479544136125,-0.2509399484447756,-0.7150609766841196,0.0,-1.0,-1.0
5.78,5.540828745383522,0.7599735582655397,3.2697784876442553,-2.367824487705696,-0.2585131571683019,-0.6522291245027455,0.0,-1.0,-1.0
5.8,5.496357443056394,0.7553596101723986,3.2521183840087953,-2.407101020997778,-0.266086365891828,-0.5893972723213743,0.0,-1.0,-1.0
5.82,5.451886140729263,0.7507456620792574,3.2344582803733344,-2.4463775542898616,-0.27365957461535434,-0.5265654201400003,0.0,-1.0,-1.0
5.84,5.4074148384021345,0.7461317139861163,3.2167981767378744,-2.4856540875819437,-0.28123278333888035,-0.4637335679586291,0.0,-1.0,-1.0
5.86,5.361523484152912,0.7412439548230348,3.2014097728931064,-2.5223690026062795,-0.2838914636297103,-0.4025596949839135,0.0,-1.0,-1.0
5.88,5.311216006205055,0.7355046890804403,3.19308597501506,-2.5511177137453402,-0.2712667834027927,-0.3465418597233594,0.0,-1.0,-1.0
5.9,5.260908528257195,0.7297654233378454,3.184762177137014,-2.579866424884402,-0.25864210317587455,-0.2905240244628028,0.0,-1.0,-1.0
5.92,5.2106010503093385,0.7240261575952509,3.1764383792589683,-2.608615136023462,-0.24601742294895695,-0.23450618920224872,0.0,-1.0,-1.0
5.94,5.160293572361479,0.718286891852656,3.168114581380922,-2.637363847162524,-0.2333927427220388,-0.17848835394169213,0.0,-1.0,-1.0
5.96,5.109986094413622,0.7125476261100614,3.159790783502876,-2.666112558301584,-0.2207680624951212,-0.12247051868113806,0.0,-1.0,-1.0
5.98,5.059678616465763,0.7068083603674666,3.15146698562483,-2.6948612694406457,-0.20814338226820306,-0.06645268342058147,0.0,-1.0,-1.0
6.0,5.009371138517905,0.701069094624872,3.1431431877467837,-2.723609980579706,-0.19551870204128546,-0.010434848160027377,0.0,-1.0,-1.0
6.0200000000000005,4.955587578338364,0.6968563121082031,3.141592653589793,-2.7309940265818384,-0.17874257593991968,5.09743692333055e-16,0.0,-1.0,-1.0
6.04,4.90100827411951,0.6929929718219489,3.141592653589793,-2.733487277774889,-0.16101610169114383,3.5904881611960425e-16,0.0,-1.0,-1.0
6.0600000000000005,4.846428969900654,0.6891296315356945,3.141592653589793,-2.7359805289679398,-0.14328962744236717,2.083539399061468e-16,0.0,-1.0,-1.0
6.08,4.791849665681801,0.6852662912494403,3.141592653589793,-2.7384737801609904,-0.12556315319359135,5.765906369269606e-17,0.0,-1.0,-1.0
6.1000000000000005,4.7372703614629454,0.6814029509631858,3.141592653589793,-2.740967031354041,-0.10783667894481469,-9.303581252076143e-17,0.0,-1.0,-1.0
6.12,4.682691057244092,0.6775396106769317,3.141592653589793,-2.7434602825470917,-0.09011020469603884,-2.437306887342122e-16,0.0,-1.0,-1.0
6.140000000000001,4.628111753025236,0.6736762703906772,3.141592653589793,-2.7459535337401424,-0.07238373044726219,-3.944255649476697e-16,0.0,-1.0,-1.0
6.16,4.573532448806382,0.669812930104423,3.141592653589793,-2.748446784933193,-0.054657256198486354,-5.451204411611204e-16,0.0,-1.0,-1.0
6.18,4.518953144587529,0.6659495898181689,3.141592653589793,-2.7509400361262437,-0.0369307819497105,-6.958153173745713e-16,0.0,-1.0,-1.0
6.2,4.464373840368673,0.6620862495319144,3.141592653589793,-2.7534332873192944,-0.019204307700933843,-8.465101935880287e-16,0.0,-1.0,-1.0
6.22,4.409378231405806,0.6611827455208672,3.141592653589793,-2.7261313114840746,0.0024657415138557154,-7.983837906466406e-16,0.0,-1.0,-1.0
6.24,4.3543014273771234,0.6608565207856807,3.141592653589793,-2.6930181469601204,0.024904936008657882,-7.114797684775884e-16,0.0,-1.0,-1.0
6.26,4.299224623348444,0.6605302960504941,3.141592653589793,-2.659904982436168,0.04734413050345906,-6.245757463085399e-16,0.0,-1.0,-1.0
6.28,4.244147819319761,0.6602040713153076,3.141592653589793,-2.626791817912214,0.06978332499826123,-5.376717241394878e-16,0.0,-1.0,-1.0
6.3,4.189071015291081,0.6598778465801209,3.141592653589793,-2.5936786533882614,0.0922225194930624,-4.507677019704395e-16,0.0,-1.0,-1.0
6.32,4.133994211262398,0.6595516218449344,3.141592653589793,-2.5605654888643077,0.11466171398786457,-3.638636798013873e-16,0.0,-1.0,-1.0
6.34,4.078917407233718,0.6592253971097478,3.141592653589793,-2.527452324340355,0.13710090848266573,-2.7695965763233894e-16,0.0,-1.0,-1.0
6.36,4.023840603205036,0.6588991723745613,3.141592653589793,-2.494339159816401,0.15954010297746793,-1.9005563546328674e-16,0.0,-1.0,-1.0
6.38,3.968763799176356,0.6585729476393747,3.141592653589793,-2.4612259952924487,0.1819792974722691,-1.0315161329423839e-16,0.0,-1.0,-1.0
6.4,3.9136869951476734,0.6582467229041882,3.141592653589793,-2.4281128307684945,0.20441849196707126,-1.624759112518619e-17,0.0,-1.0,-1.0
6.42,3.8642916210635687,0.6617705292176105,3.141592653589793,-2.390198853823016,0.21627229448978844,6.463191543735399e-17,0.0,-1.0,-1.0
6.44,3.815822170958684,0.6659217895528957,3.141592653589793,-2.3515024704439096,0.22640095592090972,1.445295840616183e-16,0.0,-1.0,-1.0
6.46,3.767352720853801,0.6700730498881807,3.141592653589793,-2.3128060870648044,0.23652961735203054,2.244272526858791e-16,0.0,-1.0,-1.0
6.48,3.7188832707489157,0.674224310223466,3.141592653589793,-2.2741097036856974,0.24665827878315183,3.043249213101434e-16,0.0,-1.0,-1.0
6.5,3.670413820644033,0.678375570558751,3.141592653589793,-2.2354133203065922,0.2567869402142726,3.842225899344042e-16,0.0,-1.0,-1.0
6.5200000000000005,3.621944370539148,0.6825268308940361,3.141592653589793,-2.1967169369274853,0.2669156016453939,4.641202585586685e-16,0.0,-1.0,-1.0
6.54,3.5734749204342653,0.6866780912293211,3.141592653589793,-2.1580205535483805,0.27704426307651475,5.440179271829293e-16,0.0,-1.0,-1.0
6.5600000000000005,3.52500547032938,0.6908293515646063,3.141592653589793,-2.1193241701692735,0.28717292450763604,6.239155958071936e-16,0.0,-1.0,-1.0
6.58,3.4765360202244975,0.6949806118998914,3.141592653589793,-2.0806277867901684,0.2973015859387569,7.038132644314543e-16,0.0,-1.0,-1.0
6.6000000000000005,3.4280665701196122,0.6991318722351766,3.141592653589793,-2.041931403411062,0.3074302473698781,7.837109330557187e-16,0.0,-1.0,-1.0
6.62,3.3864146370699832,0.7050675970610333,3.141592653589793,-2.0031737962816165,0.3173216497536985,7.144001677948414e-16,0.0,-1.0,-1.0
6.640000000000001,3.345666608467164,0.7112399161447603,3.141592653589793,-1.9644080717657761,0.3271815950093356,6.253065159203356e-16,0.0,-1.0,-1.0
6.66,3.3049185798643466,0.7174122352284872,3.141592653589793,-1.9256423472499373,0.3370415402649723,5.362128640458337e-16,0.0,-1.0,-1.0
6.68,3.264170551261529,0.7235845543122141,3.141592653589793,-1.8868766227340987,0.346901485520609,4.471192121713318e-16,0.0,-1.0,-1.0
6.7,3.2234225226587094,0.7297568733959412,3.141592653589793,-1.8481108982182584,0.3567614307762461,3.5802556029682586e-16,0.0,-1.0,-1.0
6.72,3.1826744940558918,0.735929192479668,3.141592653589793,-1.8093451737024195,0.36662137603188283,2.689319084223239e-16,0.0,-1.0,-1.0
6.74,3.1419264654530727,0.7421015115633952,3.141592653589793,-1.7705794491865792,0.37648132128752,1.7983825654781806e-16,0.0,-1.0,-1.0
6.76,3.101178436850255,0.748273830647122,3.141592653589793,-1.7318137246707406,0.38634126654315665,9.074460467331616e-17,0.0,-1.0,-1.0
6.78,3.0604304082474356,0.7544461497308491,3.141592653589793,-1.6930480001549,0.3962012117987938,1.6509527988102195e-18,0.0,-1.0,-1.0
6.8,3.0196823796446184,0.760618468814576,3.141592653589793,-1.6542822756390614,0.40606115705443047,-8.744269907569168e-17,0.0,-1.0,-1.0
6.82,2.985942543614567,0.7685733005682319,3.141592653589793,-1.6154856221391904,0.4157986085251332,-1.6958218486767848e-17,0.0,-1.0,-1.0
6.84,2.9529297727459745,0.7767130591555473,3.141592653589793,-1.576685759910889,0.42552335187421975,7.008170053222235e-17,0.0,-1.0,-1.0
6.86,2.91991700187738,0.7848528177428631,3.141592653589793,-1.5378858976825858,0.4352480952233068,1.5712161955121645e-16,0.0,-1.0,-1.0
6.88,2.8869042310087876,0.7929925763301786,3.141592653589793,-1.4990860354542843,0.4449728385723934,2.441615385702066e-16,0.0,-1.0,-1.0
6.9,2.853891460140193,0.8011323349174944,3.141592653589793,-1.4602861732259813,0.4546975819214804,3.312014575892007e-16,0.0,-1.0,-1.0
6.92,2.8208786892716007,0.8092720935048098,3.141592653589793,-1.4214863109976799,0.464422325270567,4.182413766081909e-16,0.0,-1.0,-1.0
6.94,2.787865918403006,0.8174118520921256,3.141592653589793,-1.3826864487693766,0.474147068619654,5.052812956271849e-16,0.0,-1.0,-1.0
6.96,2.754853147534414,0.825551610679441,3.141592653589793,-1.3438865865410752,0.48387181196874063,5.923212146461751e-16,0.0,-1.0,-1.0
6.98,2.7218403766658197,0.8336913692667569,3.141592653589793,-1.305086724312772,0.49359655531782765,6.793611336651692e-16,0.0,-1.0,-1.0
7.0,2.688827605797227,0.8418311278540723,3.141592653589793,-1.2662868620844705,0.5033212986669142,7.664010526841594e-16,0.0,-1.0,-1.0
7.0200000000000005,2.6630078151980197,0.851773724983011,3.141592653589793,-1.2274681310048265,0.5129704234714114,6.5664245421347985e-16,0.0,-1.0,-1.0
7.04,2.6377371138544192,0.8618539450770792,3.141592653589793,-1.1886479595370352,0.522613775796518,5.318608823123688e-16,0.0,-1.0,-1.0
7.0600000000000005,2.6124664125108175,0.8719341651711481,3.141592653589793,-1.149827788069242,0.5322571281216251,4.0707931041125225e-16,0.0,-1.0,-1.0
7.08,2.587195711167217,0.8820143852652165,3.141592653589793,-1.1110076166014504,0.5419004804467317,2.822977385101412e-16,0.0,-1.0,-1.0
7.1000000000000005,2.5619250098236153,0.8920946053592853,3.141592653589793,-1.0721874451336573,0.5515438327718387,1.5751616660902464e-16,0.0,-1.0,-1.0
7.12,2.536654308480015,0.9021748254533537,3.141592653589793,-1.033367273665866,0.5611871850969453,3.27345947079136e-17,0.0,-1.0,-1.0
7.140000000000001,2.511383607136413,0.9122550455474225,3.141592653589793,-0.9945471021980727,0.5708305374220524,-9.204697719320296e-17,0.0,-1.0,-1.0
7.16,2.4861129057928126,0.9223352656414909,3.141592653589793,-0.9557269307302814,0.580473889747159,-2.16828549094314e-16,0.0,-1.0,-1.0
7.18,2.460842204449212,0.9324154857355593,3.141592653589793,-0.91690675926249,0.5901172420722656,-3.4161012099542494e-16,0.0,-1.0,-1.0
7.2,2.4355715031056104,0.9424957058296282,3.141592653589793,-0.8780865877946968,0.5997605943973726,-4.663916928965416e-16,0.0,-1.0,-1.0
7.22,2.4176762567603403,0.9544080690703562,3.141592653589793,-0.8382389905984896,0.6029237367791163,-3.3341728257937824e-16,0.0,-1.0,-1.0
7.24,2.4001516774185983,0.9664125100215939,3.141592653589793,-0.79833975823995,0.6057612043377486,-1.8748887314049922e-16,0.0,-1.0,-1.0
7.26,2.382627098076857,0.978416950972831,3.141592653589793,-0.7584405258814121,0.6085986718963808,-4.15604637016267e-17,0.0,-1.0,-1.0
7.28,2.3651025187351156,0.9904213919240688,3.141592653589793,-0.7185412935228725,0.6114361394550133,1.0436794573725228e-16,0.0,-1.0,-1.0
7.3,2.3475779393933744,1.002425832875306,3.141592653589793,-0.6786420611643347,0.6142736070136455,2.5029635517612484e-16,0.0,-1.0,-1.0
7.32,2.3300533600516324,1.0144302738265436,3.141592653589793,-0.638742828805795,0.6171110745722779,3.962247646150038e-16,0.0,-1.0,-1.0
7.34,2.3125287807098913,1.0264347147777806,3.141592653589793,-0.5988435964472572,0.6199485421309102,5.421531740538764e-16,0.0,-1.0,-1.0
7.36,2.2950042013681493,1.0384391557290185,3.141592653589793,-0.5589443640887176,0.6227860096895426,6.880815834927554e-16,0.0,-1.0,-1.0
7.38,2.2774796220264086,1.0504435966802554,3.141592653589793,-0.5190451317301799,0.6256234772481748,8.340099929316278e-16,0.0,-1.0,-1.0
7.4,2.2599550426846666,1.062448037631493,3.141592653589793,-0.47914589937164015,0.6284609448068073,9.79938402370507e-16,0.0,-1.0,-1.0
7.42,2.2501946065649716,1.0750046321759412,3.141592653589793,-0.44265208260263667,0.6123735066199774,9.26649615727498e-16,0.0,-1.0,-1.0
7.44,2.240631463506071,1.0875752573827977,3.141592653589793,-0.4062448001550271,0.5958051715108472,8.6829856152271e-16,0.0,-1.0,-1.0
7.46,2.23106832044717,1.1001458825896535,3.141592653589793,-0.3698375177074192,0.5792368364017179,8.099475073179244e-16,0.0,-1.0,-1.0
7.48,2.2215051773882695,1.11271650779651,3.141592653589793,-0.33343023525980964,0.5626685012925877,7.515964531131363e-16,0.0,-1.0,-1.0
7.5,2.211942034329369,1.1252871330033658,3.141592653589793,-0.2970229528122017,0.5461001661834584,6.932453989083507e-16,0.0,-1.0,-1.0
7.5200000000000005,2.2023788912704685,1.137857758210222,3.141592653589793,-0.2606156703645921,0.5295318310743282,6.348943447035626e-16,0.0,-1.0,-1.0
7.54,2.192815748211568,1.1504283834170779,3.141592653589793,-0.22420838791698422,0.5129634959651987,5.76543290498777e-16,0.0,-1.0,-1.0
7.5600000000000005,2.1832526051526675,1.1629990086239343,3.141592653589793,-0.18780110546937462,0.49639516085606866,5.181922362939889e-16,0.0,-1.0,-1.0
7.58,2.1736894620937672,1.1755696338307902,3.141592653589793,-0.15139382302176668,0.47982682574693925,4.598411820892033e-16,0.0,-1.0,-1.0
7.6000000000000005,2.1641263190348665,1.1881402590376464,3.141592653589793,-0.11498654057415714,0.4632584906378091,4.014901278844152e-16,0.0,-1.0,-1.0
7.62,2.161815409265127,1.1974105162041986,3.141592653589793,-0.09900119649946751,0.42661065971172696,4.474631043260379e-16,0.0,-1.0,-1.0
7.640000000000001,2.1595169237523506,1.2066751193026906,3.141592653589793,-0.08305083853180366,0.3899284293384966,4.936148048258291e-16,0.0,-1.0,-1.0
7.66,2.1572184382395747,1.215939722401182,3.141592653589793,-0.06710048056414052,0.3532461989652679,5.397665053256182e-16,0.0,-1.0,-1.0
7.68,2.154919952726799,1.2252043254996738,3.141592653589793,-0.051150122596477374,0.31656396859203917,5.859182058254074e-16,0.0,-1.0,-1.0
7.7,2.1526214672140225,1.2344689285981658,3.141592653589793,-0.035199764628813524,0.2798817382188088,6.320699063251986e-16,0.0,-1.0,-1.0
7.72,2.1503229817012466,1.2437335316966573,3.141592653589793,-0.019249406661150367,0.24319950784558003,6.782216068249878e-16,0.0,-1.0,-1.0
7.74,2.1480244961884702,1.2529981347951495,3.141592653589793,-0.003299048693486517,0.20651727747234966,7.24373307324779e-16,0.0,-1.0,-1.0
7.76,2.1457260106756944,1.262262737893641,3.141592653589793,0.012651309274176625,0.16983504709912095,7.705250078245682e-16,0.0,-1.0,-1.0
7.78,2.1434275251629185,1.271527340992133,3.141592653589793,0.02860166724184049,0.13315281672589058,8.166767083243593e-16,0.0,-1.0,-1.0
7.8,2.1411970243575333,1.2806355945777526,3.141592653589793,0.04411665912120963,0.09704592035640934,8.532130510724698e-16,0.0,-1.0,-1.0
7.82,2.142081250670061,1.2825806774106756,3.141592653589793,0.03968530404309292,0.08729801694422339,4.492206824850745e-16,0.0,-1.0,-1.0
7.84,2.1429654769825883,1.2845257602435987,3.141592653589793,0.03525394896497642,0.07755011353203788,4.5228313897697e-17,0.0,-1.0,-1.0
7.86,2.1438497032951163,1.286470843076522,3.141592653589793,0.030822593886859716,0.06780221011985194,-3.587640546896984e-16,0.0,-1.0,-1.0
7.88,2.1447339296076438,1.288415925909445,3.141592653589793,0.02639123880874321,0.05805430670766642,-7.627564232770758e-16,0.0,-1.0,-1.0
7.9,2.1456181559201712,1.290361008742368,3.141592653589793,0.021959883730626507,0.04830640329548047,-1.1667487918644713e-15,0.0,-1.0,-1.0
7.92,2.1465023822326987,1.292306091575291,3.141592653589793,0.01752852865251,0.038558499883294954,-1.5707411604518486e-15,0.0,-1.0,-1.0
7.94,2.1473866085452262,1.2942511744082144,3.141592653589793,0.013097173574393297,0.028810596471109007,-1.974733529039244e-15,0.0,-1.0,-1.0
7.96,2.1482708348577537,1.2961962572411374,3.141592653589793,0.00866581849627679,0.019062693058923497,-2.3787258976266215e-15,0.0,-1.0,-1.0
7.98,2.149155061170281,1.2981413400740605,3.141592653589793,0.004234463418160091,0.009314789646737542,-2.782718266214017e-15,0.0,-1.0,-1.0
8.0,2.1500000000002855,1.2999999999960763,3.141592653589793,-8.428349537278543e-05,0.001158751247375478,-3.0987126831784536e-15,1.0,2.0,7.0
8.02,2.1500000000067083,1.299999999907768,3.141592653589793,-0.0019812155203472095,0.027238262311828836,-2.4520443319205757e-15,0.0,-1.0,-1.0
8.040000000000001,2.1500000000131316,1.2999999998194598,3.141592653589793,-0.0038781475453218022,0.05331777337628451,-1.805375980662641e-15,0.0,-1.0,-1.0
8.06,2.150000000019555,1.2999999997311515,3.141592653589793,-0.005775079570296228,0.07939728444073788,-1.158707629404763e-15,0.0,-1.0,-1.0
8.08,2.1500000000259782,1.2999999996428433,3.141592653589793,-0.007672011595270652,0.10547679550519123,-5.120392781468853e-16,0.0,-1.0,-1.0
8.1,2.1500000000324015,1.299999999554535,3.141592653589793,-0.009568943620245076,0.1315563065696446,1.3462907311099225e-16,0.0,-1.0,-1.0
8.120000000000001,2.150000000038825,1.2999999994662266,3.141592653589793,-0.011465875645219668,0.15763581763410026,7.812974243689278e-16,0.0,-1.0,-1.0
8.14,2.1500000000452477,1.2999999993779183,3.141592653589793,-0.013362807670194094,0.18371532869855361,1.4279657756268054e-15,0.0,-1.0,-1.0
8.16,2.149830686175904,1.3023277701524079,3.141592653589793,-0.012430694231787076,0.2180795858337957,1.538226878041627e-15,0.0,-1.0,-1.0
8.18,2.149548233369214,1.3062110042379018,3.141592653589793,-0.009608155711692712,0.25797987693185354,1.2900498675532443e-15,0.0,-1.0,-1.0
8.2,2.1492657805625246,1.310094238323396,3.141592653589793,-0.0067856171915983456,0.29788016802991146,1.0418728570648612e-15,0.0,-1.0,-1.0
8.22,2.148983327755835,1.3139774724088904,3.141592653589793,-0.0039630786715037294,0.3377804591279729,7.936958465764563e-16,0.0,-1.0,-1.0
8.24,2.1487008749491454,1.3178607064943846,3.141592653589793,-0.0011405401514093631,0.37768075022603076,5.455188360880733e-16,0.0,-1.0,-1.0
8.26,2.148418422142456,1.3217439405798785,3.141592653589793,0.0016819983686850015,0.4175810413240887,2.9734182559969037e-16,0.0,-1.0,-1.0
8.28,2.1481359693357662,1.3256271746653727,3.141592653589793,0.004504536888779368,0.45748133242214656,4.91648151113074e-17,0.0,-1.0,-1.0
8.3,2.1479184284540676,1.3304280241118056,3.141592653589793,0.007327075707786084,0.49738162345868103,-1.548111573443724e-16,0.0,-1.0,-1.0
8.32,2.1480562510893146,1.3402524038558097,3.141592653589793,0.010149616163201496,0.5372819141583798,-1.1680637926598014e-16,0.0,-1.0,-1.0
8.34,2.1481940737245617,1.3500767835998138,3.141592653589793,0.01297215661861691,0.5771822048580786,-7.880160118758788e-17,0.0,-1.0,-1.0
8.36,2.148331896359809,1.3599011633438178,3.141592653589793,0.015794697074032322,0.6170824955577774,-4.079682310919564e-17,0.0,-1.0,-1.0
8.38,2.148469718995056,1.3697255430878228,3.141592653589793,0.018617237529447984,0.6569827862574796,-2.7920450308000077e-18,0.0,-1.0,-1.0
8.4,2.148607541630303,1.3795499228318269,3.141592653589793,0.021439777984863396,0.6968830769571784,3.5212733047592245e-17,0.0,-1.0,-1.0
8.42,2.14874536426555,1.389374302575831,3.141592653589793,0.024262318440278808,0.7367833676568772,7.32175111259845e-17,0.0,-1.0,-1.0
8.44,2.148883186900797,1.399198682319835,3.141592653589793,0.02708485889569422,0.7766836583565759,1.1122228920437677e-16,0.0,-1.0,-1.0
8.46,2.149319178583636,1.4132380704452971,3.141592653589793,0.02990740102577875,0.8165839485668284,1.8419513456909445e-16,0.0,-1.0,-1.0
8.48,2.149877276948989,1.4290035957884957,3.141592653589793,0.0327299438416762,0.8564842385766367,2.714881608000672e-16,0.0,-1.0,-1.0
8.5,2.1504353753143417,1.4447691211316942,3.141592653589793,0.03555248665757365,0.8963845285864451,3.5878118703104e-16,0.0,-1.0,-1.0
8.52,2.1509934736796943,1.4605346464748927,3.141592653589793,0.0383750294734711,0.9362848185962536,4.460742132620127e-16,0.0,-1.0,-1.0
8.540000000000001,2.151551572045047,1.4763001718180926,3.141592653589793,0.0411975722893688,0.9761851086060656,5.333672394929933e-16,0.0,-1.0,-1.0
8.56,2.1521096704103995,1.4920656971612911,3.141592653589793,0.04402011510526625,1.016085398615874,6.20660265723966e-16,0.0,-1.0,-1.0
8.58,2.152667768775752,1.5078312225044894,3.141592653589793,0.0468426579211637,1.0559856886256824,7.079532919549388e-16,0.0,-1.0,-1.0
8.6,2.153337017629639,1.5251680036324626,3.141592653589793,0.04958612990324096,1.0901051080212174,7.567325826954253e-16,0.0,-1.0,-1.0
8.620000000000001,2.1543153920765725,1.546874674472133,3.141592653589793,0.05210969445423419,1.1081470896967194,6.983996017678115e-16,0.0,-1.0,-1.0
8.64,2.1552937665235063,1.5685813453118012,3.141592653589793,0.0546332590052272,1.1261890713722196,6.400666208402028e-16,0.0,-1.0,-1.0
8.66,2.1562721409704397,1.5902880161514696,3.141592653589793,0.057156823556220204,1.14423105304772,5.817336399125941e-16,0.0,-1.0,-1.0
8.68,2.157250515417373,1.611994686991138,3.141592653589793,0.05968038810721321,1.1622730347232204,5.234006589849855e-16,0.0,-1.0,-1.0
8.700000000000001,2.1582288898643065,1.6337013578308082,3.141592653589793,0.06220395265820644,1.1803150163987224,4.6506767805737165e-16,0.0,-1.0,-1.0
8.72,2.1592072643112403,1.6554080286704767,3.141592653589793,0.06472751720919945,1.1983569980742228,4.0673469712976297e-16,0.0,-1.0,-1.0
8.74,2.1601856387581737,1.677114699510145,3.141592653589793,0.06725108176019245,1.216398979749723,3.484017162021543e-16,0.0,-1.0,-1.0
8.76,2.1614719395237505,1.7010228599040151,3.141592653589793,0.06822481099108435,1.2125320437542062,4.32089341417246e-16,0.0,-1.0,-1.0
8.78,2.1628260722462125,1.7254159783397398,3.141592653589793,0.06885713269605864,1.203838872815801,5.470621639327407e-16,0.0,-1.0,-1.0
8.8,2.164180204968675,1.7498090967754667,3.141592653589793,0.069489454401033,1.1951457018773952,6.620349864482456e-16,0.0,-1.0,-1.0
8.82,2.1655343376911373,1.7742022152111916,3.141592653589793,0.0701217761060073,1.18645253093899,7.770078089637404e-16,0.0,-1.0,-1.0
8.84,2.1668884704135993,1.7985953336469163,3.141592653589793,0.0707540978109816,1.177759360000585,8.919806314792351e-16,0.0,-1.0,-1.0
8.86,2.1682426031360618,1.8229884520826412,3.141592653589793,0.0713864195159559,1.1690661890621796,1.0069534539947298e-15,0.0,-1.0,-1.0
8.88,2.169596735858524,1.847381570518368,3.141592653589793,0.07201874122093026,1.160373018123774,1.1219262765102347e-15,0.0,-1.0,-1.0
8.9,2.1709861277277116,1.8712899455280554,3.141592653589793,0.07194281197424296,1.1416678149621258,1.2024747003497911e-15,0.0,-1.0,-1.0
8.92,2.1724344130302407,1.8943886524856164,3.141592653589793,0.07068388954467482,1.1062394915009663,1.2255239724227773e-15,0.0,-1.0,-1.0
8.94,2.1738826983327693,1.9174873594431774,3.141592653589793,0.06942496711510668,1.0708111680398071,1.2485732444957634e-15,0.0,-1.0,-1.0
8.96,2.1753309836352983,1.9405860664007404,3.141592653589793,0.06816604468553841,1.0353828445786446,1.2716225165687516e-15,0.0,-1.0,-1.0
8.98,2.176779268937827,1.9636847733583014,3.141592653589793,0.06690712225597027,0.9999545211174854,1.2946717886417376e-15,0.0,-1.0,-1.0
9.0,2.178227554240356,1.9867834803158624,3.141592653589793,0.06564819982640213,0.9645261976563261,1.3177210607147238e-15,0.0,-1.0,-1.0
9.02,2.1796758395428846,2.0098821872734236,3.141592653589793,0.06438927739683398,0.9290978741951669,1.3407703327877098e-15,0.0,-1.0,-1.0
9.040000000000001,2.1811241248454136,2.0329808942309864,3.141592653589793,0.06313035496726573,0.8936695507340044,1.363819604860698e-15,0.0,-1.0,-1.0
9.06,2.1823981724734125,2.0511762421352935,3.141592653589793,0.06041804347666209,0.8540845389101085,1.0879228884434552e-15,0.0,-1.0,-1.0
9.08,2.1836590044686846,2.068999678554044,3.141592653589793,0.05759549488555025,0.8141842493088377,7.89351624746874e-16,0.0,-1.0,-1.0
9.1,2.184919836463957,2.086823114972794,3.141592653589793,0.05477294629443841,0.7742839597075669,4.907803610502928e-16,0.0,-1.0,-1.0
9.120000000000001,2.1861806684592295,2.104646551391546,3.141592653589793,0.05195039770332631,0.7343836701062926,1.9220909735368502e-16,0.0,-1.0,-1.0
9.14,2.1874415004545016,2.122469987810296,3.141592653589793,0.04912784911221447,0.6944833805050218,-1.0636216634289608e-16,0.0,-1.0,-1.0
9.16,2.188702332449774,2.1402934242290463,3.141592653589793,0.04630530052110263,0.654583090903751,-4.049334300394772e-16,0.0,-1.0,-1.0
9.18,2.189963164445046,2.1581168606477967,3.141592653589793,0.043482751929990786,0.6146828013024803,-7.035046937360585e-16,0.0,-1.0,-1.0
9.200000000000001,2.191020368605642,2.1730617604135194,3.141592653589793,0.04066020196373279,0.5747825115451297,-7.485294371236437e-16,0.0,-1.0,-1.0
9.22,2.191860923659405,2.184944051396631,3.141592653589793,0.03783765053439347,0.5348822216217258,-5.237942665349882e-16,0.0,-1.0,-1.0
9.24,2.1927014787131682,2.1968263423797425,3.141592653589793,0.035015099105054154,0.49498193169832205,-2.9905909594633276e-16,0.0,-1.0,-1.0
9.26,2.1935420337669314,2.2087086333628543,3.141592653589793,0.03219254767571484,0.4550816417749182,-7.43239253576773e-17,0.0,-1.0,-1.0
9.28,2.1943825888206945,2.2205909243459656,3.141592653589793,0.029369996246375523,0.4151813518515144,1.5041124523097826e-16,0.0,-1.0,-1.0
9.3,2.1952231438744576,2.2324732153290783,3.141592653589793,0.026547444817035956,0.37528106192810706,3.7514641581965374e-16,0.0,-1.0,-1.0
9.32,2.1960636989282203,2.24435550631219,3.141592653589793,0.02372489338769664,0.33538077200470323,5.998815864083091e-16,0.0,-1.0,-1.0
9.34,2.1968876453216817,2.256003013137111,3.141592653589793,0.02090234187196316,0.2954804820770787,8.11405638039269e-16,0.0,-1.0,-1.0
9.36,2.197307923011324,2.2619441586366187,3.141592653589793,0.018079788256444386,0.2555801920468708,7.018372494190443e-16,0.0,-1.0,-1.0
9.38,2.1977282007009666,2.2678853041361267,3.141592653589793,0.015257234640925361,0.21567990201665937,5.922688607988097e-16,0.0,-1.0,-1.0
9.4,2.198148478390609,2.2738264496356337,3.141592653589793,0.012434681025406588,0.17577961198645148,4.82700472178585e-16,0.0,-1.0,-1.0
9.42,2.198568756080251,2.2797675951351413,3.141592653589793,0.009612127409887813,0.13587932195624358,3.731320835583602e-16,0.0,-1.0,-1.0
9.44,2.1989890337698936,2.285708740634649,3.141592653589793,0.006789573794369039,0.09597903192603569,2.6356369493813537e-16,0.0,-1.0,-1.0
9.46,2.199409311459536,2.2916498861341563,3.141592653589793,0.003967020178850016,0.056078741895824236,1.539953063179009e-16,0.0,-1.0,-1.0
9.48,2.1998295891491786,2.297591031633664,3.141592653589793,0.0011444665633312395,0.01617845186561634,4.4426917697676096e-17,5.0,-1.0,-1.0
