0.0,14.54175,0.5,-0.08726646259971647,-4.547601965175117e-26,-9.307147582783322e-27,-1.458640401838801e-24,1.0,2.0,8.0
0.02,14.54175,0.5,-0.08726646259971647,-0.039779472308313545,0.0041944669377271876,1.506259605936316e-18,0.0,-1.0,-1.0
0.04,14.54175,0.5,-0.08726646259971647,-0.07955894461662709,0.008388933875454375,3.012520670513034e-18,0.0,-1.0,-1.0
0.06,14.54175,0.5,-0.08726646259971647,-0.11933841692494063,0.01258340081318156,4.518781735089752e-18,0.0,-1.0,-1.0
0.08,14.54175,0.5,-0.08726646259971647,-0.15911788923325418,0.01677786775090875,6.0250427996664694e-18,0.0,-1.0,-1.0
0.1,14.54175,0.5,-0.08726646259971647,-0.19889736154156773,0.020972334688635935,7.531303864243188e-18,0.0,-1.0,-1.0
0.12,14.54175,0.5,-0.08726646259971647,-0.23867683384988125,0.02516680162636312,9.037564928819905e-18,0.0,-1.0,-1.0
0.14,14.54175,0.5,-0.08726646259971647,-0.27845630615819483,0.029361268564090312,1.0543825993396623e-17,0.0,-1.0,-1.0
0.16,14.54175,0.5,-0.08726646259971647,-0.31823577846650836,0.0335557355018175,1.205008705797334e-17,0.0,-1.0,-1.0
0.18,14.54175,0.5,-0.08726646259971647,-0.3580152507748219,0.03775020243954468,1.3556348122550058e-17,0.0,-1.0,-1.0
0.2,14.54175,0.5,-0.08726646259971647,-0.39779472308313546,0.04194466937727187,1.5062609187126776e-17,0.0,-1.0,-1.0
0.22,14.536669346460634,0.500535719356148,-0.08726646259971647,-0.4375741954412597,0.04613913509361672,1.3102097361847857e-17,0.0,-1.0,-1.0
0.24,14.528407088932108,0.501406916584854,-0.08726646259971647,-0.4773536678305764,0.05033360004510823,8.970624976000148e-18,0.0,-1.0,-1.0
0.26,14.52014483140358,0.50227811381356,-0.08726646259971647,-0.5171331402198931,0.054528064996599734,4.8391525901524345e-18,0.0,-1.0,-1.0
0.28,14.511882573875056,0.5031493110422661,-0.08726646259971647,-0.5569126126092099,0.05872252994809124,7.07680204304721e-19,0.0,-1.0,-1.0
0.3,14.50362031634653,0.5040205082709721,-0.08726646259971647,-0.5966920849985266,0.06291699489958275,-3.4237921815429817e-18,0.0,-1.0,-1.0
0.32,14.495358058818002,0.5048917054996782,-0.08726646259971647,-0.6364715573878432,0.06711145985107425,-7.555264567390697e-18,0.0,-1.0,-1.0
0.34,14.487095801289476,0.5057629027283842,-0.08726646259971647,-0.67625102977716,0.07130592480256576,-1.1686736953238412e-17,0.0,-1.0,-1.0
0.36,14.478833543760949,0.5066340999570903,-0.08726646259971647,-0.7160305021664767,0.07550038975405725,-1.581820933908611e-17,0.0,-1.0,-1.0
0.38,14.470571286232424,0.5075052971857963,-0.08726646259971647,-0.7558099745557934,0.07969485470554875,-1.9949681724933826e-17,0.0,-1.0,-1.0
0.4,14.462309028703897,0.5083764944145023,-0.08726646259971647,-0.7955894469451101,0.08388931965704026,-2.408115411078154e-17,0.0,-1.0,-1.0
0.42,14.452147721621298,0.5094479330319766,-0.08726646259971647,-0.8353689193358542,0.08808378415506243,-2.6946090485655666e-17,0.0,-1.0,-1.0
0.44,14.43562320654742,0.5111903270768444,-0.08726646259971647,-0.875148391731381,0.09227824713363003,-2.5567202865002622e-17,0.0,-1.0,-1.0
0.46,14.419098691473543,0.5129327211217123,-0.08726646259971647,-0.9149278641269079,0.09647271011219762,-2.4188315244349576e-17,0.0,-1.0,-1.0
0.48,14.402574176399666,0.5146751151665802,-0.08726646259971647,-0.9547073365224346,0.1006671730907652,-2.2809427623696532e-17,0.0,-1.0,-1.0
0.5,14.386049661325789,0.516417509211448,-0.08726646259971647,-0.9944868089179614,0.10486163606933278,-2.143054000304349e-17,0.0,-1.0,-1.0
0.52,14.369525146251913,0.5181599032563159,-0.08726646259971647,-1.0342662813134882,0.10905609904790037,-2.0051652382390443e-17,0.0,-1.0,-1.0
0.54,14.353000631178036,0.5199022973011838,-0.08726646259971647,-1.074045753709015,0.11325056202646797,-1.86727647617374e-17,0.0,-1.0,-1.0
0.56,14.336476116104159,0.5216446913460516,-0.08726646259971647,-1.1138252261045418,0.11744502500503555,-1.7293877141084353e-17,0.0,-1.0,-1.0
0.58,14.319951601030281,0.5233870853909195,-0.08726646259971647,-1.1536046985000683,0.1216394879836031,-1.5914989520431313e-17,0.0,-1.0,-1.0
0.6,14.303427085956404,0.5251294794357874,-0.08726646259971647,-1.1933841708955952,0.1258339509621707,-1.453610189977827e-17,0.0,-1.0,-1.0
0.62,14.286902570882527,0.5268718734806552,-0.08726646259971647,-1.233163643291122,0.13002841394073827,-1.3157214279125223e-17,0.0,-1.0,-1.0
0.64,14.263398352703776,0.5293502276705873,-0.08726646259971647,-1.2729431156075481,0.13422287475903735,-1.2567610407421481e-17,0.0,-1.0,-1.0
0.66,14.238611580083258,0.5319638181218377,-0.08726646259971647,-1.312722587909439,0.13841733518037652,-1.212304126897484e-17,0.0,-1.0,-1.0
0.68,14.21382480746274,0.534577408573088,-0.08726646259971647,-1.35250206021133,0.14261179560171572,-1.1678472130528202e-17,0.0,-1.0,-1.0
0.7000000000000001,14.189038034842222,0.5371909990243384,-0.08726646259971647,-1.392281532513221,0.14680625602305492,-1.1233902992081562e-17,0.0,-1.0,-1.0
0.72,14.164251262221704,0.5398045894755887,-0.08726646259971647,-1.4320610048151117,0.15100071644439406,-1.0789333853634927e-17,0.0,-1.0,-1.0
0.74,14.139464489601187,0.542418179926839,-0.08726646259971647,-1.4718404771170026,0.15519517686573325,-1.0344764715188287e-17,0.0,-1.0,-1.0
0.76,14.114677716980669,0.5450317703780895,-0.08726646259971647,-1.5116199494188938,0.15938963728707245,-9.900195576741648e-18,0.0,-1.0,-1.0
0.78,14.089890944360151,0.5476453608293398,-0.08726646259971647,-1.5513994217207847,0.16358409770841162,-9.455626438295008e-18,0.0,-1.0,-1.0
0.8,14.065104171739634,0.5502589512805902,-0.08726646259971647,-1.5911788940226756,0.16777855812975082,-9.01105729984837e-18,0.0,-1.0,-1.0
0.8200000000000001,14.040317399119115,0.5528725417318405,-0.08726646259971647,-1.6309583663245666,0.17197301855108998,-8.566488161401731e-18,0.0,-1.0,-1.0
0.84,14.0117325273988,0.5558866145280935,-0.08726646259971647,-1.6707378384929168,0.17616747654346618,-8.8434245614727e-18,0.0,-1.0,-1.0
0.86,13.978683497251088,0.5593714008545861,-0.08726646259971647,-1.7105173105043086,0.18036193168092063,-9.968394397626578e-18,0.0,-1.0,-1.0
0.88,13.945634467103378,0.5628561871810788,-0.08726646259971647,-1.7502967825157,0.1845563868183751,-1.1093364233780458e-17,0.0,-1.0,-1.0
0.9,13.912585436955668,0.5663409735075713,-0.08726646259971647,-1.7900762545270916,0.18875084195582958,-1.2218334069934338e-17,0.0,-1.0,-1.0
0.92,13.879536406807958,0.5698257598340639,-0.08726646259971647,-1.8298557265384832,0.19294529709328406,-1.3343303906088217e-17,0.0,-1.0,-1.0
0.9400000000000001,13.846487376660248,0.5733105461605565,-0.08726646259971647,-1.8696351985498747,0.19713975223073854,-1.4468273742242096e-17,0.0,-1.0,-1.0
0.96,13.813438346512537,0.5767953324870492,-0.08726646259971647,-1.909414670561266,0.201334207368193,-1.5593243578395968e-17,0.0,-1.0,-1.0
0.98,13.780389316364827,0.5802801188135418,-0.08726646259971647,-1.9491941425726576,0.20552866250564747,-1.6718213414549847e-17,0.0,-1.0,-1.0
1.0,13.747340286217117,0.5837649051400343,-0.08726646259971647,-1.9889736145840493,0.20972311764310192,-1.784318325070373e-17,0.0,-1.0,-1.0
1.02,13.714291256069407,0.587249691466527,-0.08726646259971647,-2.0287530865954406,0.2139175727805564,-1.8968153086857607e-17,0.0,-1.0,-1.0
1.04,13.680625730815047,0.590799482704763,-0.08726646259971647,-2.0680111417159908,0.2174071097399115,-1.9788189455752433e-17,0.0,-1.0,-1.0
1.06,13.639314443200481,0.5951554638090268,-0.08726646259971647,-2.100802592973877,0.2121542628344028,-1.6826445886427567e-17,0.0,-1.0,-1.0
1.08,13.598003155585916,0.5995114449132908,-0.08726646259971647,-2.1335940442317627,0.2069014159288941,-1.3864702317102703e-17,0.0,-1.0,-1.0
1.1,13.55669186797135,0.6038674260175546,-0.08726646259971647,-2.1663854954896484,0.2016485690233854,-1.090295874777784e-17,0.0,-1.0,-1.0
1.12,13.515380580356785,0.6082234071218184,-0.08726646259971647,-2.199176946747534,0.1963957221178767,-7.941215178452975e-18,0.0,-1.0,-1.0
1.1400000000000001,13.47406929274222,0.6125793882260824,-0.08726646259971647,-2.23196839800542,0.191142875212368,-4.97947160912811e-18,0.0,-1.0,-1.0
1.16,13.432758005127656,0.6169353693303462,-0.08726646259971647,-2.2647598492633056,0.18589002830685936,-2.0177280398032803e-18,0.0,-1.0,-1.0
1.18,13.391446717513091,0.62129135043461,-0.08726646259971647,-2.2975513005211914,0.18063718140135065,9.440155295215831e-19,0.0,-1.0,-1.0
1.2,13.350135429898526,0.625647331538874,-0.08726646259971647,-2.330342751779077,0.17538433449584195,3.90575909884645e-18,0.0,-1.0,-1.0
1.22,13.30882414228396,0.6300033126431378,-0.08726646259971647,-2.363134203036963,0.17013148759033322,6.867502668171313e-18,0.0,-1.0,-1.0
1.24,13.267512854669395,0.6343592937474016,-0.08726646259971647,-2.3959256542948486,0.16487864068482452,9.829246237496177e-18,0.0,-1.0,-1.0
1.26,13.221505230943638,0.6379629710144585,-0.08726646259971647,-2.403079938947684,0.15692254976373501,9.893659115681053e-18,0.0,-1.0,-1.0
1.28,13.173383108511384,0.6412279277442697,-0.08726646259971647,-2.3986912346957197,0.14774933855164313,8.653565277637146e-18,0.0,-1.0,-1.0
1.3,13.125260986079129,0.6444928844740808,-0.08726646259971647,-2.3943025304437557,0.13857612733955124,7.413471439593239e-18,0.0,-1.0,-1.0
1.32,13.077138863646875,0.647757841203892,-0.08726646259971647,-2.3899138261917914,0.12940291612745936,6.1733776015493325e-18,0.0,-1.0,-1.0
1.34,13.029016741214619,0.6510227979337032,-0.08726646259971647,-2.385525121939827,0.12022970491536746,4.9332837635054254e-18,0.0,-1.0,-1.0
1.36,12.980894618782365,0.6542877546635144,-0.08726646259971647,-2.381136417687863,0.11105649370327556,3.6931899254615176e-18,0.0,-1.0,-1.0
1.3800000000000001,12.93277249635011,0.6575527113933256,-0.08726646259971647,-2.3767477134358987,0.10188328249118367,2.453096087417612e-18,0.0,-1.0,-1.0
1.4000000000000001,12.884650373917856,0.6608176681231368,-0.08726646259971647,-2.3723590091839344,0.09271007127909178,1.213002249373705e-18,0.0,-1.0,-1.0
1.42,12.836528251485602,0.6640826248529479,-0.08726646259971647,-2.3679703049319705,0.083536860067,-2.7091588670188216e-20,0.0,-1.0,-1.0
1.44,12.788406129053346,0.6673475815827591,-0.08726646259971647,-2.363581600680006,0.07436364885490811,-1.2671854267140953e-18,0.0,-1.0,-1.0
1.46,12.740561536234008,0.67003244960968,-0.08726646259971647,-2.3484177476768933,0.0667062769466419,-2.81265947568594e-18,0.0,-1.0,-1.0
1.48,12.693350954419115,0.6713921162740413,-0.08726646259971647,-2.3086382768628178,0.06251181045412063,-5.055768678736935e-18,0.0,-1.0,-1.0
1.5,12.646140372604222,0.6727517829384027,-0.08726646259971647,-2.268858806048742,0.05831734396159934,-7.29887788178793e-18,0.0,-1.0,-1.0
1.52,12.59892979078933,0.6741114496027639,-0.08726646259971647,-2.2290793352346663,0.05412287746907806,-9.541987084838927e-18,0.0,-1.0,-1.0
1.54,12.551719208974436,0.6754711162671252,-0.08726646259971647,-2.1892998644205908,0.04992841097655678,-1.1785096287889921e-17,0.0,-1.0,-1.0
1.56,12.504508627159545,0.6768307829314866,-0.08726646259971647,-2.149520393606515,0.0457339444840355,-1.4028205490940916e-17,0.0,-1.0,-1.0
1.58,12.457298045344652,0.6781904495958478,-0.08726646259971647,-2.1097409227924393,0.041539477991514216,-1.627131469399191e-17,0.0,-1.0,-1.0
1.6,12.41008746352976,0.6795501162602091,-0.08726646259971647,-2.069961451978364,0.037345011498992935,-1.8514423897042905e-17,0.0,-1.0,-1.0
1.62,12.362876881714866,0.6809097829245705,-0.08726646259971647,-2.030181981164288,0.03315054500647165,-2.0757533100093903e-17,0.0,-1.0,-1.0
1.6400000000000001,12.315666299899974,0.6822694495889318,-0.08726646259971647,-1.9904025103502123,0.02895607851395037,-2.3000642303144897e-17,0.0,-1.0,-1.0
1.6600000000000001,12.268455718085082,0.683629116253293,-0.08726646259971647,-1.9506230395361366,0.02476161202142909,-2.5243751506195892e-17,0.0,-1.0,-1.0
1.68,12.228841334185676,0.68418781706831,-0.08726646259971647,-1.9107333192666256,0.02703019062302066,-2.0904576651600305e-17,0.0,-1.0,-1.0
1.7,12.189893009588953,0.6846762865964352,-0.08726646259971647,-1.8708339319668148,0.02986547000788546,-1.5988245754167694e-17,0.0,-1.0,-1.0
1.72,12.150944684992233,0.6851647561245604,-0.08726646259971647,-1.830934544667004,0.032700749392750264,-1.107191485673508e-17,0.0,-1.0,-1.0
1.74,12.11199636039551,0.6856532256526856,-0.08726646259971647,-1.7910351573671932,0.03553602877761507,-6.1555839593024686e-18,0.0,-1.0,-1.0
1.76,12.073048035798788,0.6861416951808108,-0.08726646259971647,-1.7511357700673824,0.03837130816247987,-1.2392530618698545e-18,0.0,-1.0,-1.0
1.78,12.034099711202067,0.6866301647089361,-0.08726646259971647,-1.7112363827675716,0.04120658754734467,3.6770778355627565e-18,0.0,-1.0,-1.0
1.8,11.995151386605345,0.6871186342370613,-0.08726646259971647,-1.6713369954677608,0.044041866932209475,8.593408732995367e-18,0.0,-1.0,-1.0
1.82,11.956203062008624,0.6876071037651865,-0.08726646259971647,-1.63143760816795,0.04687714631707428,1.3509739630427979e-17,0.0,-1.0,-1.0
1.84,11.917254737411902,0.6880955732933117,-0.08726646259971647,-1.5915382208681392,0.049712425701939074,1.8426070527860596e-17,0.0,-1.0,-1.0
1.86,11.87830641281518,0.6885840428214369,-0.08726646259971647,-1.5516388335683284,0.05254770508680388,2.3342401425293207e-17,0.0,-1.0,-1.0
1.8800000000000001,11.843785990199095,0.6893871622741227,-0.08726646259971647,-1.5119070710974114,0.056936282051743975,0.03357159126177276,0.0,-1.0,-1.0
1.9000000000000001,11.813124829658909,0.6904645236875276,-0.08726646259971647,-1.4723214067442845,0.06267867905822752,0.0964034438280728,0.0,-1.0,-1.0
1.92,11.782463669118725,0.6915418851009325,-0.08726646259971647,-1.432735742391158,0.06842107606471101,0.15923529639437214,0.0,-1.0,-1.0
1.94,11.751802508578539,0.6926192465143375,-0.08726646259971647,-1.393150078038031,0.07416347307119456,0.22206714896067217,0.0,-1.0,-1.0
1.96,11.721141348038355,0.6936966079277425,-0.08726646259971647,-1.353564413684904,0.0799058700776781,0.2848990015269722,0.0,-1.0,-1.0
1.98,11.69048018749817,0.6947739693411473,-0.08726646259971647,-1.3139787493317772,0.08564826708416165,0.3477308540932722,0.0,-1.0,-1.0
2.0,11.659819026957985,0.6958513307545523,-0.08726646259971647,-1.2743930849786502,0.0913906640906452,0.41056270665957223,0.0,-1.0,-1.0
2.02,11.6291578664178,0.6969286921679572,-0.08726646259971647,-1.234807420625523,0.09713306109712876,0.47339455922587226,0.0,-1.0,-1.0
2.04,11.598496705877615,0.6980060535813621,-0.08726646259971647,-1.1952217562723961,0.1028754581036123,0.5362264117921723,0.0,-1.0,-1.0
2.06,11.56783554533743,0.699083414994767,-0.08726646259971647,-1.1556360919192692,0.10861785511009586,0.5990582643584723,0.0,-1.0,-1.0
2.08,11.538401367818045,0.7003387656813288,-0.08531894908632781,-1.1160505290669562,0.11436095065638596,0.6618901167455902,2.0,-1.0,-1.0
2.1,11.515962210596264,0.7026088317774625,-0.07226867675306016,-1.0764655448699643,0.12010802857247481,0.7247219681111918,0.0,-1.0,-1.0
2.12,11.493523053374483,0.7048788978735963,-0.059218404419792516,-1.0368805606729723,0.12585510648856366,0.7875538194767935,0.0,-1.0,-1.0
2.14,11.471083896152704,0.7071489639697299,-0.04616813208652487,-0.9972955764759802,0.13160218440465252,0.8503856708423952,0.0,-1.0,-1.0
2.16,11.448644738930923,0.7094190300658637,-0.03311785975325723,-0.9577105922789882,0.13734926232074135,0.9132175222079969,0.0,-1.0,-1.0
2.18,11.426205581709144,0.7116890961619974,-0.020067587419989583,-0.9181256080819963,0.1430963402368302,0.9760493735735986,0.0,-1.0,-1.0
2.2,11.403766424487364,0.7139591622581312,-0.007017315086721931,-0.8785406238850043,0.14884341815291907,1.0388812249392,0.0,-1.0,-1.0
2.22,11.384738245237653,0.7167244453304291,0.011447082458415078,-0.8389563482581329,0.15459537115602132,1.1017130756843978,0.0,-1.0,-1.0
2.24,11.367433140513835,0.7197398900171985,0.0326464555176037,-0.7993724305694054,0.16034978683648854,1.1645449261161946,0.0,-1.0,-1.0
2.2600000000000002,11.35012803579002,0.722755334703968,0.05384582857679232,-0.7597885128806781,0.1661042025169558,1.2273767765479913,0.0,-1.0,-1.0
2.2800000000000002,11.332822931066204,0.7257707793907374,0.07504520163598094,-0.7202045951919507,0.17185861819742304,1.2902086269797883,0.0,-1.0,-1.0
2.3000000000000003,11.315517826342386,0.7287862240775068,0.09624457469516956,-0.6806206775032233,0.17761303387789026,1.353040477411585,0.0,-1.0,-1.0
2.32,11.29821272161857,0.7318016687642762,0.11744394775435771,-0.6410367598144967,0.18336744955835738,1.4158723278433805,0.0,-1.0,-1.0
2.34,11.281829332444605,0.7349511056055034,0.14010636684209402,-0.601453185950693,0.1891242265208725,1.4787041778839929,0.0,-1.0,-1.0
2.36,11.269658141895862,0.7387128805687131,0.16945484050609183,-0.5618711833513332,0.19489179443619004,1.5415360261369107,0.0,-1.0,-1.0
2.38,11.25748695134712,0.7424746555319228,0.19880331417008967,-0.5222891807519735,0.2006593623515076,1.6043678743898282,0.0,-1.0,-1.0
2.4,11.245315760798379,0.7462364304951326,0.22815178783408752,-0.48270717815261377,0.20642693026682515,1.6671997226427457,0.0,-1.0,-1.0
2.42,11.233144570249637,0.7499982054583423,0.25750026149808536,-0.44312517555325404,0.21219449818214273,1.7300315708956633,0.0,-1.0,-1.0
2.44,11.220973379700894,0.753759980421552,0.2868487351620832,-0.4035431729538943,0.21796206609746027,1.7928634191485808,0.0,-1.0,-1.0
2.46,11.208802189152152,0.7575217553847617,0.31619720882608104,-0.36396117035453457,0.22372963401277784,1.8556952674014986,0.0,-1.0,-1.0
2.48,11.200197285258467,0.761803180672305,0.35120674982426464,-0.32508576595650956,0.23286684318524062,1.8957192108600767,0.0,-1.0,-1.0
2.5,11.19315976050351,0.7663129917169605,0.38870432381047787,-0.2865209107059195,0.2434850060561297,1.9257191047594004,0.0,-1.0,-1.0
2.52,11.186122235748554,0.7708228027616162,0.4262018977966911,-0.24795605545532945,0.2541031689270188,1.955718998658724,0.0,-1.0,-1.0
2.54,11.179084710993598,0.7753326138062718,0.4636994717829044,-0.2093912002047394,0.26472133179790786,1.9857188925580476,0.0,-1.0,-1.0
2.56,11.172047186238643,0.7798424248509274,0.5011970457691176,-0.1708263449541493,0.275339494668797,2.0157187864573713,0.0,-1.0,-1.0
2.58,11.165009661483687,0.784352235895583,0.5386946197553308,-0.13226148970355925,0.28595765753968605,2.045718680356695,0.0,-1.0,-1.0
2.6,11.159021691305574,0.7891510235581046,0.5770086502209539,-0.09854927228703728,0.295905218120499,2.065458646585547,0.0,-1.0,-1.0
2.62,11.156985911415479,0.7950379781514298,0.6183971195387404,-0.08311009044409388,0.30332756665761573,2.0465639506542317,0.0,-1.0,-1.0
2.64,11.154950131525384,0.8009249327447551,0.6597855888565269,-0.06767090860115049,0.31074991519473244,2.027669254722917,0.0,-1.0,-1.0
2.66,11.152914351635289,0.8068118873380804,0.7011740581743133,-0.05223172675820711,0.31817226373184915,2.0087745587916017,0.0,-1.0,-1.0
2.68,11.150878571745194,0.8126988419314056,0.7425625274920998,-0.03679254491526372,0.3255946122689659,1.9898798628602865,0.0,-1.0,-1.0
2.7,11.148842791855099,0.8185857965247308,0.7839509968098862,-0.02135336307232033,0.3330169608060826,1.9709851669289713,0.0,-1.0,-1.0
2.72,11.146807011965004,0.8244727511180561,0.8253394661276727,-0.005914181229376939,0.3404393093431993,1.9520904709976563,0.0,-1.0,-1.0
2.74,11.146222961397,0.8310576209972887,0.8649512879265379,-0.007233425079780476,0.3454915206354157,1.90134181414691,0.0,-1.0,-1.0
2.7600000000000002,11.146189596607357,0.8379072317043088,0.9038891724376792,-0.014909657493201672,0.3496446656528927,1.838509965894001,0.0,-1.0,-1.0
2.7800000000000002,11.146156231817717,0.8447568424113288,0.9428270569488205,-0.022585889906622865,0.35379781067036964,1.7756781176410918,0.0,-1.0,-1.0
2.8000000000000003,11.146122867028076,0.8516064531183488,0.9817649414599618,-0.030262122320044063,0.35795095568784663,1.7128462693881827,0.0,-1.0,-1.0
2.82,11.146089502238434,0.8584560638253688,1.0207028259711022,-0.03793835473346509,0.3621041007053235,1.6500144211352752,0.0,-1.0,-1.0
2.84,11.146056137448793,0.8653056745323887,1.0596407104822436,-0.045614587146886286,0.3662572457228005,1.587182572882366,0.0,-1.0,-1.0
2.86,11.145783692387925,0.8722846371120141,1.0966216642345095,-0.058840964114156825,0.3696196355420562,1.5243507241062177,0.0,-1.0,-1.0
2.88,11.144754743515163,0.8796728981427345,1.1274104484234366,-0.08962924817630491,0.37047989785972785,1.461518873674423,0.0,-1.0,-1.0
2.9,11.143725794642402,0.887061159173455,1.1581992326123638,-0.12041753223845297,0.3713401601773995,1.398687023242628,0.0,-1.0,-1.0
2.92,11.142696845769642,0.8944494202041753,1.1889880168012907,-0.15120581630060104,0.3722004224950712,1.335855172810833,0.0,-1.0,-1.0
2.94,11.14166789689688,0.9018376812348957,1.219776800990218,-0.1819941003627491,0.37306068481274285,1.2730233223790381,0.0,-1.0,-1.0
2.96,11.14063894802412,0.9092259422656161,1.2505655851791448,-0.21278238442489722,0.3739209471304145,1.2101914719472433,0.0,-1.0,-1.0
2.98,11.139609999151359,0.9166142032963365,1.281354369368072,-0.24357066848704528,0.3747812094480862,1.1473596215154482,0.0,-1.0,-1.0
3.0,11.135565057284879,0.9240867348605372,1.305988201228309,-0.2810109922448498,0.37070619529809046,1.0845277703783571,0.0,-1.0,-1.0
3.02,11.130542961265446,0.93158656930705,1.328627884812427,-0.32060651604050633,0.3650321966987277,1.0216959190127561,0.0,-1.0,-1.0
3.04,11.125520865246013,0.9390864037535628,1.3512675683965454,-0.36020203983616284,0.359358198099365,0.9588640676471553,0.0,-1.0,-1.0
3.06,11.120498769226579,0.9465862382000756,1.3739072519806634,-0.3997975636318193,0.3536841995000023,0.8960322162815544,0.0,-1.0,-1.0
3.08,11.115476673207146,0.9540860726465884,1.3965469355647815,-0.43939308742747585,0.34801020090063955,0.8332003649159536,0.0,-1.0,-1.0
3.1,11.110454577187712,0.9615859070931012,1.4191866191488995,-0.4789886112231323,0.3423362023012768,0.7703685135503526,0.0,-1.0,-1.0
3.12,11.104043639137423,0.9688867218782382,1.4396224294744306,-0.5185836079475183,0.33665852834896387,0.7075366620444508,0.0,-1.0,-1.0
3.14,11.093886123666017,0.9756506559000462,1.4541130123326278,-0.5581771828303432,0.3309709396661977,0.644704810160069,0.0,-1.0,-1.0
3.16,11.08372860819461,0.982414589921854,1.468603595190825,-0.5977707577131681,0.32528335098343153,0.5818729582756873,0.0,-1.0,-1.0
3.18,11.073571092723203,0.989178523943662,1.483094178049022,-0.637364332595993,0.3195957623006654,0.5190411063913055,0.0,-1.0,-1.0
3.2,11.063413577251795,0.9959424579654699,1.4975847609072195,-0.6769579074788178,0.3139081736178992,0.45620925450692373,0.0,-1.0,-1.0
3.22,11.053256061780388,1.0027063919872778,1.5120753437654166,-0.7165514823616427,0.30822058493513305,0.393377402622542,0.0,-1.0,-1.0
3.24,11.043098546308983,1.0094703260090856,1.5265659266236138,-0.7561450572444676,0.30253299625236685,0.3305455507381602,0.0,-1.0,-1.0
3.2600000000000002,11.028906868282206,1.0156547554682906,1.5346546146060225,-0.7957377834258403,0.29683950064401576,0.2786627340519271,0.0,-1.0,-1.0
3.2800000000000002,11.013614186126913,1.0216810264727576,1.5409960966710146,-0.8353302779795111,0.29114439291682553,0.22976812936532545,0.0,-1.0,-1.0
3.3000000000000003,10.998321503971622,1.0277072974772246,1.5473375787360066,-0.8749227725331818,0.28544928518963525,0.18087352467872378,0.0,-1.0,-1.0
3.3200000000000003,10.983028821816331,1.0337335684816913,1.5536790608009985,-0.9145152670868526,0.279754177462445,0.13197891999212213,0.0,-1.0,-1.0
3.34,10.96773613966104,1.0397598394861582,1.5600205428659903,-0.9541077616405225,0.2740590697352549,0.08308431530552154,0.0,-1.0,-1.0
3.36,10.95244345750575,1.0457861104906252,1.5663620249309824,-0.9937002561941932,0.2683639620080646,0.0341897106189199,0.0,-1.0,-1.0
3.38,10.93560643273417,1.0515902384433193,1.5707963267948966,-1.0332927486708354,0.26266884177532135,8.324242657872397e-16,0.0,-1.0,-1.0
3.4,10.915178724010412,1.0568778712331681,1.5707963267948966,-1.072885236318269,0.25697369246645996,7.287433362629101e-16,0.0,-1.0,-1.0
3.42,10.894751015286653,1.0621655040230167,1.5707963267948966,-1.1124777239657024,0.25127854315759857,6.250624067385804e-16,0.0,-1.0,-1.0
3.44,10.874323306562895,1.0674531368128655,1.5707963267948966,-1.152070211613136,0.24558339384873715,5.2138147721425075e-16,0.0,-1.0,-1.0
3.46,10.853895597839136,1.0727407696027143,1.5707963267948966,-1.1916626992605694,0.23988824453987573,4.177005476899211e-16,0.0,-1.0,-1.0
3.48,10.833467889115376,1.078028402392563,1.5707963267948966,-1.2312551869080028,0.2341930952310143,3.140196181655914e-16,0.0,-1.0,-1.0
3.5,10.811368369057556,1.0830755548355209,1.5707963267948966,-1.2668860052292563,0.2229543777201678,2.6243058547906887e-16,0.0,-1.0,-1.0
3.52,10.786232597766771,1.087685960179763,1.5707963267948966,-1.2953218589446693,0.20164773840177225,3.0544797325331565e-16,0.0,-1.0,-1.0
3.54,10.761096826475985,1.092296365524005,1.5707963267948966,-1.3237577126600821,0.18034109908337667,3.484653610275624e-16,0.0,-1.0,-1.0
3.56,10.735961055185198,1.0969067708682472,1.5707963267948966,-1.352193566375495,0.1590344597649811,3.914827488018092e-16,0.0,-1.0,-1.0
3.58,10.710825283894412,1.1015171762124893,1.5707963267948966,-1.380629420090908,0.13772782044658555,4.3450013657605597e-16,0.0,-1.0,-1.0
3.6,10.685689512603627,1.1061275815567315,1.5707963267948966,-1.4090652738063207,0.11642118112818997,4.775175243503027e-16,0.0,-1.0,-1.0
3.62,10.65916924996413,1.1097006043732092,1.5707963267948966,-1.4288265293087863,0.09636231099602174,4.16766756073505e-16,0.0,-1.0,-1.0
3.64,10.630652085222364,1.1117773727331484,1.5707963267948966,-1.4360760970900635,0.07810314363082393,2.0634741156496954e-16,0.0,-1.0,-1.0
3.66,10.602134920480598,1.1138541410930876,1.5707963267948966,-1.4433256648713404,0.059843976265626105,-4.071932943565968e-18,0.0,-1.0,-1.0
3.68,10.573617755738834,1.1159309094530268,1.5707963267948966,-1.4505752326526176,0.04158480890042828,-2.1449127745210138e-16,0.0,-1.0,-1.0
3.7,10.545100590997068,1.118007677812966,1.5707963267948966,-1.4578248004338947,0.023325641535230465,-4.249106219606368e-16,0.0,-1.0,-1.0
3.72,10.516583426255302,1.1200844461729051,1.5707963267948966,-1.465074368215172,0.005066474170032642,-6.353299664691722e-16,0.0,-1.0,-1.0
3.74,10.48766644068035,1.1211542033937671,1.5707963267948966,-1.4624978928914882,-0.011779289183353378,-7.502250650576237e-16,0.0,-1.0,-1.0
3.7600000000000002,10.458287207886633,1.121059718885165,1.5707963267948966,-1.448561176380412,-0.026990965417652342,-7.546811536291029e-16,0.0,-1.0,-1.0
3.7800000000000002,10.428907975092917,1.1209652343765628,1.5707963267948966,-1.434624459869336,-0.0422026416519513,-7.591372422005821e-16,0.0,-1.0,-1.0
3.8000000000000003,10.3995287422992,1.1208707498679606,1.5707963267948966,-1.4206877433582599,-0.05741431788625026,-7.635933307720613e-16,0.0,-1.0,-1.0
3.8200000000000003,10.370149509505483,1.1207762653593585,1.5707963267948966,-1.4067510268471837,-0.07262599412054922,-7.680494193435405e-16,0.0,-1.0,-1.0
3.84,10.340770276711766,1.1206817808507563,1.5707963267948966,-1.392814310336108,-0.08783767035484784,-7.725055079150195e-16,0.0,-1.0,-1.0
3.86,10.312249737276227,1.1196500479351301,1.5707963267948966,-1.3679001070654078,-0.10147030635138907,-6.292903960324537e-16,0.0,-1.0,-1.0
3.88,10.284527761634356,1.1177466969542267,1.5707963267948966,-1.3327771099473962,-0.11363447359758122,-3.4874468420189016e-16,0.0,-1.0,-1.0
3.9,10.256805785992483,1.1158433459733232,1.5707963267948966,-1.2976541128293846,-0.12579864084377337,-6.819897237132662e-17,0.0,-1.0,-1.0
3.92,10.229083810350613,1.1139399949924198,1.5707963267948966,-1.2625311157113728,-0.13796280808996553,2.1234673945923692e-16,0.0,-1.0,-1.0
3.94,10.20136183470874,1.1120366440115164,1.5707963267948966,-1.2274081185933612,-0.1501269753361577,4.928924512898007e-16,0.0,-1.0,-1.0
3.96,10.173639859066869,1.110133293030613,1.5707963267948966,-1.1922851214753494,-0.16229114258234986,7.734381631203642e-16,0.0,-1.0,-1.0
3.98,10.148308934479426,1.1074018480000325,1.5707963267948966,-1.1546033774154498,-0.1642310912927343,8.845260180557026e-16,0.0,-1.0,-1.0
4.0,10.124763540754952,1.1040520190665226,1.5707963267948966,-1.115010874642634,-0.1585360471360093,8.690702624315192e-16,0.0,-1.0,-1.0
4.0200000000000005,10.10121814703048,1.1007021901330125,1.5707963267948966,-1.0754183718698174,-0.15284100297928419,8.536145068073352e-16,0.0,-1.0,-1.0
4.04,10.077672753306008,1.0973523611995026,1.5707963267948966,-1.0358258690970024,-0.1471459588225593,8.38158751183152e-16,0.0,-1.0,-1.0
4.0600000000000005,10.054127359581534,1.0940025322659925,1.5707963267948966,-0.9962333663241858,-0.14145091466583418,8.227029955589682e-16,0.0,-1.0,-1.0
4.08,10.030581965857063,1.0906527033324824,1.5707963267948966,-0.9566408635513709,-0.13575587050910928,8.07247239934785e-16,0.0,-1.0,-1.0
4.1,10.00998776838884,1.087727378833333,1.5707963267948966,-0.9170483631720373,-0.13006080637552014,7.265628644440962e-16,0.0,-1.0,-1.0
4.12,9.99115043903,1.0850547648414708,1.5707963267948966,-0.8774558642175583,-0.12436573034956143,6.070474278811257e-16,0.0,-1.0,-1.0
4.14,9.972313109671159,1.0823821508496085,1.5707963267948966,-0.8378633652630809,-0.11867065432360298,4.875319913181604e-16,0.0,-1.0,-1.0
4.16,9.953475780312319,1.0797095368577463,1.5707963267948966,-0.7982708663086019,-0.11297557829764428,3.6801655475518993e-16,0.0,-1.0,-1.0
4.18,9.93463845095348,1.077036922865884,1.5707963267948966,-0.7586783673541246,-0.10728050227168583,2.4850111819222465e-16,0.0,-1.0,-1.0
4.2,9.91580112159464,1.0743643088740218,1.5707963267948966,-0.7190858683996456,-0.10158542624572711,1.289856816292542e-16,0.0,-1.0,-1.0
4.22,9.900170865039456,1.0721530076035064,1.5707963267948966,-0.6794933694977345,-0.09589034783958851,1.6067105137599776e-16,0.0,-1.0,-1.0
4.24,9.886041599592199,1.070157612342959,1.5707963267948966,-0.6399008706204241,-0.09019526831946519,2.631222189940236e-16,0.0,-1.0,-1.0
4.26,9.871912334144941,1.0681622170824117,1.5707963267948966,-0.6003083717431155,-0.08450018879934211,3.655733866120449e-16,0.0,-1.0,-1.0
4.28,9.857783068697684,1.066166821821864,1.5707963267948966,-0.560715872865805,-0.0788051092792188,4.680245542300707e-16,0.0,-1.0,-1.0
4.3,9.843653803250428,1.0641714265613167,1.5707963267948966,-0.5211233739884964,-0.07311002975909572,5.70475721848092e-16,0.0,-1.0,-1.0
4.32,9.82952453780317,1.062176031300769,1.5707963267948966,-0.481530875111186,-0.0674149502389724,6.729268894661177e-16,0.0,-1.0,-1.0
4.34,9.818858221984845,1.0606787549786618,1.5707963267948966,-0.44193837626788934,-0.06171986909799798,6.756216086365962e-16,0.0,-1.0,-1.0
4.36,9.809437020439994,1.0593605788649307,1.5707963267948966,-0.40234587743682015,-0.05602478737424117,6.424485875444534e-16,0.0,-1.0,-1.0
4.38,9.800015818895142,1.0580424027511999,1.5707963267948966,-0.36275337860575274,-0.05032970565048463,6.092755664523121e-16,0.0,-1.0,-1.0
4.4,9.790594617350292,1.0567242266374688,1.5707963267948966,-0.32316087977468355,-0.04463462392672782,5.761025453601692e-16,0.0,-1.0,-1.0
4.42,9.78117341580544,1.055406050523738,1.5707963267948966,-0.28356838094361614,-0.03893954220297127,5.429295242680279e-16,0.0,-1.0,-1.0
4.44,9.771752214260589,1.0540878744100068,1.5707963267948966,-0.24397588211254695,-0.03324446047921447,5.09756503175885e-16,0.0,-1.0,-1.0
4.46,9.766049839171853,1.0533046233757566,1.5707963267948966,-0.20434968069119352,-0.027790255189124192,4.3599077627568346e-16,0.0,-1.0,-1.0
4.48,9.76133670152391,1.0526636666708826,1.5707963267948966,-0.16471451411253507,-0.022400124947869388,3.514270664950572e-16,0.0,-1.0,-1.0
4.5,9.756623563875966,1.0520227099660089,1.5707963267948966,-0.12507934753387837,-0.017009994706614826,2.668633567144347e-16,0.0,-1.0,-1.0
4.5200000000000005,9.75191042622802,1.0513817532611351,1.5707963267948966,-0.08544418095521991,-0.011619864465360022,1.8229964693380848e-16,0.0,-1.0,-1.0
4.54,9.747197288580077,1.0507407965562614,1.5707963267948966,-0.045809014376563234,-0.0062297342241054605,9.773593715318596e-17,0.0,-1.0,-1.0
4.5600000000000005,9.742484150932134,1.0500998398513877,1.5707963267948966,-0.00617384779790478,-0.0008396039828506563,1.3172227372559687e-17,0.0,-1.0,-1.0
4.58,9.74175,1.05,1.5707963267948966,0.02253508979026908,-0.00984213905911583,-0.03784625516132744,3.0,-1.0,-1.0
4.6000000000000005,9.74175,1.05,1.5707963267948966,0.04922806156328028,-0.021500221744212282,-0.08267540961056871,0.0,-1.0,-1.0
4.62,9.74175,1.05,1.5707963267948966,0.07592103333629029,-0.033158304429308214,-0.12750456405980798,0.0,-1.0,-1.0
4.64,9.74175,1.05,1.5707963267948966,0.1026140051093003,-0.04481638711440415,-0.17233371850904725,0.0,-1.0,-1.0
4.66,9.74175,1.05,1.5707963267948966,0.1293069768823115,-0.056474469799500604,-0.2171628729582885,0.0,-1.0,-1.0
4.68,9.74175,1.05,1.5707963267948966,0.15599994865532152,-0.06813255248459654,-0.2619920274075278,0.0,-1.0,-1.0
4.7,9.74175,1.05,1.5707963267948966,0.1826929204283327,-0.079790635169693,-0.30682118185676904,0.0,-1.0,-1.0
4.72,9.743407465178457,1.0492761065998035,1.5680127190680715,0.21264741738199697,-0.09504155970053779,-0.3591767976693904,0.0,-1.0,-1.0
4.74,9.747371990228038,1.0475446110874946,1.5613545504955764,0.24714169831468724,-0.11529343469077188,-0.42200864985109127,0.0,-1.0,-1.0
4.76,9.751336515277618,1.045813115575186,1.5546963819230815,0.28163597924737593,-0.1355453096810051,-0.4848405020327893,0.0,-1.0,-1.0
4.78,9.7553010403272,1.044081620062877,1.5480382133505861,0.31613026018006624,-0.15579718467123918,-0.5476723542144901,0.0,-1.0,-1.0
4.8,9.759265565376781,1.0423501245505684,1.5413800447780912,0.350624541112755,-0.17604905966147238,-0.6105042063961881,0.0,-1.0,-1.0
4.82,9.763230090426362,1.0406186290382595,1.534721876205596,0.38511882204544523,-0.19630093465170648,-0.6733360585778889,0.0,-1.0,-1.0
4.84,9.767194615475944,1.0388871335259509,1.5280637076331012,0.419613102978134,-0.21655280964193968,-0.7361679107595871,0.0,-1.0,-1.0
4.86,9.771159140525524,1.037155638013642,1.521405539060606,0.4541073839108243,-0.23680468463217377,-0.7989997629412878,0.0,-1.0,-1.0
4.88,9.780205445241753,1.032440588017688,1.5054908322968146,0.49355433813321287,-0.2433002755106645,-0.8618316145205304,0.0,-1.0,-1.0
4.9,9.78929317058495,1.02770121963223,1.4895006772372321,0.5330416606608587,-0.24968374151361447,-0.9246634660948653,0.0,-1.0,-1.0
4.92,9.798380895928146,1.0229618512467724,1.4735105221776506,0.5725289831885026,-0.2560672075165642,-0.9874953176691974,0.0,-1.0,-1.0
4.94,9.807468621271342,1.0182224828613147,1.457520367118068,0.6120163057161484,-0.2624506735195142,-1.0503271692435323,0.0,-1.0,-1.0
4.96,9.816556346614538,1.013483114475857,1.4415302120584863,0.6515036282437925,-0.2688341395224639,-1.1131590208178643,0.0,-1.0,-1.0
4.98,9.825644071957734,1.0087437460903992,1.4255400569989038,0.6909909507714382,-0.27521760552541386,-1.175990872392199,0.0,-1.0,-1.0
5.0,9.83473179730093,1.0040043777049417,1.409549901939322,0.7304782732990822,-0.2816010715283636,-1.2388227239665313,0.0,-1.0,-1.0
5.0200000000000005,9.84713755918225,0.9987286201170295,1.3882801187374243,0.7702161409581424,-0.2857094368896992,-1.3016545747390837,0.0,-1.0,-1.0
5.04,9.862090067234279,0.9930411590618216,1.3629579772809637,0.8101463135682428,-0.2880715575124863,-1.3644864248962283,0.0,-1.0,-1.0
5.0600000000000005,9.877042575286309,0.9873536980066134,1.337635835824502,0.8500764861783452,-0.2904336781352735,-1.4273182750533757,0.0,-1.0,-1.0
5.08,9.891995083338339,0.9816662369514055,1.3123136943680414,0.8900066587884456,-0.29279579875806055,-1.4901501252105203,0.0,-1.0,-1.0
5.1000000000000005,9.906947591390368,0.9759787758961974,1.2869915529115796,0.9299368313985479,-0.29515791938084773,-1.5529819753676675,0.0,-1.0,-1.0
5.12,9.921900099442396,0.9702913148409895,1.261669411455119,0.9698670040086483,-0.29752004000363486,-1.6158138255248122,0.0,-1.0,-1.0
5.14,9.936852607494426,0.9646038537857815,1.2363472699986584,1.0097971766187488,-0.2998821606264219,-1.6786456756819568,0.0,-1.0,-1.0
5.16,9.952633003959715,0.9588674179286505,1.2097224103887676,1.049736618984351,-0.301987428891736,-1.7373936808725516,0.0,-1.0,-1.0
5.18,9.973516068223057,0.9528291272071617,1.1750682827459136,1.0897331952367513,-0.30250959461286436,-1.7709710182903697,0.0,-1.0,-1.0
5.2,9.994399132486402,0.9467908364856726,1.140414155103058,1.1297297714891534,-0.30303176033399276,-1.8045483557081892,0.0,-1.0,-1.0
5.22,10.015282196749745,0.9407525457641839,1.105760027460204,1.1697263477415536,-0.30355392605512116,-1.8381256931260073,0.0,-1.0,-1.0
5.24,10.036165261013089,0.9347142550426948,1.0711058998173484,1.2097229239939555,-0.3040760917762495,-1.8717030305438267,0.0,-1.0,-1.0
5.26,10.057048325276432,0.9286759643212059,1.0364517721744941,1.249719500246356,-0.3045982574973779,-1.9052803679616448,0.0,-1.0,-1.0
5.28,10.077931389539776,0.9226376735997168,1.0017976445316386,1.2897160764987579,-0.30512042321850624,-1.9388577053794644,0.0,-1.0,-1.0
5.3,10.098814453803119,0.9165993828782281,0.9671435168887845,1.329712652751158,-0.30564258893963464,-1.9724350427972825,0.0,-1.0,-1.0
5.32,10.123935639075585,0.9105057623830355,0.9289314642314779,1.3697091951552114,-0.3054169225856972,-1.9660656187255248,0.0,-1.0,-1.0
5.34,10.150759122030353,0.9043899179481928,0.8892903236616561,1.4097057239636233,-0.3048908795305285,-1.9436510464966055,0.0,-1.0,-1.0
5.36,10.177582604985124,0.8982740735133499,0.8496491830918327,1.449702252772037,-0.30436483647535983,-1.9212364742676853,0.0,-1.0,-1.0
5.38,10.204406087939894,0.8921582290785072,0.8100080425220109,1.489698781580449,-0.30383879342019116,-1.8988219020387662,0.0,-1.0,-1.0
5.4,10.231229570894664,0.8860423846436642,0.7703669019521875,1.5296953103888626,-0.3033127503650225,-1.876407329809846,0.0,-1.0,-1.0
5.42,10.258053053849434,0.8799265402088216,0.7307257613823657,1.5696918391972747,-0.3027867073098538,-1.8539927575809267,0.0,-1.0,-1.0
5.44,10.284876536804205,0.8738106957739786,0.6910846208125423,1.6096883680056884,-0.3022606642546851,-1.8315781853520066,0.0,-1.0,-1.0
5.46,10.313406575874646,0.8677172963367308,0.652399856369775,1.6496807037886099,-0.30154050115348363,-1.7975525738634655,0.0,-1.0,-1.0
5.48,10.346170470474313,0.861679581489223,0.6160877993442219,1.6896626369460384,-0.3003387387525685,-1.734720723706319,0.0,-1.0,-1.0
5.5,10.378934365073977,0.8556418666417155,0.5797757423186702,1.729644570103465,-0.2991369763516534,-1.671888873549175,0.0,-1.0,-1.0
5.5200000000000005,10.411698259673644,0.8496041517942077,0.5434636852931171,1.7696265032608938,-0.2979352139507383,-1.6090570233920285,0.0,-1.0,-1.0
5.54,10.444462154273308,0.8435664369467001,0.5071516282675654,1.8096084364183205,-0.2967334515498232,-1.5462251732348848,0.0,-1.0,-1.0
5.5600000000000005,10.477226048872975,0.8375287220991924,0.4708395712420123,1.849590369575749,-0.2955316891489081,-1.4833933230777383,0.0,-1.0,-1.0
5.58,10.50998994347264,0.8314910072516848,0.43452751421646074,1.8895723027331757,-0.2943299267479931,-1.4205614729205946,0.0,-1.0,-1.0
5.6000000000000005,10.542753838072306,0.8254532924041771,0.39821545719090756,1.9295542358906044,-0.29312816434707795,-1.357729622763448,0.0,-1.0,-1.0
5.62,10.580631273836651,0.8195692785166268,0.3699393610821641,1.9695215709494185,-0.29152042405127304,-1.294897771385935,0.0,-1.0,-1.0
5.64,10.619333412288713,0.8137100532424267,0.34295929024300603,2.009486551653242,-0.28984720837348,-1.2320659198116033,0.0,-1.0,-1.0
5.66,10.658035550740777,0.8078508279682264,0.3159792194038468,2.0494515323570672,-0.2881739926956869,-1.1692340682372686,0.0,-1.0,-1.0
5.68,10.69673768919284,0.8019916026940263,0.28899914856468883,2.0894165130608906,-0.2865007770178938,-1.1064022166629366,0.0,-1.0,-1.0
5.7,10.735439827644905,0.796132377419826,0.2620190777255296,2.1293814937647157,-0.2848275613401007,-1.043570365088602,0.0,-1.0,-1.0
5.72,10.774141966096966,0.7902731521456259,0.2350390068863716,2.1693464744685396,-0.2831543456623076,-0.9807385135142701,0.0,-1.0,-1.0
5.74,10.81284410454903,0.7844139268714255,0.20805893604721243,2.2093114551723647,-0.28148112998451447,-0.9179066619399353,0.0,-1.0,-1.0
5.76,10.854128052964729,0.7786627943532374,0.18513791634661259,2.2492694474914203,-0.2796567222529884,-0.8550748101014228,0.0,-1.0,-1.0
5.78,10.898765917436874,0.7730520803922161,0.16748983190433264,2.2892183615064154,-0.2776359075574469,-0.7922429579197221,0.0,-1.0,-1.0
5.8,10.943403781909018,0.7674413664311951,0.1498417474620535,2.329167275521409,-0.27561509286190544,-0.7294111057380241,0.0,-1.0,-1.0
5.82,10.988041646381161,0.7618306524701739,0.13219366301977356,2.3691161895364035,-0.273594278166364,-0.6665792535563233,0.0,-1.0,-1.0
5.84,11.032679510853304,0.7562199385091528,0.11454557857749442,2.409065103551397,-0.27157346347082256,-0.6037474013746253,0.0,-1.0,-1.0
5.86,11.07731737532545,0.7506092245481316,0.09689749413521448,2.449014017566392,-0.26955264877528107,-0.5409155491929246,0.0,-1.0,-1.0
5.88,11.121955239797591,0.7449985105871105,0.07924940969293533,2.4889629315813853,-0.2675318340797397,-0.47808369701122666,0.0,-1.0,-1.0
5.9,11.166645330184094,0.739390438472503,0.061683466430504985,2.528838855901687,-0.26531358638302255,-0.4153120506742297,0.0,-1.0,-1.0
5.92,11.2172165344006,0.7340798623361184,0.053367368475312635,2.5604954755300864,-0.24086258377869005,-0.3593201310360903,0.0,-1.0,-1.0
5.94,11.26778773861711,0.7287692861997338,0.04505127052011991,2.592152095158487,-0.21641158117435647,-0.3033282113979484,0.0,-1.0,-1.0
5.96,11.318358942833619,0.7234587100633493,0.03673517256492756,2.623808714786886,-0.19196057857002397,-0.24733629175980898,0.0,-1.0,-1.0
5.98,11.36893014705013,0.7181481339269646,0.028419074609734835,2.655465334415287,-0.16750957596569038,-0.1913443721216671,0.0,-1.0,-1.0
6.0,11.419501351266636,0.7128375577905801,0.020102976654542484,2.687121954043686,-0.14305857336135788,-0.13535245248352767,0.0,-1.0,-1.0
6.0200000000000005,11.470072555483146,0.7075269816541955,0.01178687869934976,2.7187785736720866,-0.1186075707570243,-0.0793605328453858,0.0,-1.0,-1.0
6.04,11.520643759699654,0.702216405517811,0.003470780744157409,2.750435193300486,-0.0941565681526918,-0.02336861320724637,0.0,-1.0,-1.0
6.0600000000000005,11.57395440139901,0.6990217214938306,7.653883206278839e-22,2.766516385010063,-0.06988639271256322,-1.9272967064178132e-20,0.0,-1.0,-1.0
6.08,11.629227347412234,0.6973426859363164,5.068752595094879e-22,2.7714406404555825,-0.04574574675672171,-1.6036096977061598e-20,0.0,-1.0,-1.0
6.1000000000000005,11.68450029342546,0.6956636503788023,2.4836219839108024e-22,2.7763648959011022,-0.021605100800879115,-1.2799226889944924e-20,0.0,-1.0,-1.0
6.12,11.739773239438684,0.6939846148212883,-1.0150862727315773e-23,2.7812891513466216,0.002535545154962404,-9.562356802828392e-21,0.0,-1.0,-1.0
6.140000000000001,11.795046185451909,0.6923055792637741,-2.6866392384572345e-22,2.7862134067921414,0.026676191110804992,-6.325486715711717e-21,0.0,-1.0,-1.0
6.16,11.850319131465131,0.6906265437062601,-5.271769849641195e-22,2.7911376622376607,0.05081683706664651,-3.0886166285951868e-21,0.0,-1.0,-1.0
6.18,11.905592077478355,0.688947508148746,-7.856900460825157e-22,2.7960619176831805,0.07495748302248804,1.4825345852134382e-22,0.0,-1.0,-1.0
6.2,11.96086502349158,0.6872684725912318,-1.0442031072009233e-21,2.8009861731287,0.09909812897833063,3.385123545638019e-21,0.0,-1.0,-1.0
6.22,12.016337805802841,0.686569113529673,-1.2075322873082653e-21,2.798608668590776,0.12302928894404468,5.687505618887142e-21,0.0,-1.0,-1.0
6.24,12.07243205125109,0.6889164123294976,-1.0748528150118654e-21,2.7735237044502776,0.1463089765703633,5.083759735027485e-21,0.0,-1.0,-1.0
6.26,12.128526296699334,0.6912637111293221,-9.421733427154712e-22,2.7484387403097807,0.1695886641966809,4.480013851167855e-21,0.0,-1.0,-1.0
6.28,12.184620542147583,0.6936110099291467,-8.094938704190713e-22,2.723353776169282,0.19286835182299952,3.876267967308198e-21,0.0,-1.0,-1.0
6.3,12.240714787595827,0.6959583087289712,-6.768143981226771e-22,2.698268812028785,0.2161480394493171,3.2725220834485678e-21,0.0,-1.0,-1.0
6.32,12.296809033044076,0.6983056075287958,-5.441349258262771e-22,2.673183847888287,0.23942772707563575,2.6687761995889108e-21,0.0,-1.0,-1.0
6.34,12.35290327849232,0.7006529063286203,-4.1145545352988293e-22,2.6480988837477897,0.26270741470195336,2.065030315729281e-21,0.0,-1.0,-1.0
6.36,12.408997523940569,0.703000205128445,-2.7877598123348287e-22,2.6230139196072915,0.28598710232827196,1.4612844318696234e-21,0.0,-1.0,-1.0
6.38,12.465091769388813,0.7053475039282695,-1.4609650893708873e-22,2.5979289554667946,0.30926678995458956,8.575385480099931e-22,0.0,-1.0,-1.0
6.4,12.517403865950662,0.711204763680737,-1.1890195788155571e-22,2.559384950246858,0.31018415563645396,7.128990482055646e-22,0.0,-1.0,-1.0
6.42,12.56931427749669,0.7174348005932619,-1.0291048569203166e-22,2.5194115208315027,0.3087265197216568,6.170191717478181e-22,0.0,-1.0,-1.0
6.44,12.62122468904272,0.7236648375057871,-8.691901350250688e-23,2.479438091416145,0.3072688838068596,5.211392952900673e-22,0.0,-1.0,-1.0
6.46,12.673135100588748,0.729894874418312,-7.092754131298283e-23,2.4394646620007894,0.3058112478920625,4.252594188323209e-22,0.0,-1.0,-1.0
6.48,12.725045512134779,0.7361249113308371,-5.493606912345805e-23,2.399491232585432,0.30435361197726524,3.2937954237457004e-22,0.0,-1.0,-1.0
6.5,12.776955923680806,0.7423549482433621,-3.8944596933934e-23,2.3595178031700765,0.3028959760624681,2.334996659168235e-22,0.0,-1.0,-1.0
6.5200000000000005,12.828866335226836,0.7485849851558872,-2.2953124744409237e-23,2.3195443737547192,0.3014383401476709,1.3761978945907276e-22,0.0,-1.0,-1.0
6.54,12.880776746772863,0.7548150220684121,-6.961652554885181e-24,2.2795709443393632,0.2999807042328737,4.1739913001326236e-23,0.0,-1.0,-1.0
6.5600000000000005,12.928922519537593,0.7609077809746687,-6.088258277099766e-30,2.2395996351093563,0.2984668325943455,5.291355995697381e-29,0.0,-1.0,-1.0
6.58,12.974165901852917,0.7668947038638582,-4.9375444147433035e-30,2.1996299604600025,0.2969096053945126,4.505902164627346e-29,0.0,-1.0,-1.0
6.6000000000000005,13.019409284168242,0.7728816267530481,-3.7868305523867896e-30,2.1596602858106464,0.2953523781946797,3.720448333557276e-29,0.0,-1.0,-1.0
6.62,13.064652666483564,0.7788685496422375,-2.636116690030327e-30,2.1196906111612925,0.2937951509948469,2.934994502487241e-29,0.0,-1.0,-1.0
6.640000000000001,13.10989604879889,0.7848554725314274,-1.4854028276738136e-30,2.079720936511937,0.29223792379501395,2.1495406714171708e-29,0.0,-1.0,-1.0
6.66,13.155139431114211,0.7908423954206169,-3.3468896531735083e-31,2.039751261862583,0.29068069659518114,1.3640868403471354e-29,0.0,-1.0,-1.0
6.68,13.200382813429533,0.7968293183098064,8.160248970391126e-31,1.9997815872132292,0.2891234693953483,5.786330092771005e-30,0.0,-1.0,-1.0
6.7,13.245626195744858,0.8028162411989962,1.966738759395625e-30,1.9598119125638733,0.2875662421955154,-2.0682082179296962e-30,0.0,-1.0,-1.0
6.72,13.289367377140973,0.8087446380143178,2.821408656891221e-30,1.9198426749126873,0.28599796950443407,-8.513687824696938e-30,0.0,-1.0,-1.0
6.74,13.327944356469953,0.8144718363962042,2.6583512745336306e-30,1.8798749395551104,0.2843917250959822,-1.0115165688070309e-29,0.0,-1.0,-1.0
6.76,13.366521335798929,0.8201990347780903,2.495293892176047e-30,1.839907204197535,0.28278548068753045,-1.171664355144361e-29,0.0,-1.0,-1.0
6.78,13.405098315127907,0.8259262331599767,2.3322365098184566e-30,1.799939468839958,0.2811792362790786,-1.331812141481698e-29,0.0,-1.0,-1.0
6.8,13.443675294456884,0.8316534315418628,2.1691791274608735e-30,1.7599717334823826,0.2795729918706268,-1.4919599278190282e-29,0.0,-1.0,-1.0
6.82,13.482252273785862,0.8373806299237491,2.0061217451032827e-30,1.7200039981248056,0.2779667474621749,-1.652107714156365e-29,0.0,-1.0,-1.0
6.84,13.52082925311484,0.8431078283056352,1.8430643627456996e-30,1.6800362627672303,0.27636050305372317,-1.8122555004936953e-29,0.0,-1.0,-1.0
6.86,13.559406232443818,0.8488350266875215,1.6800069803881087e-30,1.6400685274096531,0.2747542586452713,-1.9724032868310323e-29,0.0,-1.0,-1.0
6.88,13.597983211772796,0.8545622250694076,1.5169495980305254e-30,1.600100792052078,0.2731480142368195,-2.1325510731683622e-29,0.0,-1.0,-1.0
6.9,13.630653958018863,0.8600520606440304,1.1172355486023589e-30,1.5601341048910666,0.27151591607358444,1.6959367186928218e-22,0.0,-1.0,-1.0
6.92,13.662564857809224,0.8655113591089109,6.870752355120018e-31,1.5201675525822436,0.2698804917829069,3.6100586868423192e-22,0.0,-1.0,-1.0
6.94,13.694475757599585,0.8709706575737914,2.569149224216254e-31,1.480201000273419,0.2682450674922293,5.524180654991901e-22,0.0,-1.0,-1.0
6.96,13.726386657389947,0.8764299560386719,-1.7324539066873208e-31,1.4402344479645959,0.2666096432015518,7.438302623141399e-22,0.0,-1.0,-1.0
6.98,13.758297557180308,0.8818892545035525,-6.034057037591085e-31,1.4002678956557713,0.2649742189108742,9.352424591290982e-22,0.0,-1.0,-1.0
7.0,13.790208456970667,0.887348552968433,-1.0335660168494656e-30,1.3603013433469482,0.26333879462019666,1.1266546559440479e-21,0.0,-1.0,-1.0
7.0200000000000005,13.82211935676103,0.8928078514333135,-1.463726329939842e-30,1.3203347910381233,0.26170337032951907,1.3180668527590063e-21,0.0,-1.0,-1.0
7.04,13.85403025655139,0.898267149898194,-1.8938866430301994e-30,1.2803682387293005,0.2600679460388416,1.509479049573956e-21,0.0,-1.0,-1.0
7.0600000000000005,13.882297005618751,0.9035773303564666,1.7452964095768492e-23,1.2404021219622325,0.25842193790468704,1.3869636051136086e-21,0.0,-1.0,-1.0
7.08,13.90754202318708,0.9087638620932974,4.937793807603168e-23,1.200436366346597,0.2567671536425275,1.004139212378946e-21,0.0,-1.0,-1.0
7.1000000000000005,13.93278704075541,0.9139503938301283,8.130291205629629e-23,1.1604706107309595,0.25511236938036785,6.213148196442666e-22,0.0,-1.0,-1.0
7.12,13.958032058323742,0.9191369255669591,1.1322788603655947e-22,1.1205048551153236,0.2534575851182083,2.384904269096039e-22,0.0,-1.0,-1.0
7.140000000000001,13.983277075892072,0.9243234573037901,1.4515286001682406e-22,1.0805390994996862,0.2518028008560487,-1.4433396582507576e-22,0.0,-1.0,-1.0
7.16,14.008522093460401,0.9295099890406209,1.7707783399708724e-22,1.0405733438840505,0.25014801659388913,-5.271583585597383e-22,0.0,-1.0,-1.0
7.18,14.03376711102873,0.9346965207774516,2.0900280797735044e-22,1.0006075882684147,0.2484932323317296,-9.099827512944008e-22,0.0,-1.0,-1.0
7.2,14.059012128597061,0.9398830525142826,2.4092778195761506e-22,0.9606418326527772,0.24683844806956995,-1.2928071440290803e-21,0.0,-1.0,-1.0
7.22,14.082874930530874,0.9450123535383774,2.596127745390095e-22,0.921160417244999,0.24271416256103945,-1.5565573323839536e-21,0.0,-1.0,-1.0
7.24,14.101454198754858,0.9499228895648656,2.2768779983924925e-22,0.8835303973440671,0.22915018272708576,-1.3651451299362576e-21,0.0,-1.0,-1.0
7.26,14.120033466978843,0.9548334255913535,1.9576282513949043e-22,0.845900377443137,0.21558620289313266,-1.1737329274885703e-21,0.0,-1.0,-1.0
7.28,14.138612735202827,0.9597439616178417,1.638378504397302e-22,0.808270357542205,0.20202222305917894,-9.823207250408745e-22,0.0,-1.0,-1.0
7.3,14.157192003426811,0.9646544976443296,1.3191287573997136e-22,0.7706403376412748,0.18845824322522586,-7.909085225931871e-22,0.0,-1.0,-1.0
7.32,14.175771271650795,0.9695650336708177,9.998790104021113e-23,0.733010317740343,0.17489426339127218,-5.9949632014549135e-22,0.0,-1.0,-1.0
7.34,14.19435053987478,0.9744755696973056,6.806292634045231e-23,0.6953802978394128,0.16133028355731907,-4.08084117697804e-22,0.0,-1.0,-1.0
7.36,14.212929808098766,0.9793861057237938,3.6137951640692055e-23,0.6577502779384808,0.14776630372336536,-2.1667191525010803e-22,0.0,-1.0,-1.0
7.38,14.231509076322748,0.9842966417502818,4.212976940933235e-24,0.6201202580375507,0.13420232388941228,-2.5259712802420702e-23,0.0,-1.0,-1.0
7.4,14.24464040167397,0.9872434321434362,-7.517289697611263e-30,0.5855665465320322,0.11424276972728671,1.432257647816944e-22,0.0,-1.0,-1.0
7.42,14.256943489787794,0.9898916791604424,-6.85867052658146e-30,0.5514805185588681,0.09331091226888497,3.0822574927106855e-22,0.0,-1.0,-1.0
7.44,14.269246577901619,0.9925399261774486,-6.2000513555516294e-30,0.5173944905857026,0.07237905481048229,4.732257337604501e-22,0.0,-1.0,-1.0
7.46,14.281549666015444,0.9951881731944546,-5.541432184521827e-30,0.48330846261253857,0.051447197352080545,6.382257182498242e-22,0.0,-1.0,-1.0
7.48,14.293852754129269,0.9978364202114609,-4.882813013491996e-30,0.44922243463937306,0.030515339893677884,8.032257027392057e-22,0.0,-1.0,-1.0
7.5,14.306155842243093,1.000484667228467,-4.224193842462194e-30,0.415136406666209,0.009583482435276139,9.682256872285797e-22,0.0,-1.0,-1.0
7.5200000000000005,14.318458930356918,1.0031329142454732,-3.565574671432363e-30,0.3810503786930435,-0.01134837502312655,1.1332256717179611e-21,0.0,-1.0,-1.0
7.54,14.330762018470743,1.0057811612624792,-2.906955500402561e-30,0.3469643507198794,-0.03228023248152828,1.2982256562073353e-21,0.0,-1.0,-1.0
7.5600000000000005,14.34005934967255,1.006583605791543,1.4549943091520313e-23,0.30992102941171845,-0.039473248473959575,1.3302921078554483e-21,0.0,-1.0,-1.0
7.58,14.34667734776084,1.0057407011218114,4.2069717153308906e-23,0.2702415754452043,-0.03441945477462814,1.2438615463170438e-21,0.0,-1.0,-1.0
7.6000000000000005,14.353295345849128,1.0048977964520796,6.958949121509872e-23,0.23056212147868835,-0.029365661075296486,1.1574309847786354e-21,0.0,-1.0,-1.0
7.62,14.359913343937418,1.0040548917823477,9.710926527688731e-23,0.1908826675121742,-0.02431186737596505,1.0710004232402309e-21,0.0,-1.0,-1.0
7.640000000000001,14.366531342025706,1.003211987112616,1.2462903933867714e-22,0.15120321354565827,-0.019258073676633396,9.845698617018226e-22,0.0,-1.0,-1.0
7.66,14.373149340113995,1.0023690824428841,1.5214881340046573e-22,0.11152375957914412,-0.014204279977301965,8.981393001634181e-22,0.0,-1.0,-1.0
7.68,14.379767338202283,1.0015261777731526,1.796685874622543e-22,0.07184430561262994,-0.009150486277970528,8.117087386250136e-22,0.0,-1.0,-1.0
7.7,14.386385336290573,1.0006832731034208,2.0718836152404412e-22,0.032164851646114045,-0.004096692578638872,7.252781770866053e-22,0.0,-1.0,-1.0
7.72,14.391750000015774,0.9999999999802826,7.155855252365119e-22,-0.004732236731424127,0.0059153378671771735,4.048463332761709e-22,1.0,2.0,7.0
7.74,14.391750000099064,0.9999999998761685,8.81661975670149e-22,-0.02971992889890376,0.03715017460096298,-5.855462687871178e-21,0.0,-1.0,-1.0
7.76,14.391750000182356,0.9999999997720543,1.047738426103779e-21,-0.05470762106638228,0.0683850113347474,-1.2115771709018249e-20,0.0,-1.0,-1.0
7.78,14.391750000265647,0.9999999996679403,1.213814876537416e-21,-0.07969531323386192,0.0996198480685332,-1.83760807301656e-20,0.0,-1.0,-1.0
7.8,14.391750000348937,0.9999999995638261,1.3798913269710458e-21,-0.10468300540134044,0.13085468480231766,-2.4636389751312668e-20,0.0,-1.0,-1.0
7.82,14.391750000432229,0.9999999994597121,1.545967777404683e-21,-0.12967069756882008,0.16208952153610345,-3.0896698772460015e-20,0.0,-1.0,-1.0
7.84,14.391750000515518,0.999999999355598,1.712044227838313e-21,-0.1546583897362986,0.19332435826988786,-3.715700779360709e-20,0.0,-1.0,-1.0
7.86,14.39175000059881,0.9999999992514839,1.87812067827195e-21,-0.17964608190377823,0.2245591950036737,-4.341731681475444e-20,0.0,-1.0,-1.0
7.88,14.3917500006821,0.9999999991473698,2.0441971287055798e-21,-0.20463377407125677,0.25579403173745807,-4.967762583590151e-20,0.0,-1.0,-1.0
7.9,14.38826793359448,1.0043526138766092,1.5449824410573829e-21,-0.20558036944864977,0.29418380527968196,-4.3740726098484396e-20,0.0,-1.0,-1.0
7.92,14.384092244175942,1.009572262668697,9.132427999012451e-22,-0.20173801597039936,0.3339988310364828,-3.5374161465310507e-20,0.0,-1.0,-1.0
7.94,14.379916554757404,1.014791911460785,2.815031587450791e-22,-0.1978956624921488,0.37381385679328544,-2.7007596832136248e-20,0.0,-1.0,-1.0
7.96,14.375740865338864,1.0200115602528728,-3.502364824110591e-22,-0.19405330901389836,0.4136288825500863,-1.8641032198962362e-20,0.0,-1.0,-1.0
7.98,14.371565175920326,1.025231209044961,-9.81976123567225e-22,-0.1902109555356478,0.4534439083068889,-1.02744675657881e-20,0.0,-1.0,-1.0
8.0,14.367389486501787,1.0304508578370486,-1.6137157647233633e-21,-0.1863686020573974,0.4932589340636897,-1.9079029326142117e-21,0.0,-1.0,-1.0
8.02,14.36321379708325,1.0356705066291365,-2.245455405879501e-21,-0.18252624857914698,0.5330739598204906,6.458661700559671e-21,0.0,-1.0,-1.0
8.040000000000001,14.35903810766471,1.0408901554212246,-2.8771950470356953e-21,-0.17868389510089622,0.572888985577295,1.4825226333734306e-20,0.0,-1.0,-1.0
8.06,14.355169595152107,1.049292816003084,-3.0231099607948932e-21,-0.17429685952961874,0.6126435627944893,1.8090555024442614e-20,0.0,-1.0,-1.0
8.08,14.351636000848792,1.0611659477960595,-2.6393250677555537e-21,-0.16931595134714478,0.6523322323335742,1.579395254784329e-20,0.0,-1.0,-1.0
8.1,14.348102406545477,1.0730390795890348,-2.2555401747162143e-21,-0.1643350431646708,0.6920209018726591,1.3497350071243966e-20,0.0,-1.0,-1.0
8.120000000000001,14.344568812242162,1.0849122113820113,-1.871755281676841e-21,-0.15935413498219636,0.7317095714117475,1.1200747594644437e-20,0.0,-1.0,-1.0
8.14,14.341035217938847,1.0967853431749868,-1.4879703886375015e-21,-0.15437322679972237,0.7713982409508325,8.904145118045111e-21,0.0,-1.0,-1.0
8.16,14.337501623635532,1.1086584749679622,-1.104185495598162e-21,-0.1493923186172484,0.8110869104899174,6.607542641445785e-21,0.0,-1.0,-1.0
8.18,14.333968029332217,1.1205316067609377,-7.204006025588226e-22,-0.1444114104347744,0.8507755800290023,4.310940164846461e-21,0.0,-1.0,-1.0
8.2,14.330434435028902,1.132404738553913,-3.3661570951948314e-22,-0.13943050225230041,0.8904642495680872,2.014337688247135e-21,0.0,-1.0,-1.0
8.22,14.327003142036476,1.1450930234821368,-1.4414074361467132e-29,-0.13442294018160938,0.9301494999714035,-1.6777491006008613e-28,0.0,-1.0,-1.0
8.24,14.324301906554766,1.1635985229073509,-1.7842024130856904e-29,-0.12922516675279433,0.9698103502401632,-1.3829887484645388e-28,0.0,-1.0,-1.0
8.26,14.321600671073055,1.1821040223325647,-2.1269973900246677e-29,-0.12402739332397925,1.0094712005089228,-1.0882283963282163e-28,0.0,-1.0,-1.0
8.28,14.318899435591344,1.2006095217577788,-2.469792366963645e-29,-0.11882961989516416,1.0491320507776825,-7.934680441918938e-29,0.0,-1.0,-1.0
8.3,14.316198200109634,1.2191150211829944,-2.8125873439026524e-29,-0.11363184646634863,1.0887929010464457,-4.9870769205554506e-29,0.0,-1.0,-1.0
8.32,14.313496964627923,1.2376205206082083,-3.15538232084163e-29,-0.10843407303753355,1.128453751315205,-2.0394733991922254e-29,0.0,-1.0,-1.0
8.34,14.310795729146212,1.256126020033422,-3.4981772977806075e-29,-0.10323629960871848,1.1681146015839647,9.081301221709997e-30,0.0,-1.0,-1.0
8.36,14.308094493664502,1.2746315194586362,-3.840972274719585e-29,-0.09803852617990341,1.2077754518527244,3.8557336435342226e-29,0.0,-1.0,-1.0
8.38,14.305393258182791,1.2931370188838518,-4.183767251658593e-29,-0.09284075275108787,1.2474363021214876,6.803337164897712e-29,0.0,-1.0,-1.0
8.4,14.303358596779146,1.3167287143630586,-4.148555284076182e-29,-0.08180448251123652,1.2714769982146932,9.534919402764247e-29,0.0,-1.0,-1.0
8.42,14.301525960437928,1.341861932546407,-3.998777090355988e-29,-0.06899868248984949,1.2907835428815289,1.2201029977809903e-28,0.0,-1.0,-1.0
8.44,14.299693324096712,1.3669951507297553,-3.848998896635794e-29,-0.05619288246846244,1.3100900875483648,1.4867140552855558e-28,0.0,-1.0,-1.0
8.46,14.297860687755493,1.3921283689131059,-3.699220702915587e-29,-0.04338708244707427,1.3293966322152022,1.753325112790145e-28,0.0,-1.0,-1.0
8.48,14.296028051414277,1.4172615870964542,-3.549442509195393e-29,-0.03058128242568723,1.3487031768820381,2.0199361702947105e-28,0.0,-1.0,-1.0
8.5,14.294195415073059,1.4423948052798026,-3.3996643154751994e-29,-0.017775482404300186,1.3680097215488738,2.2865472277992764e-28,0.0,-1.0,-1.0
8.52,14.292362778731842,1.467528023463151,-3.2498861217550056e-29,-0.004969682382913149,1.3873162662157097,2.553158285303842e-28,0.0,-1.0,-1.0
8.540000000000001,14.290530142390624,1.4926612416465015,-3.1001079280347984e-29,0.007836117638475026,1.4066228108825471,2.819769342808431e-28,0.0,-1.0,-1.0
8.56,14.289579005226853,1.5191234438226289,-2.766805508719114e-29,0.018804929725708252,1.4136758200196293,2.95748132277215e-28,0.0,-1.0,-1.0
8.58,14.289886344212427,1.5474829757984458,-2.1714939274577697e-29,0.02715115796838248,1.4032350156582223,2.911169971906046e-28,0.0,-1.0,-1.0
8.6,14.290193683198,1.5758425077742628,-1.576182346196425e-29,0.035497386211056706,1.3927942112968155,2.8648586210399416e-28,0.0,-1.0,-1.0
8.620000000000001,14.290501022183573,1.6042020397500822,-9.808707649350275e-30,0.04384361445373168,1.3823534069354075,2.8185472701738334e-28,0.0,-1.0,-1.0
8.64,14.290808361169145,1.6325615717258992,-3.855591836736831e-30,0.052189842696405905,1.3719126025740005,2.772235919307729e-28,0.0,-1.0,-1.0
8.66,14.291115700154718,1.6609211037017162,2.097523975876619e-30,0.06053607093908014,1.3614717982125937,2.7259245684416255e-28,0.0,-1.0,-1.0
8.68,14.291423039140291,1.689280635677533,8.050639788490063e-30,0.06888229918175436,1.3510309938511866,2.6796132175755213e-28,0.0,-1.0,-1.0
8.700000000000001,14.291730378125864,1.7176401676533526,1.4003755601104035e-29,0.07722852742442933,1.3405901894897787,2.633301866709413e-28,0.0,-1.0,-1.0
8.72,14.292116418950238,1.7459012467139228,1.991320152637277e-29,0.08523942702405601,1.3284855058645613,2.5529133110992574e-28,0.0,-1.0,-1.0
8.74,14.293818494889477,1.7725160174340635,2.5092409047009465e-29,0.08764303363037677,1.288557793306058,1.902693113145108e-28,0.0,-1.0,-1.0
8.76,14.295520570828716,1.7991307881542042,3.027161656764616e-29,0.09004664023669753,1.2486300807475543,1.2524729151909587e-28,0.0,-1.0,-1.0
8.78,14.297222646767954,1.825745558874345,3.545082408828285e-29,0.0924502468430183,1.208702368189051,6.022527172368093e-29,0.0,-1.0,-1.0
8.8,14.298924722707193,1.8523603295944882,4.0630031608920005e-29,0.09485385344933926,1.1687746556305438,-4.796748071739828e-30,0.0,-1.0,-1.0
8.82,14.300626798646432,1.8789751003146289,4.5809239129556696e-29,0.09725746005566002,1.1288469430720405,-6.981876786715477e-29,0.0,-1.0,-1.0
8.84,14.30232887458567,1.9055898710347696,5.098844665019339e-29,0.09966106666198078,1.088919230513537,-1.3484078766256972e-28,0.0,-1.0,-1.0
8.86,14.30403095052491,1.9322046417549106,5.616765417083008e-29,0.10206467326830154,1.0489915179550335,-1.9986280745798467e-28,0.0,-1.0,-1.0
8.88,14.305733026464148,1.9588194124750538,6.134686169146723e-29,0.10446827987462251,1.0090638053965264,-2.648848272534054e-28,0.0,-1.0,-1.0
8.9,14.307716644482248,1.9807573233595217,5.89098334363683e-29,0.10234352606872349,0.9692299976147503,-2.6793815273160733e-28,0.0,-1.0,-1.0
8.92,14.30982038676207,2.000699780004192,5.322322095082676e-29,0.09828667758789446,0.9294362557514413,-2.4455158089519584e-28,0.0,-1.0,-1.0
8.94,14.311924129041891,2.020642236648862,4.7536608465285207e-29,0.09422982910706544,0.8896425138881321,-2.211650090587844e-28,0.0,-1.0,-1.0
8.96,14.314027871321713,2.0405846932935336,4.184999597974315e-29,0.09017298062623605,0.8498487720248196,-1.9777843722237085e-28,0.0,-1.0,-1.0
8.98,14.316131613601536,2.0605271499382036,3.61633834942016e-29,0.08611613214540703,0.8100550301615105,-1.7439186538595936e-28,0.0,-1.0,-1.0
9.0,14.318235355881358,2.0804696065828736,3.0476771008660043e-29,0.08205928366457801,0.7702612882982014,-1.510052935495479e-28,0.0,-1.0,-1.0
9.02,14.32033909816118,2.1004120632275436,2.4790158523118494e-29,0.07800243518374898,0.7304675464348922,-1.2761872171313643e-28,0.0,-1.0,-1.0
9.040000000000001,14.322442840441003,2.1203545198722153,1.910354603757644e-29,0.07394558670291959,0.6906738045715797,-1.0423214987672288e-28,0.0,-1.0,-1.0
9.06,14.324312393536314,2.1379998081607963,1.4766967257532982e-29,0.0698313622125822,0.6508860329069717,-8.537685823684268e-29,0.0,-1.0,-1.0
9.08,14.325738196473104,2.1512923385528375,1.2988481294945974e-29,0.0656084195789718,0.611109573791342,-7.510760061775949e-29,0.0,-1.0,-1.0
9.1,14.327163999409894,2.1645848689448792,1.1209995332358966e-29,0.06138547694536142,0.5713331146757125,-6.483834299867629e-29,0.0,-1.0,-1.0
9.120000000000001,14.328589802346684,2.177877399336922,9.4315093697718e-30,0.057162534311750654,0.5315566555600794,-5.456908537959218e-29,0.0,-1.0,-1.0
9.14,14.330015605283474,2.191169929728963,7.653023407184792e-30,0.052939591678140274,0.4917801964444498,-4.429982776050899e-29,0.0,-1.0,-1.0
9.16,14.331441408220263,2.2044624601210048,5.8745374445977834e-30,0.04871664904452988,0.45200373732882027,-3.40305701414258e-29,0.0,-1.0,-1.0
9.18,14.332867211157053,2.217754990513046,4.096051482010776e-30,0.0444937064109195,0.4122272782131907,-2.376131252234261e-29,0.0,-1.0,-1.0
9.200000000000001,14.334293014093843,2.231047520905089,2.3175655194236094e-30,0.04027076377730874,0.3724508190975576,-1.349205490325851e-29,0.0,-1.0,-1.0
9.22,14.335718817030633,2.2443400512971303,5.390795568366023e-31,0.03604782114369835,0.332674359981928,-3.2227972841753066e-30,0.0,-1.0,-1.0
9.24,14.33644601678197,2.2510523452390947,4.594496825670477e-31,0.03173950071133243,0.2929070585707421,-2.7499852979106455e-30,0.0,-1.0,-1.0
9.26,14.337166124406693,2.2576978374958876,3.970663693327339e-31,0.027430313534910072,0.2531398501273536,-2.3766255246360474e-30,0.0,-1.0,-1.0
9.28,14.337886232031414,2.264343329752681,3.3468305609842024e-31,0.02312112635848771,0.2133726416839651,-2.0032657513614496e-30,0.0,-1.0,-1.0
9.3,14.338606339656137,2.2709888220094747,2.7229974286410095e-31,0.01881193918206497,0.17360543324057306,-1.629905978086818e-30,0.0,-1.0,-1.0
9.32,14.339326447280857,2.277634314266268,2.099164296297872e-31,0.014502752005642612,0.13383822479718455,-1.25654620481222e-30,0.0,-1.0,-1.0
9.34,14.34004655490558,2.284279806523061,1.4753311639547341e-31,0.010193564829220254,0.09407101635379603,-8.831864315376222e-31,0.0,-1.0,-1.0
9.36,14.340766662530301,2.2909252987798543,8.514980316115964e-32,0.005884377652797892,0.05430380791040751,-5.098266582630241e-31,0.0,-1.0,-1.0
9.38,14.341486770155024,2.297570791036648,2.2766489926840356e-32,0.0015751904763751517,0.014536599467015465,-1.3646688498839265e-31,5.0,-1.0,-1.0
